"0425405074069149,https://beeg.link/-0425405074069149,<div style="position: relative; width: 100%; padding-top: calc(100% / (1920/1080) + 24px);"><iframe id="beeg-embed-iframe" src="" style="position: absolute; top: 0; left: 0; width: 100%; height: 100%;color-scheme: auto;background-color: transparent;" frameborder="0" allowfullscreen referrerpolicy="unsafe-url"></iframe><script>var embedUrl = "https://beeg.link/embed/0425405074069149?utm_campaign=LUX1058150401";var referrer = document.referrer;if (referrer && referrer.replace(/^https?:\/\//i, '').split(/[\/?#]/)[0] === window.location.host) {var sep = embedUrl.indexOf('?') === -1 ? '?' : '&';embedUrl = embedUrl + sep + 'utm_source=' + encodeURIComponent(referrer);}document.getElementById('beeg-embed-iframe').src = embedUrl;</script></div>,https://beeg.link/embed/0425405074069149,1.77778,https://thumbs.externulls.com/videos/425405074069149/0.jpg,Finally Hooked Up with My Sexy Trans Coworker after Months of Teasing,304,1080p,2026-09-11,,Yasmin Mineira,Blowjob"
"0640350801305125,https://beeg.link/-0640350801305125,<div style="position: relative; width: 100%; padding-top: calc(100% / (1920/1080) + 24px);"><iframe id="beeg-embed-iframe" src="" style="position: absolute; top: 0; left: 0; width: 100%; height: 100%;color-scheme: auto;background-color: transparent;" frameborder="0" allowfullscreen referrerpolicy="unsafe-url"></iframe><script>var embedUrl = "https://beeg.link/embed/0640350801305125?utm_campaign=LUX1058150401";var referrer = document.referrer;if (referrer && referrer.replace(/^https?:\/\//i, '').split(/[\/?#]/)[0] === window.location.host) {var sep = embedUrl.indexOf('?') === -1 ? '?' : '&';embedUrl = embedUrl + sep + 'utm_source=' + encodeURIComponent(referrer);}document.getElementById('beeg-embed-iframe').src = embedUrl;</script></div>,https://beeg.link/embed/0640350801305125,1.77778,https://thumbs.externulls.com/videos/640350801305125/0.jpg,My Husband Hired a Trans Girl Who has a Big Black Dick to Fuck My Ass,617,1080p,2026-09-11,,Yasmin Mineira,Fetish;Anal;Blowjob"
"0599045889208118,https://beeg.link/-0599045889208118,<div style="position: relative; width: 100%; padding-top: calc(100% / (1920/1080) + 24px);"><iframe id="beeg-embed-iframe" src="" style="position: absolute; top: 0; left: 0; width: 100%; height: 100%;color-scheme: auto;background-color: transparent;" frameborder="0" allowfullscreen referrerpolicy="unsafe-url"></iframe><script>var embedUrl = "https://beeg.link/embed/0599045889208118?utm_campaign=LUX1058150401";var referrer = document.referrer;if (referrer && referrer.replace(/^https?:\/\//i, '').split(/[\/?#]/)[0] === window.location.host) {var sep = embedUrl.indexOf('?') === -1 ? '?' : '&';embedUrl = embedUrl + sep + 'utm_source=' + encodeURIComponent(referrer);}document.getElementById('beeg-embed-iframe').src = embedUrl;</script></div>,https://beeg.link/embed/0599045889208118,1.77778,https://thumbs.externulls.com/videos/599045889208118/0.jpg,Showing off to My Videographer, Making Him Hard,601,1080p,2026-09-11,,Yasmin Mineira,Brazilian;Latina;Female Orgasm;Big"
"0506481789950384,https://beeg.link/-0506481789950384,<div style="position: relative; width: 100%; padding-top: calc(100% / (1920/1080) + 24px);"><iframe id="beeg-embed-iframe" src="" style="position: absolute; top: 0; left: 0; width: 100%; height: 100%;color-scheme: auto;background-color: transparent;" frameborder="0" allowfullscreen referrerpolicy="unsafe-url"></iframe><script>var embedUrl = "https://beeg.link/embed/0506481789950384?utm_campaign=LUX1058150401";var referrer = document.referrer;if (referrer && referrer.replace(/^https?:\/\//i, '').split(/[\/?#]/)[0] === window.location.host) {var sep = embedUrl.indexOf('?') === -1 ? '?' : '&';embedUrl = embedUrl + sep + 'utm_source=' + encodeURIComponent(referrer);}document.getElementById('beeg-embed-iframe').src = embedUrl;</script></div>,https://beeg.link/embed/0506481789950384,1.77778,https://thumbs.externulls.com/videos/506481789950384/0.jpg,I Told My Boyfriend I was Going Out with Women and I Went to Give My Ass to M...,618,1080p,2026-09-11,,Yasmin Mineira,Anal;Big;Latina;Hardcore"
"0949709360936744,https://beeg.link/-0949709360936744,<div style="position: relative; width: 100%; padding-top: calc(100% / (1920/1080) + 24px);"><iframe id="beeg-embed-iframe" src="" style="position: absolute; top: 0; left: 0; width: 100%; height: 100%;color-scheme: auto;background-color: transparent;" frameborder="0" allowfullscreen referrerpolicy="unsafe-url"></iframe><script>var embedUrl = "https://beeg.link/embed/0949709360936744?utm_campaign=LUX1058150401";var referrer = document.referrer;if (referrer && referrer.replace(/^https?:\/\//i, '').split(/[\/?#]/)[0] === window.location.host) {var sep = embedUrl.indexOf('?') === -1 ? '?' : '&';embedUrl = embedUrl + sep + 'utm_source=' + encodeURIComponent(referrer);}document.getElementById('beeg-embed-iframe').src = embedUrl;</script></div>,https://beeg.link/embed/0949709360936744,1.77778,https://thumbs.externulls.com/videos/949709360936744/0.jpg,I Couldn't Resist that Rideshare Driver's Big Dick and Decided to Make Him Ha...,383,1080p,2026-09-11,,Yasmin Mineira,Deepthroat;Latina;Public;Blowjob;Brazilian;Blonde"
"0483053158188832,https://beeg.link/-0483053158188832,<div style="position: relative; width: 100%; padding-top: calc(100% / (1920/1080) + 24px);"><iframe id="beeg-embed-iframe" src="" style="position: absolute; top: 0; left: 0; width: 100%; height: 100%;color-scheme: auto;background-color: transparent;" frameborder="0" allowfullscreen referrerpolicy="unsafe-url"></iframe><script>var embedUrl = "https://beeg.link/embed/0483053158188832?utm_campaign=LUX1058150401";var referrer = document.referrer;if (referrer && referrer.replace(/^https?:\/\//i, '').split(/[\/?#]/)[0] === window.location.host) {var sep = embedUrl.indexOf('?') === -1 ? '?' : '&';embedUrl = embedUrl + sep + 'utm_source=' + encodeURIComponent(referrer);}document.getElementById('beeg-embed-iframe').src = embedUrl;</script></div>,https://beeg.link/embed/0483053158188832,1.77778,https://thumbs.externulls.com/videos/483053158188832/0.jpg,I Woke Up Feeling Incredibly Horny and Invited You to Play with Me,601,1080p,2026-09-11,,Yasmin Mineira,Brazilian;Female Orgasm;Latina"
"0220123486712850,https://beeg.link/-0220123486712850,<div style="position: relative; width: 100%; padding-top: calc(100% / (1920/1080) + 24px);"><iframe id="beeg-embed-iframe" src="" style="position: absolute; top: 0; left: 0; width: 100%; height: 100%;color-scheme: auto;background-color: transparent;" frameborder="0" allowfullscreen referrerpolicy="unsafe-url"></iframe><script>var embedUrl = "https://beeg.link/embed/0220123486712850?utm_campaign=LUX1058150401";var referrer = document.referrer;if (referrer && referrer.replace(/^https?:\/\//i, '').split(/[\/?#]/)[0] === window.location.host) {var sep = embedUrl.indexOf('?') === -1 ? '?' : '&';embedUrl = embedUrl + sep + 'utm_source=' + encodeURIComponent(referrer);}document.getElementById('beeg-embed-iframe').src = embedUrl;</script></div>,https://beeg.link/embed/0220123486712850,1.77778,https://thumbs.externulls.com/videos/220123486712850/0.jpg,Bbc and Bwc Double Penetrating Me,890,1080p,2026-09-11,,Yasmin Mineira,Hardcore;Latina;Interracial;Big"
"0885040930933538,https://beeg.link/-0885040930933538,<div style="position: relative; width: 100%; padding-top: calc(100% / (1920/1080) + 24px);"><iframe id="beeg-embed-iframe" src="" style="position: absolute; top: 0; left: 0; width: 100%; height: 100%;color-scheme: auto;background-color: transparent;" frameborder="0" allowfullscreen referrerpolicy="unsafe-url"></iframe><script>var embedUrl = "https://beeg.link/embed/0885040930933538?utm_campaign=LUX1058150401";var referrer = document.referrer;if (referrer && referrer.replace(/^https?:\/\//i, '').split(/[\/?#]/)[0] === window.location.host) {var sep = embedUrl.indexOf('?') === -1 ? '?' : '&';embedUrl = embedUrl + sep + 'utm_source=' + encodeURIComponent(referrer);}document.getElementById('beeg-embed-iframe').src = embedUrl;</script></div>,https://beeg.link/embed/0885040930933538,1.77778,https://thumbs.externulls.com/videos/885040930933538/0.jpg,Having Fun by Myself after a Date with a Guy Who Didn't Like Sex,437,1080p,2026-09-11,,Yasmin Mineira,Hardcore;Big;Female Orgasm;Blonde;Big"
"0541185499499757,https://beeg.link/-0541185499499757,<div style="position: relative; width: 100%; padding-top: calc(100% / (1920/1080) + 24px);"><iframe id="beeg-embed-iframe" src="" style="position: absolute; top: 0; left: 0; width: 100%; height: 100%;color-scheme: auto;background-color: transparent;" frameborder="0" allowfullscreen referrerpolicy="unsafe-url"></iframe><script>var embedUrl = "https://beeg.link/embed/0541185499499757?utm_campaign=LUX1058150401";var referrer = document.referrer;if (referrer && referrer.replace(/^https?:\/\//i, '').split(/[\/?#]/)[0] === window.location.host) {var sep = embedUrl.indexOf('?') === -1 ? '?' : '&';embedUrl = embedUrl + sep + 'utm_source=' + encodeURIComponent(referrer);}document.getElementById('beeg-embed-iframe').src = embedUrl;</script></div>,https://beeg.link/embed/0541185499499757,1.77778,https://thumbs.externulls.com/videos/541185499499757/0.jpg,My Transsexual Friend with a Big Black Dick Showed Me Why She is so Much Bett...,482,1080p,2026-09-11,,Yasmin Mineira,Latina;Big;Brazilian;Interracial;Hardcore"
"0615185510788562,https://beeg.link/-0615185510788562,<div style="position: relative; width: 100%; padding-top: calc(100% / (1920/1080) + 24px);"><iframe id="beeg-embed-iframe" src="" style="position: absolute; top: 0; left: 0; width: 100%; height: 100%;color-scheme: auto;background-color: transparent;" frameborder="0" allowfullscreen referrerpolicy="unsafe-url"></iframe><script>var embedUrl = "https://beeg.link/embed/0615185510788562?utm_campaign=LUX1058150401";var referrer = document.referrer;if (referrer && referrer.replace(/^https?:\/\//i, '').split(/[\/?#]/)[0] === window.location.host) {var sep = embedUrl.indexOf('?') === -1 ? '?' : '&';embedUrl = embedUrl + sep + 'utm_source=' + encodeURIComponent(referrer);}document.getElementById('beeg-embed-iframe').src = embedUrl;</script></div>,https://beeg.link/embed/0615185510788562,1.77778,https://thumbs.externulls.com/videos/615185510788562/0.jpg,Forest House Retreat: Blonde POV Encounter,660,1080p,2026-09-11,,Yasmin Mineira,Big;BWC;Babe;Big;Blonde;POV;Blowjob;Big"
"0881188658500349,https://beeg.link/-0881188658500349,<div style="position: relative; width: 100%; padding-top: calc(100% / (1920/1080) + 24px);"><iframe id="beeg-embed-iframe" src="" style="position: absolute; top: 0; left: 0; width: 100%; height: 100%;color-scheme: auto;background-color: transparent;" frameborder="0" allowfullscreen referrerpolicy="unsafe-url"></iframe><script>var embedUrl = "https://beeg.link/embed/0881188658500349?utm_campaign=LUX1058150401";var referrer = document.referrer;if (referrer && referrer.replace(/^https?:\/\//i, '').split(/[\/?#]/)[0] === window.location.host) {var sep = embedUrl.indexOf('?') === -1 ? '?' : '&';embedUrl = embedUrl + sep + 'utm_source=' + encodeURIComponent(referrer);}document.getElementById('beeg-embed-iframe').src = embedUrl;</script></div>,https://beeg.link/embed/0881188658500349,1.77778,https://thumbs.externulls.com/videos/881188658500349/0.jpg,Stepmother Encourages the Pizza Delivery Man to Fuck Her Stepdaughter's Ass,532,1080p,2026-09-11,,Yasmin Mineira,Latina;Hardcore;Anal"
"0548123235897236,https://beeg.link/-0548123235897236,<div style="position: relative; width: 100%; padding-top: calc(100% / (1920/1080) + 24px);"><iframe id="beeg-embed-iframe" src="" style="position: absolute; top: 0; left: 0; width: 100%; height: 100%;color-scheme: auto;background-color: transparent;" frameborder="0" allowfullscreen referrerpolicy="unsafe-url"></iframe><script>var embedUrl = "https://beeg.link/embed/0548123235897236?utm_campaign=LUX1058150401";var referrer = document.referrer;if (referrer && referrer.replace(/^https?:\/\//i, '').split(/[\/?#]/)[0] === window.location.host) {var sep = embedUrl.indexOf('?') === -1 ? '?' : '&';embedUrl = embedUrl + sep + 'utm_source=' + encodeURIComponent(referrer);}document.getElementById('beeg-embed-iframe').src = embedUrl;</script></div>,https://beeg.link/embed/0548123235897236,1.77778,https://thumbs.externulls.com/videos/548123235897236/0.jpg,Hot Blonde in Medieval Cosplay Invites You to Fuck Her Pussy,566,1080p,2026-09-11,,Yasmin Mineira,Brazilian;Latina"
"0180658433012102,https://beeg.link/-0180658433012102,<div style="position: relative; width: 100%; padding-top: calc(100% / (1920/1080) + 24px);"><iframe id="beeg-embed-iframe" src="" style="position: absolute; top: 0; left: 0; width: 100%; height: 100%;color-scheme: auto;background-color: transparent;" frameborder="0" allowfullscreen referrerpolicy="unsafe-url"></iframe><script>var embedUrl = "https://beeg.link/embed/0180658433012102?utm_campaign=LUX1058150401";var referrer = document.referrer;if (referrer && referrer.replace(/^https?:\/\//i, '').split(/[\/?#]/)[0] === window.location.host) {var sep = embedUrl.indexOf('?') === -1 ? '?' : '&';embedUrl = embedUrl + sep + 'utm_source=' + encodeURIComponent(referrer);}document.getElementById('beeg-embed-iframe').src = embedUrl;</script></div>,https://beeg.link/embed/0180658433012102,1.77778,https://thumbs.externulls.com/videos/180658433012102/0.jpg,I Sat on a Big Dick when the Guy from the App Said He Wasn't Coming to See Me,574,1080p,2026-09-11,,Yasmin Mineira,Blonde;Brazilian;Female Orgasm;Anal;Big"
"0738373693184407,https://beeg.link/-0738373693184407,<div style="position: relative; width: 100%; padding-top: calc(100% / (1920/1080) + 24px);"><iframe id="beeg-embed-iframe" src="" style="position: absolute; top: 0; left: 0; width: 100%; height: 100%;color-scheme: auto;background-color: transparent;" frameborder="0" allowfullscreen referrerpolicy="unsafe-url"></iframe><script>var embedUrl = "https://beeg.link/embed/0738373693184407?utm_campaign=LUX1058150401";var referrer = document.referrer;if (referrer && referrer.replace(/^https?:\/\//i, '').split(/[\/?#]/)[0] === window.location.host) {var sep = embedUrl.indexOf('?') === -1 ? '?' : '&';embedUrl = embedUrl + sep + 'utm_source=' + encodeURIComponent(referrer);}document.getElementById('beeg-embed-iframe').src = embedUrl;</script></div>,https://beeg.link/embed/0738373693184407,1.77778,https://thumbs.externulls.com/videos/738373693184407/0.jpg,I Sat on His Big Dick with a Spectacular View Facing the Crowded Beach,476,1080p,2026-09-11,,Yasmin Mineira,Big;Big;Blowjob;Hardcore;Blonde"
"0640740785622516,https://beeg.link/-0640740785622516,<div style="position: relative; width: 100%; padding-top: calc(100% / (1920/1080) + 24px);"><iframe id="beeg-embed-iframe" src="" style="position: absolute; top: 0; left: 0; width: 100%; height: 100%;color-scheme: auto;background-color: transparent;" frameborder="0" allowfullscreen referrerpolicy="unsafe-url"></iframe><script>var embedUrl = "https://beeg.link/embed/0640740785622516?utm_campaign=LUX1058150401";var referrer = document.referrer;if (referrer && referrer.replace(/^https?:\/\//i, '').split(/[\/?#]/)[0] === window.location.host) {var sep = embedUrl.indexOf('?') === -1 ? '?' : '&';embedUrl = embedUrl + sep + 'utm_source=' + encodeURIComponent(referrer);}document.getElementById('beeg-embed-iframe').src = embedUrl;</script></div>,https://beeg.link/embed/0640740785622516,1.77778,https://thumbs.externulls.com/videos/640740785622516/0.jpg,My Hot Wife gets Creampied by a Monster Bbc,772,1080p,2026-09-11,,Yasmin Mineira,Anal;Big;Cumshot;Blowjob;Hardcore"
"0136824606443162,https://beeg.link/-0136824606443162,<div style="position: relative; width: 100%; padding-top: calc(100% / (1920/1080) + 24px);"><iframe id="beeg-embed-iframe" src="" style="position: absolute; top: 0; left: 0; width: 100%; height: 100%;color-scheme: auto;background-color: transparent;" frameborder="0" allowfullscreen referrerpolicy="unsafe-url"></iframe><script>var embedUrl = "https://beeg.link/embed/0136824606443162?utm_campaign=LUX1058150401";var referrer = document.referrer;if (referrer && referrer.replace(/^https?:\/\//i, '').split(/[\/?#]/)[0] === window.location.host) {var sep = embedUrl.indexOf('?') === -1 ? '?' : '&';embedUrl = embedUrl + sep + 'utm_source=' + encodeURIComponent(referrer);}document.getElementById('beeg-embed-iframe').src = embedUrl;</script></div>,https://beeg.link/embed/0136824606443162,1.77778,https://thumbs.externulls.com/videos/136824606443162/0.jpg,My Best Friend was My Videographer and He was Shaking with Nerves Trying to F...,782,1080p,2026-09-11,,Yasmin Mineira,Latina;Brazilian;Public"
"0120022588400857,https://beeg.link/-0120022588400857,<div style="position: relative; width: 100%; padding-top: calc(100% / (1920/1080) + 24px);"><iframe id="beeg-embed-iframe" src="" style="position: absolute; top: 0; left: 0; width: 100%; height: 100%;color-scheme: auto;background-color: transparent;" frameborder="0" allowfullscreen referrerpolicy="unsafe-url"></iframe><script>var embedUrl = "https://beeg.link/embed/0120022588400857?utm_campaign=LUX1058150401";var referrer = document.referrer;if (referrer && referrer.replace(/^https?:\/\//i, '').split(/[\/?#]/)[0] === window.location.host) {var sep = embedUrl.indexOf('?') === -1 ? '?' : '&';embedUrl = embedUrl + sep + 'utm_source=' + encodeURIComponent(referrer);}document.getElementById('beeg-embed-iframe').src = embedUrl;</script></div>,https://beeg.link/embed/0120022588400857,1.77778,https://thumbs.externulls.com/videos/120022588400857/0.jpg,My Trans Friend Gave It to Me in the Ass and I Begged for More,315,1080p,2026-09-11,,Yasmin Mineira,"
"0734768659139228,https://beeg.link/-0734768659139228,<div style="position: relative; width: 100%; padding-top: calc(100% / (1920/1080) + 24px);"><iframe id="beeg-embed-iframe" src="" style="position: absolute; top: 0; left: 0; width: 100%; height: 100%;color-scheme: auto;background-color: transparent;" frameborder="0" allowfullscreen referrerpolicy="unsafe-url"></iframe><script>var embedUrl = "https://beeg.link/embed/0734768659139228?utm_campaign=LUX1058150401";var referrer = document.referrer;if (referrer && referrer.replace(/^https?:\/\//i, '').split(/[\/?#]/)[0] === window.location.host) {var sep = embedUrl.indexOf('?') === -1 ? '?' : '&';embedUrl = embedUrl + sep + 'utm_source=' + encodeURIComponent(referrer);}document.getElementById('beeg-embed-iframe').src = embedUrl;</script></div>,https://beeg.link/embed/0734768659139228,1.77778,https://thumbs.externulls.com/videos/734768659139228/0.jpg,Trans woman penetrates tattooed blonde in hardcore interracial sex,601,1080p,2026-09-11,,Yasmin Mineira,Hardcore;Blowjob;Anal;Ladyboy;Interracial;Brazilian"
"0469768955550880,https://beeg.link/-0469768955550880,<div style="position: relative; width: 100%; padding-top: calc(100% / (1920/1080) + 24px);"><iframe id="beeg-embed-iframe" src="" style="position: absolute; top: 0; left: 0; width: 100%; height: 100%;color-scheme: auto;background-color: transparent;" frameborder="0" allowfullscreen referrerpolicy="unsafe-url"></iframe><script>var embedUrl = "https://beeg.link/embed/0469768955550880?utm_campaign=LUX1058150401";var referrer = document.referrer;if (referrer && referrer.replace(/^https?:\/\//i, '').split(/[\/?#]/)[0] === window.location.host) {var sep = embedUrl.indexOf('?') === -1 ? '?' : '&';embedUrl = embedUrl + sep + 'utm_source=' + encodeURIComponent(referrer);}document.getElementById('beeg-embed-iframe').src = embedUrl;</script></div>,https://beeg.link/embed/0469768955550880,1.77778,https://thumbs.externulls.com/videos/469768955550880/0.jpg,I Sucked the Big Black Heavy Dick of the Black Guy Who was Twice the Size of ...,433,1080p,2026-09-11,,Yasmin Mineira,Blonde;Latina;Interracial;Brazilian;Big"
"0363158151587633,https://beeg.link/-0363158151587633,<div style="position: relative; width: 100%; padding-top: calc(100% / (1920/1080) + 24px);"><iframe id="beeg-embed-iframe" src="" style="position: absolute; top: 0; left: 0; width: 100%; height: 100%;color-scheme: auto;background-color: transparent;" frameborder="0" allowfullscreen referrerpolicy="unsafe-url"></iframe><script>var embedUrl = "https://beeg.link/embed/0363158151587633?utm_campaign=LUX1058150401";var referrer = document.referrer;if (referrer && referrer.replace(/^https?:\/\//i, '').split(/[\/?#]/)[0] === window.location.host) {var sep = embedUrl.indexOf('?') === -1 ? '?' : '&';embedUrl = embedUrl + sep + 'utm_source=' + encodeURIComponent(referrer);}document.getElementById('beeg-embed-iframe').src = embedUrl;</script></div>,https://beeg.link/embed/0363158151587633,1.77778,https://thumbs.externulls.com/videos/363158151587633/0.jpg,Having Fun with My Best Friend when What We Really Wanted was a Real Penis to...,381,1080p,2026-09-11,,Yasmin Mineira,Lesbian;Female Orgasm;Blonde"
"0385585511214882,https://beeg.link/-0385585511214882,<div style="position: relative; width: 100%; padding-top: calc(100% / (1920/1080) + 24px);"><iframe id="beeg-embed-iframe" src="" style="position: absolute; top: 0; left: 0; width: 100%; height: 100%;color-scheme: auto;background-color: transparent;" frameborder="0" allowfullscreen referrerpolicy="unsafe-url"></iframe><script>var embedUrl = "https://beeg.link/embed/0385585511214882?utm_campaign=LUX1058150401";var referrer = document.referrer;if (referrer && referrer.replace(/^https?:\/\//i, '').split(/[\/?#]/)[0] === window.location.host) {var sep = embedUrl.indexOf('?') === -1 ? '?' : '&';embedUrl = embedUrl + sep + 'utm_source=' + encodeURIComponent(referrer);}document.getElementById('beeg-embed-iframe').src = embedUrl;</script></div>,https://beeg.link/embed/0385585511214882,1.77778,https://thumbs.externulls.com/videos/385585511214882/0.jpg,My Big Black Cock Trans Friend Fucked Me in a Way My Boyfriend had Never Done...,611,1080p,2026-09-11,,Yasmin Mineira,Big;Interracial;Anal;Hardcore"
"0657215717931117,https://beeg.link/-0657215717931117,<div style="position: relative; width: 100%; padding-top: calc(100% / (1920/1080) + 24px);"><iframe id="beeg-embed-iframe" src="" style="position: absolute; top: 0; left: 0; width: 100%; height: 100%;color-scheme: auto;background-color: transparent;" frameborder="0" allowfullscreen referrerpolicy="unsafe-url"></iframe><script>var embedUrl = "https://beeg.link/embed/0657215717931117?utm_campaign=LUX1058150401";var referrer = document.referrer;if (referrer && referrer.replace(/^https?:\/\//i, '').split(/[\/?#]/)[0] === window.location.host) {var sep = embedUrl.indexOf('?') === -1 ? '?' : '&';embedUrl = embedUrl + sep + 'utm_source=' + encodeURIComponent(referrer);}document.getElementById('beeg-embed-iframe').src = embedUrl;</script></div>,https://beeg.link/embed/0657215717931117,1.77778,https://thumbs.externulls.com/videos/657215717931117/0.jpg,I Wore a Costume that got My Videographer Super Excited while He was Filming Me.,440,1080p,2026-09-11,,Yasmin Mineira,Big;Blonde;Female Orgasm;Big"
"0748446188022120,https://beeg.link/-0748446188022120,<div style="position: relative; width: 100%; padding-top: calc(100% / (1920/1080) + 24px);"><iframe id="beeg-embed-iframe" src="" style="position: absolute; top: 0; left: 0; width: 100%; height: 100%;color-scheme: auto;background-color: transparent;" frameborder="0" allowfullscreen referrerpolicy="unsafe-url"></iframe><script>var embedUrl = "https://beeg.link/embed/0748446188022120?utm_campaign=LUX1058150401";var referrer = document.referrer;if (referrer && referrer.replace(/^https?:\/\//i, '').split(/[\/?#]/)[0] === window.location.host) {var sep = embedUrl.indexOf('?') === -1 ? '?' : '&';embedUrl = embedUrl + sep + 'utm_source=' + encodeURIComponent(referrer);}document.getElementById('beeg-embed-iframe').src = embedUrl;</script></div>,https://beeg.link/embed/0748446188022120,1.77778,https://thumbs.externulls.com/videos/748446188022120/0.jpg,Friend's Footjob Ignites Intense Arousal,615,1080p,2026-09-11,,Yasmin Mineira,Feet;Footjob;Brazilian;Big;Babe;Fetish;Female Orgasm"
"0938654873701454,https://beeg.link/-0938654873701454,<div style="position: relative; width: 100%; padding-top: calc(100% / (1920/1080) + 24px);"><iframe id="beeg-embed-iframe" src="" style="position: absolute; top: 0; left: 0; width: 100%; height: 100%;color-scheme: auto;background-color: transparent;" frameborder="0" allowfullscreen referrerpolicy="unsafe-url"></iframe><script>var embedUrl = "https://beeg.link/embed/0938654873701454?utm_campaign=LUX1058150401";var referrer = document.referrer;if (referrer && referrer.replace(/^https?:\/\//i, '').split(/[\/?#]/)[0] === window.location.host) {var sep = embedUrl.indexOf('?') === -1 ? '?' : '&';embedUrl = embedUrl + sep + 'utm_source=' + encodeURIComponent(referrer);}document.getElementById('beeg-embed-iframe').src = embedUrl;</script></div>,https://beeg.link/embed/0938654873701454,1.77778,https://thumbs.externulls.com/videos/938654873701454/0.jpg,Got My Ass Pounded Hard in This Open-leg Anal Position,348,1080p,2026-09-11,,Yasmin Mineira,Big;Anal;Latina"
"0658413984511088,https://beeg.link/-0658413984511088,<div style="position: relative; width: 100%; padding-top: calc(100% / (1920/1080) + 24px);"><iframe id="beeg-embed-iframe" src="" style="position: absolute; top: 0; left: 0; width: 100%; height: 100%;color-scheme: auto;background-color: transparent;" frameborder="0" allowfullscreen referrerpolicy="unsafe-url"></iframe><script>var embedUrl = "https://beeg.link/embed/0658413984511088?utm_campaign=LUX1058150401";var referrer = document.referrer;if (referrer && referrer.replace(/^https?:\/\//i, '').split(/[\/?#]/)[0] === window.location.host) {var sep = embedUrl.indexOf('?') === -1 ? '?' : '&';embedUrl = embedUrl + sep + 'utm_source=' + encodeURIComponent(referrer);}document.getElementById('beeg-embed-iframe').src = embedUrl;</script></div>,https://beeg.link/embed/0658413984511088,1.77778,https://thumbs.externulls.com/videos/658413984511088/0.jpg,Taking a Shower and Showing off to My Best Friend.,504,1080p,2026-09-11,,Yasmin Mineira,Big;Public;Latina;Blonde;Big"
"0167670297280556,https://beeg.link/-0167670297280556,<div style="position: relative; width: 100%; padding-top: calc(100% / (1920/1080) + 24px);"><iframe id="beeg-embed-iframe" src="" style="position: absolute; top: 0; left: 0; width: 100%; height: 100%;color-scheme: auto;background-color: transparent;" frameborder="0" allowfullscreen referrerpolicy="unsafe-url"></iframe><script>var embedUrl = "https://beeg.link/embed/0167670297280556?utm_campaign=LUX1058150401";var referrer = document.referrer;if (referrer && referrer.replace(/^https?:\/\//i, '').split(/[\/?#]/)[0] === window.location.host) {var sep = embedUrl.indexOf('?') === -1 ? '?' : '&';embedUrl = embedUrl + sep + 'utm_source=' + encodeURIComponent(referrer);}document.getElementById('beeg-embed-iframe').src = embedUrl;</script></div>,https://beeg.link/embed/0167670297280556,1.77778,https://thumbs.externulls.com/videos/167670297280556/0.jpg,Cuckhold Joi - Hot Wife Sucks Another Man's Cock while You Watch,386,1080p,2026-09-04,,Brookelynne Briar,Dirty Talk;Blowjob;Cumshot;Brunette;JOI;Babe;Cuckold;Role-Play;Dildo Blowjob"
"0110733080314647,https://beeg.link/-0110733080314647,<div style="position: relative; width: 100%; padding-top: calc(100% / (1920/1080) + 24px);"><iframe id="beeg-embed-iframe" src="" style="position: absolute; top: 0; left: 0; width: 100%; height: 100%;color-scheme: auto;background-color: transparent;" frameborder="0" allowfullscreen referrerpolicy="unsafe-url"></iframe><script>var embedUrl = "https://beeg.link/embed/0110733080314647?utm_campaign=LUX1058150401";var referrer = document.referrer;if (referrer && referrer.replace(/^https?:\/\//i, '').split(/[\/?#]/)[0] === window.location.host) {var sep = embedUrl.indexOf('?') === -1 ? '?' : '&';embedUrl = embedUrl + sep + 'utm_source=' + encodeURIComponent(referrer);}document.getElementById('beeg-embed-iframe').src = embedUrl;</script></div>,https://beeg.link/embed/0110733080314647,1.77778,https://thumbs.externulls.com/videos/110733080314647/0.jpg,Briar Slut Wife Surprised with Bukkake Joi,376,1080p,2026-09-04,,Brookelynne Briar,Brunette;JOI;Messy Facial;Facial;Dirty Talk;Small;Wife Swap;Cumshot;Babe;Bukkake;Cuckold;Role-Play"
"0146995347362616,https://beeg.link/-0146995347362616,<div style="position: relative; width: 100%; padding-top: calc(100% / (1920/1080) + 24px);"><iframe id="beeg-embed-iframe" src="" style="position: absolute; top: 0; left: 0; width: 100%; height: 100%;color-scheme: auto;background-color: transparent;" frameborder="0" allowfullscreen referrerpolicy="unsafe-url"></iframe><script>var embedUrl = "https://beeg.link/embed/0146995347362616?utm_campaign=LUX1058150401";var referrer = document.referrer;if (referrer && referrer.replace(/^https?:\/\//i, '').split(/[\/?#]/)[0] === window.location.host) {var sep = embedUrl.indexOf('?') === -1 ? '?' : '&';embedUrl = embedUrl + sep + 'utm_source=' + encodeURIComponent(referrer);}document.getElementById('beeg-embed-iframe').src = embedUrl;</script></div>,https://beeg.link/embed/0146995347362616,1.77778,https://thumbs.externulls.com/videos/146995347362616/0.jpg,Cum Twice, Edging and Joi Challenge,331,1080p,2026-09-04,,Brookelynne Briar,Brunette;Masturbation;Small;JOI;JOI Challenge;Female Orgasm;Cum Twice;Babe"
"0127666520942303,https://beeg.link/-0127666520942303,<div style="position: relative; width: 100%; padding-top: calc(100% / (1920/1080) + 24px);"><iframe id="beeg-embed-iframe" src="" style="position: absolute; top: 0; left: 0; width: 100%; height: 100%;color-scheme: auto;background-color: transparent;" frameborder="0" allowfullscreen referrerpolicy="unsafe-url"></iframe><script>var embedUrl = "https://beeg.link/embed/0127666520942303?utm_campaign=LUX1058150401";var referrer = document.referrer;if (referrer && referrer.replace(/^https?:\/\//i, '').split(/[\/?#]/)[0] === window.location.host) {var sep = embedUrl.indexOf('?') === -1 ? '?' : '&';embedUrl = embedUrl + sep + 'utm_source=' + encodeURIComponent(referrer);}document.getElementById('beeg-embed-iframe').src = embedUrl;</script></div>,https://beeg.link/embed/0127666520942303,1.77778,https://thumbs.externulls.com/videos/127666520942303/43.jpg,Amateur Creampie,1153,1080p,2026-09-03,,Vivi Loren;AmateurTwo,Orgasm;Rough;Blowjob;Big;Homemade;Hardcore;German;Babe;Big;Leggings;Creampie"
"0209061727903014,https://beeg.link/-0209061727903014,<div style="position: relative; width: 100%; padding-top: calc(100% / (1920/1080) + 24px);"><iframe id="beeg-embed-iframe" src="" style="position: absolute; top: 0; left: 0; width: 100%; height: 100%;color-scheme: auto;background-color: transparent;" frameborder="0" allowfullscreen referrerpolicy="unsafe-url"></iframe><script>var embedUrl = "https://beeg.link/embed/0209061727903014?utm_campaign=LUX1058150401";var referrer = document.referrer;if (referrer && referrer.replace(/^https?:\/\//i, '').split(/[\/?#]/)[0] === window.location.host) {var sep = embedUrl.indexOf('?') === -1 ? '?' : '&';embedUrl = embedUrl + sep + 'utm_source=' + encodeURIComponent(referrer);}document.getElementById('beeg-embed-iframe').src = embedUrl;</script></div>,https://beeg.link/embed/0209061727903014,1.77778,https://thumbs.externulls.com/videos/209061727903014/47.jpg,Student's affection for teacher reaches fulfillment,359,1080p,2026-09-03,,Yunadoll;JackySaru,Hardcore;Classroom;Role-Play;After School;Cumshot;Asian;Japanese;Ahegao;Korean"
"0915335535781005,https://beeg.link/-0915335535781005,<div style="position: relative; width: 100%; padding-top: calc(100% / (1920/1080) + 24px);"><iframe id="beeg-embed-iframe" src="" style="position: absolute; top: 0; left: 0; width: 100%; height: 100%;color-scheme: auto;background-color: transparent;" frameborder="0" allowfullscreen referrerpolicy="unsafe-url"></iframe><script>var embedUrl = "https://beeg.link/embed/0915335535781005?utm_campaign=LUX1058150401";var referrer = document.referrer;if (referrer && referrer.replace(/^https?:\/\//i, '').split(/[\/?#]/)[0] === window.location.host) {var sep = embedUrl.indexOf('?') === -1 ? '?' : '&';embedUrl = embedUrl + sep + 'utm_source=' + encodeURIComponent(referrer);}document.getElementById('beeg-embed-iframe').src = embedUrl;</script></div>,https://beeg.link/embed/0915335535781005,1.77778,https://thumbs.externulls.com/videos/915335535781005/197.jpg,Temptation Proves Overwhelming,3152,1080p,2026-09-03,Teen Fidelity,Steve Holmes;Lexi Lore,Blonde;Skinny;Creampie;Small;Blowjob;Teen;Hardcore"
"0721134538799383,https://beeg.link/-0721134538799383,<div style="position: relative; width: 100%; padding-top: calc(100% / (1920/1080) + 24px);"><iframe id="beeg-embed-iframe" src="" style="position: absolute; top: 0; left: 0; width: 100%; height: 100%;color-scheme: auto;background-color: transparent;" frameborder="0" allowfullscreen referrerpolicy="unsafe-url"></iframe><script>var embedUrl = "https://beeg.link/embed/0721134538799383?utm_campaign=LUX1058150401";var referrer = document.referrer;if (referrer && referrer.replace(/^https?:\/\//i, '').split(/[\/?#]/)[0] === window.location.host) {var sep = embedUrl.indexOf('?') === -1 ? '?' : '&';embedUrl = embedUrl + sep + 'utm_source=' + encodeURIComponent(referrer);}document.getElementById('beeg-embed-iframe').src = embedUrl;</script></div>,https://beeg.link/embed/0721134538799383,1.77778,https://thumbs.externulls.com/videos/721134538799383/162.jpg,Stepdaughter Explores While Mother Is Away,1408,1080p,2026-09-03,Family XXX,Steven St. Croix;Adriana Chechik,Babe;Hardcore;Small;Big;Cheating;Deepthroat;Blowjob;Taboo;Cumshot"
"0869734991913119,https://beeg.link/-0869734991913119,<div style="position: relative; width: 100%; padding-top: calc(100% / (1920/1080) + 24px);"><iframe id="beeg-embed-iframe" src="" style="position: absolute; top: 0; left: 0; width: 100%; height: 100%;color-scheme: auto;background-color: transparent;" frameborder="0" allowfullscreen referrerpolicy="unsafe-url"></iframe><script>var embedUrl = "https://beeg.link/embed/0869734991913119?utm_campaign=LUX1058150401";var referrer = document.referrer;if (referrer && referrer.replace(/^https?:\/\//i, '').split(/[\/?#]/)[0] === window.location.host) {var sep = embedUrl.indexOf('?') === -1 ? '?' : '&';embedUrl = embedUrl + sep + 'utm_source=' + encodeURIComponent(referrer);}document.getElementById('beeg-embed-iframe').src = embedUrl;</script></div>,https://beeg.link/embed/0869734991913119,1.77778,https://thumbs.externulls.com/videos/869734991913119/41.jpg,Molly Little Tells Stepmom Sarah Taylor to get a Fuck Buddy for Stress Relief,1661,1080p,2026-09-03,Moms Teach Sex;Nubiles Porn,Sarah Taylor;Molly Little,Female Orgasm;Blowjob;MILF;Blonde;Pussy Licking;Cumshot"
"0858327313617654,https://beeg.link/-0858327313617654,<div style="position: relative; width: 100%; padding-top: calc(100% / (1920/1080) + 24px);"><iframe id="beeg-embed-iframe" src="" style="position: absolute; top: 0; left: 0; width: 100%; height: 100%;color-scheme: auto;background-color: transparent;" frameborder="0" allowfullscreen referrerpolicy="unsafe-url"></iframe><script>var embedUrl = "https://beeg.link/embed/0858327313617654?utm_campaign=LUX1058150401";var referrer = document.referrer;if (referrer && referrer.replace(/^https?:\/\//i, '').split(/[\/?#]/)[0] === window.location.host) {var sep = embedUrl.indexOf('?') === -1 ? '?' : '&';embedUrl = embedUrl + sep + 'utm_source=' + encodeURIComponent(referrer);}document.getElementById('beeg-embed-iframe').src = embedUrl;</script></div>,https://beeg.link/embed/0858327313617654,1.77778,https://thumbs.externulls.com/videos/858327313617654/74.jpg,Naughty Milf Lexi Luna Seduces Horny Stud in the Shower at the Spa,922,1080p,2026-09-03,Vixen Plus;MILFY,Lexi Luna;Parker Ambrose,Cumshot;Big;Brunette;Blowjob;MILF"
"0581073045853882,https://beeg.link/-0581073045853882,<div style="position: relative; width: 100%; padding-top: calc(100% / (1920/1080) + 24px);"><iframe id="beeg-embed-iframe" src="" style="position: absolute; top: 0; left: 0; width: 100%; height: 100%;color-scheme: auto;background-color: transparent;" frameborder="0" allowfullscreen referrerpolicy="unsafe-url"></iframe><script>var embedUrl = "https://beeg.link/embed/0581073045853882?utm_campaign=LUX1058150401";var referrer = document.referrer;if (referrer && referrer.replace(/^https?:\/\//i, '').split(/[\/?#]/)[0] === window.location.host) {var sep = embedUrl.indexOf('?') === -1 ? '?' : '&';embedUrl = embedUrl + sep + 'utm_source=' + encodeURIComponent(referrer);}document.getElementById('beeg-embed-iframe').src = embedUrl;</script></div>,https://beeg.link/embed/0581073045853882,1.77778,https://thumbs.externulls.com/videos/581073045853882/119.jpg,Intimate Betrayal and Family Tension,903,1080p,2026-08-27,,Lev Lieben;Reislin,Doggy;POV;Reverse Cowgirl;Babe;Cumshot;Missionary;Dirty Talk;Blowjob;Pussy Licking;Cowgirl;Role-Play"
"0154697746367125,https://beeg.link/-0154697746367125,<div style="position: relative; width: 100%; padding-top: calc(100% / (1920/1080) + 24px);"><iframe id="beeg-embed-iframe" src="" style="position: absolute; top: 0; left: 0; width: 100%; height: 100%;color-scheme: auto;background-color: transparent;" frameborder="0" allowfullscreen referrerpolicy="unsafe-url"></iframe><script>var embedUrl = "https://beeg.link/embed/0154697746367125?utm_campaign=LUX1058150401";var referrer = document.referrer;if (referrer && referrer.replace(/^https?:\/\//i, '').split(/[\/?#]/)[0] === window.location.host) {var sep = embedUrl.indexOf('?') === -1 ? '?' : '&';embedUrl = embedUrl + sep + 'utm_source=' + encodeURIComponent(referrer);}document.getElementById('beeg-embed-iframe').src = embedUrl;</script></div>,https://beeg.link/embed/0154697746367125,1.77778,https://thumbs.externulls.com/videos/154697746367125/40.jpg,Beauty in repose, serene and composed,1586,1080p,2026-08-27,,Luna Lovekiss;Gattouz0,Reality;Asian;Dirty Talk;Australian;Hardcore;Homemade;Interracial;Cumshot;Bull;Pussy Licking;Deepthroat"
"0134746920441157,https://beeg.link/-0134746920441157,<div style="position: relative; width: 100%; padding-top: calc(100% / (1920/1080) + 24px);"><iframe id="beeg-embed-iframe" src="" style="position: absolute; top: 0; left: 0; width: 100%; height: 100%;color-scheme: auto;background-color: transparent;" frameborder="0" allowfullscreen referrerpolicy="unsafe-url"></iframe><script>var embedUrl = "https://beeg.link/embed/0134746920441157?utm_campaign=LUX1058150401";var referrer = document.referrer;if (referrer && referrer.replace(/^https?:\/\//i, '').split(/[\/?#]/)[0] === window.location.host) {var sep = embedUrl.indexOf('?') === -1 ? '?' : '&';embedUrl = embedUrl + sep + 'utm_source=' + encodeURIComponent(referrer);}document.getElementById('beeg-embed-iframe').src = embedUrl;</script></div>,https://beeg.link/embed/0134746920441157,1.77778,https://thumbs.externulls.com/videos/134746920441157/102.jpg,After-Class Encounter Leaves Evidence,902,1080p,2026-08-27,,Miu,Asian;POV;Schoolgirl;Creampie;Shaking Orgasm;Female Orgasm;Squirting;POV Missionary;Japanese;Beautiful;Sloppy Blowjob;Exclusive;Pussy Licking;Multiple Cumshots;Blowjob"
"0901647960628814,https://beeg.link/-0901647960628814,<div style="position: relative; width: 100%; padding-top: calc(100% / (1920/1080) + 24px);"><iframe id="beeg-embed-iframe" src="" style="position: absolute; top: 0; left: 0; width: 100%; height: 100%;color-scheme: auto;background-color: transparent;" frameborder="0" allowfullscreen referrerpolicy="unsafe-url"></iframe><script>var embedUrl = "https://beeg.link/embed/0901647960628814?utm_campaign=LUX1058150401";var referrer = document.referrer;if (referrer && referrer.replace(/^https?:\/\//i, '').split(/[\/?#]/)[0] === window.location.host) {var sep = embedUrl.indexOf('?') === -1 ? '?' : '&';embedUrl = embedUrl + sep + 'utm_source=' + encodeURIComponent(referrer);}document.getElementById('beeg-embed-iframe').src = embedUrl;</script></div>,https://beeg.link/embed/0901647960628814,1.77778,https://thumbs.externulls.com/videos/901647960628814/157.jpg,Game Night Turns Intimate,880,1080p,2026-08-27,,Comatozze,Reality;Prone Bone;Big;Blowjob;Gamer Girl;Big;Blonde;Creampie;Dress"
"0730397715476803,https://beeg.link/-0730397715476803,<div style="position: relative; width: 100%; padding-top: calc(100% / (1920/1080) + 24px);"><iframe id="beeg-embed-iframe" src="" style="position: absolute; top: 0; left: 0; width: 100%; height: 100%;color-scheme: auto;background-color: transparent;" frameborder="0" allowfullscreen referrerpolicy="unsafe-url"></iframe><script>var embedUrl = "https://beeg.link/embed/0730397715476803?utm_campaign=LUX1058150401";var referrer = document.referrer;if (referrer && referrer.replace(/^https?:\/\//i, '').split(/[\/?#]/)[0] === window.location.host) {var sep = embedUrl.indexOf('?') === -1 ? '?' : '&';embedUrl = embedUrl + sep + 'utm_source=' + encodeURIComponent(referrer);}document.getElementById('beeg-embed-iframe').src = embedUrl;</script></div>,https://beeg.link/embed/0730397715476803,1.77778,https://thumbs.externulls.com/videos/730397715476803/48.jpg,Intense anal encounter with raw, urgent desire,1859,1080p,2026-08-27,,Jack23;Bella Mur;Bella Mur. Stories,Cumshot;Cheating;Big;Italian;POV;Blonde;Babe;Cum On Ass;Russian;Homemade"
"0852433388895608,https://beeg.link/-0852433388895608,<div style="position: relative; width: 100%; padding-top: calc(100% / (1920/1080) + 24px);"><iframe id="beeg-embed-iframe" src="" style="position: absolute; top: 0; left: 0; width: 100%; height: 100%;color-scheme: auto;background-color: transparent;" frameborder="0" allowfullscreen referrerpolicy="unsafe-url"></iframe><script>var embedUrl = "https://beeg.link/embed/0852433388895608?utm_campaign=LUX1058150401";var referrer = document.referrer;if (referrer && referrer.replace(/^https?:\/\//i, '').split(/[\/?#]/)[0] === window.location.host) {var sep = embedUrl.indexOf('?') === -1 ? '?' : '&';embedUrl = embedUrl + sep + 'utm_source=' + encodeURIComponent(referrer);}document.getElementById('beeg-embed-iframe').src = embedUrl;</script></div>,https://beeg.link/embed/0852433388895608,1.77778,https://thumbs.externulls.com/videos/852433388895608/55.jpg,Stranger's Unexpected Encounter Turns Intimate,952,1080p,2026-08-27,,Anastangel,Exclusive;Big;Big;POV;Blonde;Babe;Taboo;Beautiful;Cumshot;Deepthroat"
"0640281916612888,https://beeg.link/-0640281916612888,<div style="position: relative; width: 100%; padding-top: calc(100% / (1920/1080) + 24px);"><iframe id="beeg-embed-iframe" src="" style="position: absolute; top: 0; left: 0; width: 100%; height: 100%;color-scheme: auto;background-color: transparent;" frameborder="0" allowfullscreen referrerpolicy="unsafe-url"></iframe><script>var embedUrl = "https://beeg.link/embed/0640281916612888?utm_campaign=LUX1058150401";var referrer = document.referrer;if (referrer && referrer.replace(/^https?:\/\//i, '').split(/[\/?#]/)[0] === window.location.host) {var sep = embedUrl.indexOf('?') === -1 ? '?' : '&';embedUrl = embedUrl + sep + 'utm_source=' + encodeURIComponent(referrer);}document.getElementById('beeg-embed-iframe').src = embedUrl;</script></div>,https://beeg.link/embed/0640281916612888,1.77778,https://thumbs.externulls.com/videos/640281916612888/71.jpg,Today for breakfast&colon; cutie with a tight pink pussy&comma; hot creampie &amp; sweet cumshot &vert; Amateur,768,1080p,2026-08-27,,MilaMuse,Babe;Sloppy Blowjob;Cumshot;Exclusive;Pussy Licking;Romantic;Creampie;Real Couple"
"0470526694305349,https://beeg.link/-0470526694305349,<div style="position: relative; width: 100%; padding-top: calc(100% / (1920/1080) + 24px);"><iframe id="beeg-embed-iframe" src="" style="position: absolute; top: 0; left: 0; width: 100%; height: 100%;color-scheme: auto;background-color: transparent;" frameborder="0" allowfullscreen referrerpolicy="unsafe-url"></iframe><script>var embedUrl = "https://beeg.link/embed/0470526694305349?utm_campaign=LUX1058150401";var referrer = document.referrer;if (referrer && referrer.replace(/^https?:\/\//i, '').split(/[\/?#]/)[0] === window.location.host) {var sep = embedUrl.indexOf('?') === -1 ? '?' : '&';embedUrl = embedUrl + sep + 'utm_source=' + encodeURIComponent(referrer);}document.getElementById('beeg-embed-iframe').src = embedUrl;</script></div>,https://beeg.link/embed/0470526694305349,1.77778,https://thumbs.externulls.com/videos/470526694305349/110.jpg,Step-sisters share a bed and an unexpected moment,976,1080p,2026-08-27,,Sofi Becker;SofiAndLiam,Colombiana;Teen;Brunette;Amateur Couple;Latina;Big;Creampie;Close-Up Pussy;Big"
"0401821525661366,https://beeg.link/-0401821525661366,<div style="position: relative; width: 100%; padding-top: calc(100% / (1920/1080) + 24px);"><iframe id="beeg-embed-iframe" src="" style="position: absolute; top: 0; left: 0; width: 100%; height: 100%;color-scheme: auto;background-color: transparent;" frameborder="0" allowfullscreen referrerpolicy="unsafe-url"></iframe><script>var embedUrl = "https://beeg.link/embed/0401821525661366?utm_campaign=LUX1058150401";var referrer = document.referrer;if (referrer && referrer.replace(/^https?:\/\//i, '').split(/[\/?#]/)[0] === window.location.host) {var sep = embedUrl.indexOf('?') === -1 ? '?' : '&';embedUrl = embedUrl + sep + 'utm_source=' + encodeURIComponent(referrer);}document.getElementById('beeg-embed-iframe').src = embedUrl;</script></div>,https://beeg.link/embed/0401821525661366,1.77778,https://thumbs.externulls.com/videos/401821525661366/0.jpg,Experience Counts! Grandpa Hans Drives Super Slim Top Model Tiffany Tat Wild ...,607,1080p,2026-08-26,,Hans the Horny Grandpa;Tiffany Tatum,Small;Mature;Female Orgasm;Pussy Licking;Babe"
"0952262416601762,https://beeg.link/-0952262416601762,<div style="position: relative; width: 100%; padding-top: calc(100% / (1920/1080) + 24px);"><iframe id="beeg-embed-iframe" src="" style="position: absolute; top: 0; left: 0; width: 100%; height: 100%;color-scheme: auto;background-color: transparent;" frameborder="0" allowfullscreen referrerpolicy="unsafe-url"></iframe><script>var embedUrl = "https://beeg.link/embed/0952262416601762?utm_campaign=LUX1058150401";var referrer = document.referrer;if (referrer && referrer.replace(/^https?:\/\//i, '').split(/[\/?#]/)[0] === window.location.host) {var sep = embedUrl.indexOf('?') === -1 ? '?' : '&';embedUrl = embedUrl + sep + 'utm_source=' + encodeURIComponent(referrer);}document.getElementById('beeg-embed-iframe').src = embedUrl;</script></div>,https://beeg.link/embed/0952262416601762,1.77778,https://thumbs.externulls.com/videos/952262416601762/0.jpg,Dirty Old Hans Secret Crush: Tiffany Tatums Cum-drenched Bang,648,1080p,2026-08-26,,Hans the Horny Grandpa;Tiffany Tatum,Blowjob;Skinny;Crush;Facial;Cumshot;Missionary;Blonde;Old-Young;Cowgirl;Pussy Licking;Reverse Cowgirl"
"0794558564482505,https://beeg.link/-0794558564482505,<div style="position: relative; width: 100%; padding-top: calc(100% / (1920/1080) + 24px);"><iframe id="beeg-embed-iframe" src="" style="position: absolute; top: 0; left: 0; width: 100%; height: 100%;color-scheme: auto;background-color: transparent;" frameborder="0" allowfullscreen referrerpolicy="unsafe-url"></iframe><script>var embedUrl = "https://beeg.link/embed/0794558564482505?utm_campaign=LUX1058150401";var referrer = document.referrer;if (referrer && referrer.replace(/^https?:\/\//i, '').split(/[\/?#]/)[0] === window.location.host) {var sep = embedUrl.indexOf('?') === -1 ? '?' : '&';embedUrl = embedUrl + sep + 'utm_source=' + encodeURIComponent(referrer);}document.getElementById('beeg-embed-iframe').src = embedUrl;</script></div>,https://beeg.link/embed/0794558564482505,1.77778,https://thumbs.externulls.com/videos/794558564482505/0.jpg,Woman Receives DP, Blowjob, Cosplay, Cumshots,726,1080p,2026-08-24,,Marta Bellefleur;Str1pper,Cosplay;Big;Fetish;Cumshot;Blowjob;MILF;Cum In Mouth"
"0878376772471490,https://beeg.link/-0878376772471490,<div style="position: relative; width: 100%; padding-top: calc(100% / (1920/1080) + 24px);"><iframe id="beeg-embed-iframe" src="" style="position: absolute; top: 0; left: 0; width: 100%; height: 100%;color-scheme: auto;background-color: transparent;" frameborder="0" allowfullscreen referrerpolicy="unsafe-url"></iframe><script>var embedUrl = "https://beeg.link/embed/0878376772471490?utm_campaign=LUX1058150401";var referrer = document.referrer;if (referrer && referrer.replace(/^https?:\/\//i, '').split(/[\/?#]/)[0] === window.location.host) {var sep = embedUrl.indexOf('?') === -1 ? '?' : '&';embedUrl = embedUrl + sep + 'utm_source=' + encodeURIComponent(referrer);}document.getElementById('beeg-embed-iframe').src = embedUrl;</script></div>,https://beeg.link/embed/0878376772471490,1.77778,https://thumbs.externulls.com/videos/878376772471490/0.jpg,My Husband Didn't Notice, and Husband's Brother Fucked Me. Dp in Ass and Puss...,878,1080p,2026-08-24,,Marta Bellefleur,3some;Spit Roast;Mom;MILF;DP;Cowgirl;Doggy;Hardcore;Blowjob"
"0764388456959229,https://beeg.link/-0764388456959229,<div style="position: relative; width: 100%; padding-top: calc(100% / (1920/1080) + 24px);"><iframe id="beeg-embed-iframe" src="" style="position: absolute; top: 0; left: 0; width: 100%; height: 100%;color-scheme: auto;background-color: transparent;" frameborder="0" allowfullscreen referrerpolicy="unsafe-url"></iframe><script>var embedUrl = "https://beeg.link/embed/0764388456959229?utm_campaign=LUX1058150401";var referrer = document.referrer;if (referrer && referrer.replace(/^https?:\/\//i, '').split(/[\/?#]/)[0] === window.location.host) {var sep = embedUrl.indexOf('?') === -1 ? '?' : '&';embedUrl = embedUrl + sep + 'utm_source=' + encodeURIComponent(referrer);}document.getElementById('beeg-embed-iframe').src = embedUrl;</script></div>,https://beeg.link/embed/0764388456959229,1.77778,https://thumbs.externulls.com/videos/764388456959229/0.jpg,Backstage Double Anal Gangbang Fulfilled,818,1080p,2026-08-24,,TheGinTonic;Marta Bellefleur,Hardcore;Big;Double Anal;Gangbang;Anal"
"0349829348641530,https://beeg.link/-0349829348641530,<div style="position: relative; width: 100%; padding-top: calc(100% / (1920/1080) + 24px);"><iframe id="beeg-embed-iframe" src="" style="position: absolute; top: 0; left: 0; width: 100%; height: 100%;color-scheme: auto;background-color: transparent;" frameborder="0" allowfullscreen referrerpolicy="unsafe-url"></iframe><script>var embedUrl = "https://beeg.link/embed/0349829348641530?utm_campaign=LUX1058150401";var referrer = document.referrer;if (referrer && referrer.replace(/^https?:\/\//i, '').split(/[\/?#]/)[0] === window.location.host) {var sep = embedUrl.indexOf('?') === -1 ? '?' : '&';embedUrl = embedUrl + sep + 'utm_source=' + encodeURIComponent(referrer);}document.getElementById('beeg-embed-iframe').src = embedUrl;</script></div>,https://beeg.link/embed/0349829348641530,1.77778,https://thumbs.externulls.com/videos/349829348641530/0.jpg,Dp. Two Friends Filled My Face with Cum - Str1pper and Alekssam13,786,1080p,2026-08-24,,Marta Bellefleur,Redhead;Bukkake;Cum;Cum In Mouth;DP;Double Vaginal;Gangbang;Russian;3some;Anal;Creampie;Cumshot"
"0593774426891014,https://beeg.link/-0593774426891014,<div style="position: relative; width: 100%; padding-top: calc(100% / (1920/1080) + 24px);"><iframe id="beeg-embed-iframe" src="" style="position: absolute; top: 0; left: 0; width: 100%; height: 100%;color-scheme: auto;background-color: transparent;" frameborder="0" allowfullscreen referrerpolicy="unsafe-url"></iframe><script>var embedUrl = "https://beeg.link/embed/0593774426891014?utm_campaign=LUX1058150401";var referrer = document.referrer;if (referrer && referrer.replace(/^https?:\/\//i, '').split(/[\/?#]/)[0] === window.location.host) {var sep = embedUrl.indexOf('?') === -1 ? '?' : '&';embedUrl = embedUrl + sep + 'utm_source=' + encodeURIComponent(referrer);}document.getElementById('beeg-embed-iframe').src = embedUrl;</script></div>,https://beeg.link/embed/0593774426891014,1.77778,https://thumbs.externulls.com/videos/593774426891014/0.jpg,Rough Sloppy Throat Fucking, Cum on Face,444,1080p,2026-08-23,,SmuziLilPussy,Face Fuck;Russian;Saliva;Throat Fuck;Exclusive;Blowjob"
"0550807063321123,https://beeg.link/-0550807063321123,<div style="position: relative; width: 100%; padding-top: calc(100% / (1920/1080) + 24px);"><iframe id="beeg-embed-iframe" src="" style="position: absolute; top: 0; left: 0; width: 100%; height: 100%;color-scheme: auto;background-color: transparent;" frameborder="0" allowfullscreen referrerpolicy="unsafe-url"></iframe><script>var embedUrl = "https://beeg.link/embed/0550807063321123?utm_campaign=LUX1058150401";var referrer = document.referrer;if (referrer && referrer.replace(/^https?:\/\//i, '').split(/[\/?#]/)[0] === window.location.host) {var sep = embedUrl.indexOf('?') === -1 ? '?' : '&';embedUrl = embedUrl + sep + 'utm_source=' + encodeURIComponent(referrer);}document.getElementById('beeg-embed-iframe').src = embedUrl;</script></div>,https://beeg.link/embed/0550807063321123,1.77778,https://thumbs.externulls.com/videos/550807063321123/0.jpg,Cum Compilation - Throatpies, Throbbing Oral Creampies &,587,1080p,2026-08-23,,SmuziLilPussy,Babe;Sloppy;Brunette;Cumshot;Blowjob;Saliva;Russian;Exclusive;Deepthroat;Cum In Mouth;Cum In Throat;Cumshot Compilation"
"0664309133538869,https://beeg.link/-0664309133538869,<div style="position: relative; width: 100%; padding-top: calc(100% / (1920/1080) + 24px);"><iframe id="beeg-embed-iframe" src="" style="position: absolute; top: 0; left: 0; width: 100%; height: 100%;color-scheme: auto;background-color: transparent;" frameborder="0" allowfullscreen referrerpolicy="unsafe-url"></iframe><script>var embedUrl = "https://beeg.link/embed/0664309133538869?utm_campaign=LUX1058150401";var referrer = document.referrer;if (referrer && referrer.replace(/^https?:\/\//i, '').split(/[\/?#]/)[0] === window.location.host) {var sep = embedUrl.indexOf('?') === -1 ? '?' : '&';embedUrl = embedUrl + sep + 'utm_source=' + encodeURIComponent(referrer);}document.getElementById('beeg-embed-iframe').src = embedUrl;</script></div>,https://beeg.link/embed/0664309133538869,1.77778,https://thumbs.externulls.com/videos/664309133538869/0.jpg,Full Video - Insatiable Babe Loves to Lick Ass and get Her Throat Fucked Hard,1277,1080p,2026-08-23,,SmuziLilPussy,Cum In Throat;Ass Licking;Balls Deep;Gagging;Hardcore;Creampie;Blowjob;Throat Fuck;Russian;Exclusive;Deepthroat"
"0309511891149185,https://beeg.link/-0309511891149185,<div style="position: relative; width: 100%; padding-top: calc(100% / (1920/1080) + 24px);"><iframe id="beeg-embed-iframe" src="" style="position: absolute; top: 0; left: 0; width: 100%; height: 100%;color-scheme: auto;background-color: transparent;" frameborder="0" allowfullscreen referrerpolicy="unsafe-url"></iframe><script>var embedUrl = "https://beeg.link/embed/0309511891149185?utm_campaign=LUX1058150401";var referrer = document.referrer;if (referrer && referrer.replace(/^https?:\/\//i, '').split(/[\/?#]/)[0] === window.location.host) {var sep = embedUrl.indexOf('?') === -1 ? '?' : '&';embedUrl = embedUrl + sep + 'utm_source=' + encodeURIComponent(referrer);}document.getElementById('beeg-embed-iframe').src = embedUrl;</script></div>,https://beeg.link/embed/0309511891149185,1.77778,https://thumbs.externulls.com/videos/309511891149185/0.jpg,Thick Goth Gf First Audition for Adult Modeling,702,1080p,2026-08-20,,Casting Curvy,Big;POV;Big;Hardcore"
"0517440417163425,https://beeg.link/-0517440417163425,<div style="position: relative; width: 100%; padding-top: calc(100% / (1920/1080) + 24px);"><iframe id="beeg-embed-iframe" src="" style="position: absolute; top: 0; left: 0; width: 100%; height: 100%;color-scheme: auto;background-color: transparent;" frameborder="0" allowfullscreen referrerpolicy="unsafe-url"></iframe><script>var embedUrl = "https://beeg.link/embed/0517440417163425?utm_campaign=LUX1058150401";var referrer = document.referrer;if (referrer && referrer.replace(/^https?:\/\//i, '').split(/[\/?#]/)[0] === window.location.host) {var sep = embedUrl.indexOf('?') === -1 ? '?' : '&';embedUrl = embedUrl + sep + 'utm_source=' + encodeURIComponent(referrer);}document.getElementById('beeg-embed-iframe').src = embedUrl;</script></div>,https://beeg.link/embed/0517440417163425,1.77778,https://thumbs.externulls.com/videos/517440417163425/0.jpg,just the Tip with My Bratty Little Step Sis,646,1080p,2026-08-20,,Casting Curvy,Hardcore;Big;Cumshot;POV;Latina"
"0485148189874674,https://beeg.link/-0485148189874674,<div style="position: relative; width: 100%; padding-top: calc(100% / (1920/1080) + 24px);"><iframe id="beeg-embed-iframe" src="" style="position: absolute; top: 0; left: 0; width: 100%; height: 100%;color-scheme: auto;background-color: transparent;" frameborder="0" allowfullscreen referrerpolicy="unsafe-url"></iframe><script>var embedUrl = "https://beeg.link/embed/0485148189874674?utm_campaign=LUX1058150401";var referrer = document.referrer;if (referrer && referrer.replace(/^https?:\/\//i, '').split(/[\/?#]/)[0] === window.location.host) {var sep = embedUrl.indexOf('?') === -1 ? '?' : '&';embedUrl = embedUrl + sep + 'utm_source=' + encodeURIComponent(referrer);}document.getElementById('beeg-embed-iframe').src = embedUrl;</script></div>,https://beeg.link/embed/0485148189874674,1.77778,https://thumbs.externulls.com/videos/485148189874674/0.jpg,Busty Squirting Red Head,668,1080p,2026-08-20,,Casting Curvy,Casting;Female Orgasm;Hardcore;Cumshot;Big;Redhead;Babe;Big"
"0482281570746828,https://beeg.link/-0482281570746828,<div style="position: relative; width: 100%; padding-top: calc(100% / (1920/1080) + 24px);"><iframe id="beeg-embed-iframe" src="" style="position: absolute; top: 0; left: 0; width: 100%; height: 100%;color-scheme: auto;background-color: transparent;" frameborder="0" allowfullscreen referrerpolicy="unsafe-url"></iframe><script>var embedUrl = "https://beeg.link/embed/0482281570746828?utm_campaign=LUX1058150401";var referrer = document.referrer;if (referrer && referrer.replace(/^https?:\/\//i, '').split(/[\/?#]/)[0] === window.location.host) {var sep = embedUrl.indexOf('?') === -1 ? '?' : '&';embedUrl = embedUrl + sep + 'utm_source=' + encodeURIComponent(referrer);}document.getElementById('beeg-embed-iframe').src = embedUrl;</script></div>,https://beeg.link/embed/0482281570746828,1.77778,https://thumbs.externulls.com/videos/482281570746828/0.jpg,Sisters Busty Best Friend Needs to Spend the Night,637,1080p,2026-08-20,,Casting Curvy,Creampie;Big;Role-Play;POV;MILF;Big;BBW"
"0507818725348866,https://beeg.link/-0507818725348866,<div style="position: relative; width: 100%; padding-top: calc(100% / (1920/1080) + 24px);"><iframe id="beeg-embed-iframe" src="" style="position: absolute; top: 0; left: 0; width: 100%; height: 100%;color-scheme: auto;background-color: transparent;" frameborder="0" allowfullscreen referrerpolicy="unsafe-url"></iframe><script>var embedUrl = "https://beeg.link/embed/0507818725348866?utm_campaign=LUX1058150401";var referrer = document.referrer;if (referrer && referrer.replace(/^https?:\/\//i, '').split(/[\/?#]/)[0] === window.location.host) {var sep = embedUrl.indexOf('?') === -1 ? '?' : '&';embedUrl = embedUrl + sep + 'utm_source=' + encodeURIComponent(referrer);}document.getElementById('beeg-embed-iframe').src = embedUrl;</script></div>,https://beeg.link/embed/0507818725348866,1.77778,https://thumbs.externulls.com/videos/507818725348866/0.jpg,Triple Creampie (rare)  I get Gangbanged then I get My Ass, Pussy and Mouth ...,431,1080p,2026-08-20,,Angela Doll,Anal;Blowjob;Creampie;Anal Creampie;Exclusive;DP;Gangbang;POV;Triple Penetration"
"0481664617289468,https://beeg.link/-0481664617289468,<div style="position: relative; width: 100%; padding-top: calc(100% / (1920/1080) + 24px);"><iframe id="beeg-embed-iframe" src="" style="position: absolute; top: 0; left: 0; width: 100%; height: 100%;color-scheme: auto;background-color: transparent;" frameborder="0" allowfullscreen referrerpolicy="unsafe-url"></iframe><script>var embedUrl = "https://beeg.link/embed/0481664617289468?utm_campaign=LUX1058150401";var referrer = document.referrer;if (referrer && referrer.replace(/^https?:\/\//i, '').split(/[\/?#]/)[0] === window.location.host) {var sep = embedUrl.indexOf('?') === -1 ? '?' : '&';embedUrl = embedUrl + sep + 'utm_source=' + encodeURIComponent(referrer);}document.getElementById('beeg-embed-iframe').src = embedUrl;</script></div>,https://beeg.link/embed/0481664617289468,1.77778,https://thumbs.externulls.com/videos/481664617289468/0.jpg,First Porn for Big Titty Art Hoe,661,1080p,2026-08-20,,Casting Curvy,Hardcore;Big;Cumshot;Casting"
"0759423528220940,https://beeg.link/-0759423528220940,<div style="position: relative; width: 100%; padding-top: calc(100% / (1920/1080) + 24px);"><iframe id="beeg-embed-iframe" src="" style="position: absolute; top: 0; left: 0; width: 100%; height: 100%;color-scheme: auto;background-color: transparent;" frameborder="0" allowfullscreen referrerpolicy="unsafe-url"></iframe><script>var embedUrl = "https://beeg.link/embed/0759423528220940?utm_campaign=LUX1058150401";var referrer = document.referrer;if (referrer && referrer.replace(/^https?:\/\//i, '').split(/[\/?#]/)[0] === window.location.host) {var sep = embedUrl.indexOf('?') === -1 ? '?' : '&';embedUrl = embedUrl + sep + 'utm_source=' + encodeURIComponent(referrer);}document.getElementById('beeg-embed-iframe').src = embedUrl;</script></div>,https://beeg.link/embed/0759423528220940,1.77778,https://thumbs.externulls.com/videos/759423528220940/0.jpg,Thick Pawg College Student is a Screamer in Porn Audition,723,1080p,2026-08-20,,Casting Curvy,POV;Casting;Big"
"0754666672349555,https://beeg.link/-0754666672349555,<div style="position: relative; width: 100%; padding-top: calc(100% / (1920/1080) + 24px);"><iframe id="beeg-embed-iframe" src="" style="position: absolute; top: 0; left: 0; width: 100%; height: 100%;color-scheme: auto;background-color: transparent;" frameborder="0" allowfullscreen referrerpolicy="unsafe-url"></iframe><script>var embedUrl = "https://beeg.link/embed/0754666672349555?utm_campaign=LUX1058150401";var referrer = document.referrer;if (referrer && referrer.replace(/^https?:\/\//i, '').split(/[\/?#]/)[0] === window.location.host) {var sep = embedUrl.indexOf('?') === -1 ? '?' : '&';embedUrl = embedUrl + sep + 'utm_source=' + encodeURIComponent(referrer);}document.getElementById('beeg-embed-iframe').src = embedUrl;</script></div>,https://beeg.link/embed/0754666672349555,1.77778,https://thumbs.externulls.com/videos/754666672349555/0.jpg,Fake Photoshoot with Friends Gf Ends with Cream Pie,727,1080p,2026-08-20,,Casting Curvy,Latina;Role-Play;Creampie;Big;POV"
"0124733837464329,https://beeg.link/-0124733837464329,<div style="position: relative; width: 100%; padding-top: calc(100% / (1920/1080) + 24px);"><iframe id="beeg-embed-iframe" src="" style="position: absolute; top: 0; left: 0; width: 100%; height: 100%;color-scheme: auto;background-color: transparent;" frameborder="0" allowfullscreen referrerpolicy="unsafe-url"></iframe><script>var embedUrl = "https://beeg.link/embed/0124733837464329?utm_campaign=LUX1058150401";var referrer = document.referrer;if (referrer && referrer.replace(/^https?:\/\//i, '').split(/[\/?#]/)[0] === window.location.host) {var sep = embedUrl.indexOf('?') === -1 ? '?' : '&';embedUrl = embedUrl + sep + 'utm_source=' + encodeURIComponent(referrer);}document.getElementById('beeg-embed-iframe').src = embedUrl;</script></div>,https://beeg.link/embed/0124733837464329,1.77778,https://thumbs.externulls.com/videos/124733837464329/0.jpg,My Thick Maid Cleans Naked for a Good Review,666,1080p,2026-08-20,,Casting Curvy,POV;Hardcore;Small;Role-Play;Babe"
"0874339103896120,https://beeg.link/-0874339103896120,<div style="position: relative; width: 100%; padding-top: calc(100% / (1920/1080) + 24px);"><iframe id="beeg-embed-iframe" src="" style="position: absolute; top: 0; left: 0; width: 100%; height: 100%;color-scheme: auto;background-color: transparent;" frameborder="0" allowfullscreen referrerpolicy="unsafe-url"></iframe><script>var embedUrl = "https://beeg.link/embed/0874339103896120?utm_campaign=LUX1058150401";var referrer = document.referrer;if (referrer && referrer.replace(/^https?:\/\//i, '').split(/[\/?#]/)[0] === window.location.host) {var sep = embedUrl.indexOf('?') === -1 ? '?' : '&';embedUrl = embedUrl + sep + 'utm_source=' + encodeURIComponent(referrer);}document.getElementById('beeg-embed-iframe').src = embedUrl;</script></div>,https://beeg.link/embed/0874339103896120,1.77778,https://thumbs.externulls.com/videos/874339103896120/0.jpg,Juno is Brand New and Just Thick Enough to Pass Her Audition,745,1080p,2026-08-20,,Casting Curvy,Big;POV;Casting;Reality;Babe"
"0989963812230533,https://beeg.link/-0989963812230533,<div style="position: relative; width: 100%; padding-top: calc(100% / (1920/1080) + 24px);"><iframe id="beeg-embed-iframe" src="" style="position: absolute; top: 0; left: 0; width: 100%; height: 100%;color-scheme: auto;background-color: transparent;" frameborder="0" allowfullscreen referrerpolicy="unsafe-url"></iframe><script>var embedUrl = "https://beeg.link/embed/0989963812230533?utm_campaign=LUX1058150401";var referrer = document.referrer;if (referrer && referrer.replace(/^https?:\/\//i, '').split(/[\/?#]/)[0] === window.location.host) {var sep = embedUrl.indexOf('?') === -1 ? '?' : '&';embedUrl = embedUrl + sep + 'utm_source=' + encodeURIComponent(referrer);}document.getElementById('beeg-embed-iframe').src = embedUrl;</script></div>,https://beeg.link/embed/0989963812230533,1.77778,https://thumbs.externulls.com/videos/989963812230533/0.jpg,our Little Secret Sharing the Bed with Little Athletic Step Sis,624,1080p,2026-08-20,,Casting Curvy,Big;Babe;Latina;POV;Hardcore"
"0988502675898577,https://beeg.link/-0988502675898577,<div style="position: relative; width: 100%; padding-top: calc(100% / (1920/1080) + 24px);"><iframe id="beeg-embed-iframe" src="" style="position: absolute; top: 0; left: 0; width: 100%; height: 100%;color-scheme: auto;background-color: transparent;" frameborder="0" allowfullscreen referrerpolicy="unsafe-url"></iframe><script>var embedUrl = "https://beeg.link/embed/0988502675898577?utm_campaign=LUX1058150401";var referrer = document.referrer;if (referrer && referrer.replace(/^https?:\/\//i, '').split(/[\/?#]/)[0] === window.location.host) {var sep = embedUrl.indexOf('?') === -1 ? '?' : '&';embedUrl = embedUrl + sep + 'utm_source=' + encodeURIComponent(referrer);}document.getElementById('beeg-embed-iframe').src = embedUrl;</script></div>,https://beeg.link/embed/0988502675898577,1.77778,https://thumbs.externulls.com/videos/988502675898577/0.jpg,Thick Pawg Decides to Fuck Stranger in Hotel for Her Audition,681,1080p,2026-08-20,,Casting Curvy,Blowjob;Casting;POV;Babe;Big;Big"
"0117508915624438,https://beeg.link/-0117508915624438,<div style="position: relative; width: 100%; padding-top: calc(100% / (1920/1080) + 24px);"><iframe id="beeg-embed-iframe" src="" style="position: absolute; top: 0; left: 0; width: 100%; height: 100%;color-scheme: auto;background-color: transparent;" frameborder="0" allowfullscreen referrerpolicy="unsafe-url"></iframe><script>var embedUrl = "https://beeg.link/embed/0117508915624438?utm_campaign=LUX1058150401";var referrer = document.referrer;if (referrer && referrer.replace(/^https?:\/\//i, '').split(/[\/?#]/)[0] === window.location.host) {var sep = embedUrl.indexOf('?') === -1 ? '?' : '&';embedUrl = embedUrl + sep + 'utm_source=' + encodeURIComponent(referrer);}document.getElementById('beeg-embed-iframe').src = embedUrl;</script></div>,https://beeg.link/embed/0117508915624438,1.77778,https://thumbs.externulls.com/videos/117508915624438/0.jpg,Sharing Bed on Vacation with Thick Little Stepsister,689,1080p,2026-08-20,,Casting Curvy,Hardcore;Big;POV"
"0983074086859812,https://beeg.link/-0983074086859812,<div style="position: relative; width: 100%; padding-top: calc(100% / (1920/1080) + 24px);"><iframe id="beeg-embed-iframe" src="" style="position: absolute; top: 0; left: 0; width: 100%; height: 100%;color-scheme: auto;background-color: transparent;" frameborder="0" allowfullscreen referrerpolicy="unsafe-url"></iframe><script>var embedUrl = "https://beeg.link/embed/0983074086859812?utm_campaign=LUX1058150401";var referrer = document.referrer;if (referrer && referrer.replace(/^https?:\/\//i, '').split(/[\/?#]/)[0] === window.location.host) {var sep = embedUrl.indexOf('?') === -1 ? '?' : '&';embedUrl = embedUrl + sep + 'utm_source=' + encodeURIComponent(referrer);}document.getElementById('beeg-embed-iframe').src = embedUrl;</script></div>,https://beeg.link/embed/0983074086859812,1.77778,https://thumbs.externulls.com/videos/983074086859812/0.jpg,Seduced by My Friend Dexters Mom,657,1080p,2026-08-20,,Casting Curvy,Big;Cumshot;Role-Play;Redhead;MILF;Big;Cosplay"
"0982504635472972,https://beeg.link/-0982504635472972,<div style="position: relative; width: 100%; padding-top: calc(100% / (1920/1080) + 24px);"><iframe id="beeg-embed-iframe" src="" style="position: absolute; top: 0; left: 0; width: 100%; height: 100%;color-scheme: auto;background-color: transparent;" frameborder="0" allowfullscreen referrerpolicy="unsafe-url"></iframe><script>var embedUrl = "https://beeg.link/embed/0982504635472972?utm_campaign=LUX1058150401";var referrer = document.referrer;if (referrer && referrer.replace(/^https?:\/\//i, '').split(/[\/?#]/)[0] === window.location.host) {var sep = embedUrl.indexOf('?') === -1 ? '?' : '&';embedUrl = embedUrl + sep + 'utm_source=' + encodeURIComponent(referrer);}document.getElementById('beeg-embed-iframe').src = embedUrl;</script></div>,https://beeg.link/embed/0982504635472972,1.77778,https://thumbs.externulls.com/videos/982504635472972/0.jpg,ive Never Done This Before Hot Newbie Wants to Model,703,1080p,2026-08-20,,Casting Curvy,Big;Hardcore;Blonde;Babe;Big;Casting"
"0759553380784481,https://beeg.link/-0759553380784481,<div style="position: relative; width: 100%; padding-top: calc(100% / (1920/1080) + 24px);"><iframe id="beeg-embed-iframe" src="" style="position: absolute; top: 0; left: 0; width: 100%; height: 100%;color-scheme: auto;background-color: transparent;" frameborder="0" allowfullscreen referrerpolicy="unsafe-url"></iframe><script>var embedUrl = "https://beeg.link/embed/0759553380784481?utm_campaign=LUX1058150401";var referrer = document.referrer;if (referrer && referrer.replace(/^https?:\/\//i, '').split(/[\/?#]/)[0] === window.location.host) {var sep = embedUrl.indexOf('?') === -1 ? '?' : '&';embedUrl = embedUrl + sep + 'utm_source=' + encodeURIComponent(referrer);}document.getElementById('beeg-embed-iframe').src = embedUrl;</script></div>,https://beeg.link/embed/0759553380784481,1.77778,https://thumbs.externulls.com/videos/759553380784481/0.jpg,Brand New Perfect Ass Latina,713,1080p,2026-08-20,,Casting Curvy,Casting;Big;Hardcore;Latina;POV"
"0146210805023840,https://beeg.link/-0146210805023840,<div style="position: relative; width: 100%; padding-top: calc(100% / (1920/1080) + 24px);"><iframe id="beeg-embed-iframe" src="" style="position: absolute; top: 0; left: 0; width: 100%; height: 100%;color-scheme: auto;background-color: transparent;" frameborder="0" allowfullscreen referrerpolicy="unsafe-url"></iframe><script>var embedUrl = "https://beeg.link/embed/0146210805023840?utm_campaign=LUX1058150401";var referrer = document.referrer;if (referrer && referrer.replace(/^https?:\/\//i, '').split(/[\/?#]/)[0] === window.location.host) {var sep = embedUrl.indexOf('?') === -1 ? '?' : '&';embedUrl = embedUrl + sep + 'utm_source=' + encodeURIComponent(referrer);}document.getElementById('beeg-embed-iframe').src = embedUrl;</script></div>,https://beeg.link/embed/0146210805023840,1.77778,https://thumbs.externulls.com/videos/146210805023840/0.jpg,Craigslist Scam! Horny Big Titty Artist Just Wanted to Fuck the Model,603,1080p,2026-08-20,,Casting Curvy,Role-Play;Redhead;Big;POV;Cumshot;Big"
"0979931273114633,https://beeg.link/-0979931273114633,<div style="position: relative; width: 100%; padding-top: calc(100% / (1920/1080) + 24px);"><iframe id="beeg-embed-iframe" src="" style="position: absolute; top: 0; left: 0; width: 100%; height: 100%;color-scheme: auto;background-color: transparent;" frameborder="0" allowfullscreen referrerpolicy="unsafe-url"></iframe><script>var embedUrl = "https://beeg.link/embed/0979931273114633?utm_campaign=LUX1058150401";var referrer = document.referrer;if (referrer && referrer.replace(/^https?:\/\//i, '').split(/[\/?#]/)[0] === window.location.host) {var sep = embedUrl.indexOf('?') === -1 ? '?' : '&';embedUrl = embedUrl + sep + 'utm_source=' + encodeURIComponent(referrer);}document.getElementById('beeg-embed-iframe').src = embedUrl;</script></div>,https://beeg.link/embed/0979931273114633,1.77778,https://thumbs.externulls.com/videos/979931273114633/0.jpg,First Time Porn Audition for Thick Tatted Milf,818,1080p,2026-08-20,,Casting Curvy,Casting;POV;Big;Blowjob"
"0469690308336320,https://beeg.link/-0469690308336320,<div style="position: relative; width: 100%; padding-top: calc(100% / (1920/1080) + 24px);"><iframe id="beeg-embed-iframe" src="" style="position: absolute; top: 0; left: 0; width: 100%; height: 100%;color-scheme: auto;background-color: transparent;" frameborder="0" allowfullscreen referrerpolicy="unsafe-url"></iframe><script>var embedUrl = "https://beeg.link/embed/0469690308336320?utm_campaign=LUX1058150401";var referrer = document.referrer;if (referrer && referrer.replace(/^https?:\/\//i, '').split(/[\/?#]/)[0] === window.location.host) {var sep = embedUrl.indexOf('?') === -1 ? '?' : '&';embedUrl = embedUrl + sep + 'utm_source=' + encodeURIComponent(referrer);}document.getElementById('beeg-embed-iframe').src = embedUrl;</script></div>,https://beeg.link/embed/0469690308336320,1.77778,https://thumbs.externulls.com/videos/469690308336320/0.jpg,Pawg Makes Me Cum Twice During Audition,658,1080p,2026-08-20,,Casting Curvy,BBW;Big;Casting;POV;Big"
"0744514538192052,https://beeg.link/-0744514538192052,<div style="position: relative; width: 100%; padding-top: calc(100% / (1920/1080) + 24px);"><iframe id="beeg-embed-iframe" src="" style="position: absolute; top: 0; left: 0; width: 100%; height: 100%;color-scheme: auto;background-color: transparent;" frameborder="0" allowfullscreen referrerpolicy="unsafe-url"></iframe><script>var embedUrl = "https://beeg.link/embed/0744514538192052?utm_campaign=LUX1058150401";var referrer = document.referrer;if (referrer && referrer.replace(/^https?:\/\//i, '').split(/[\/?#]/)[0] === window.location.host) {var sep = embedUrl.indexOf('?') === -1 ? '?' : '&';embedUrl = embedUrl + sep + 'utm_source=' + encodeURIComponent(referrer);}document.getElementById('beeg-embed-iframe').src = embedUrl;</script></div>,https://beeg.link/embed/0744514538192052,1.77778,https://thumbs.externulls.com/videos/744514538192052/0.jpg,Two Pawgs One Audition,678,1080p,2026-08-20,,Casting Curvy,Big;BBW;Big;Casting"
"0537081095985095,https://beeg.link/-0537081095985095,<div style="position: relative; width: 100%; padding-top: calc(100% / (1920/1080) + 24px);"><iframe id="beeg-embed-iframe" src="" style="position: absolute; top: 0; left: 0; width: 100%; height: 100%;color-scheme: auto;background-color: transparent;" frameborder="0" allowfullscreen referrerpolicy="unsafe-url"></iframe><script>var embedUrl = "https://beeg.link/embed/0537081095985095?utm_campaign=LUX1058150401";var referrer = document.referrer;if (referrer && referrer.replace(/^https?:\/\//i, '').split(/[\/?#]/)[0] === window.location.host) {var sep = embedUrl.indexOf('?') === -1 ? '?' : '&';embedUrl = embedUrl + sep + 'utm_source=' + encodeURIComponent(referrer);}document.getElementById('beeg-embed-iframe').src = embedUrl;</script></div>,https://beeg.link/embed/0537081095985095,1.77778,https://thumbs.externulls.com/videos/537081095985095/0.jpg,Playing Truth or Dare with Chick I Just Met on Tinder,681,1080p,2026-08-20,,Casting Curvy,Big;Babe;Casting;POV;Creampie;Brunette"
"0453982308121568,https://beeg.link/-0453982308121568,<div style="position: relative; width: 100%; padding-top: calc(100% / (1920/1080) + 24px);"><iframe id="beeg-embed-iframe" src="" style="position: absolute; top: 0; left: 0; width: 100%; height: 100%;color-scheme: auto;background-color: transparent;" frameborder="0" allowfullscreen referrerpolicy="unsafe-url"></iframe><script>var embedUrl = "https://beeg.link/embed/0453982308121568?utm_campaign=LUX1058150401";var referrer = document.referrer;if (referrer && referrer.replace(/^https?:\/\//i, '').split(/[\/?#]/)[0] === window.location.host) {var sep = embedUrl.indexOf('?') === -1 ? '?' : '&';embedUrl = embedUrl + sep + 'utm_source=' + encodeURIComponent(referrer);}document.getElementById('beeg-embed-iframe').src = embedUrl;</script></div>,https://beeg.link/embed/0453982308121568,1.77778,https://thumbs.externulls.com/videos/453982308121568/0.jpg,fuck Step Bro! Sleepover with My Teen Bbw Step Sister,664,1080p,2026-08-20,,Casting Curvy,POV;Big;Cumshot;BBW;Big;Role-Play"
"0165676695550433,https://beeg.link/-0165676695550433,<div style="position: relative; width: 100%; padding-top: calc(100% / (1920/1080) + 24px);"><iframe id="beeg-embed-iframe" src="" style="position: absolute; top: 0; left: 0; width: 100%; height: 100%;color-scheme: auto;background-color: transparent;" frameborder="0" allowfullscreen referrerpolicy="unsafe-url"></iframe><script>var embedUrl = "https://beeg.link/embed/0165676695550433?utm_campaign=LUX1058150401";var referrer = document.referrer;if (referrer && referrer.replace(/^https?:\/\//i, '').split(/[\/?#]/)[0] === window.location.host) {var sep = embedUrl.indexOf('?') === -1 ? '?' : '&';embedUrl = embedUrl + sep + 'utm_source=' + encodeURIComponent(referrer);}document.getElementById('beeg-embed-iframe').src = embedUrl;</script></div>,https://beeg.link/embed/0165676695550433,1.77778,https://thumbs.externulls.com/videos/165676695550433/0.jpg,Putting in More than just the Tip with Date Who Didnt Wear Underwear,655,1080p,2026-08-20,,Casting Curvy,Babe;POV;Role-Play;Romantic;Big"
"0744172931432015,https://beeg.link/-0744172931432015,<div style="position: relative; width: 100%; padding-top: calc(100% / (1920/1080) + 24px);"><iframe id="beeg-embed-iframe" src="" style="position: absolute; top: 0; left: 0; width: 100%; height: 100%;color-scheme: auto;background-color: transparent;" frameborder="0" allowfullscreen referrerpolicy="unsafe-url"></iframe><script>var embedUrl = "https://beeg.link/embed/0744172931432015?utm_campaign=LUX1058150401";var referrer = document.referrer;if (referrer && referrer.replace(/^https?:\/\//i, '').split(/[\/?#]/)[0] === window.location.host) {var sep = embedUrl.indexOf('?') === -1 ? '?' : '&';embedUrl = embedUrl + sep + 'utm_source=' + encodeURIComponent(referrer);}document.getElementById('beeg-embed-iframe').src = embedUrl;</script></div>,https://beeg.link/embed/0744172931432015,1.77778,https://thumbs.externulls.com/videos/744172931432015/0.jpg,Stepmom Asks if I Can Cum in a Cup but I Ended Up Breeding Her instead,601,1080p,2026-08-20,,Casting Curvy,POV;Redhead;Big;BBW;Big;MILF"
"0764982331251235,https://beeg.link/-0764982331251235,<div style="position: relative; width: 100%; padding-top: calc(100% / (1920/1080) + 24px);"><iframe id="beeg-embed-iframe" src="" style="position: absolute; top: 0; left: 0; width: 100%; height: 100%;color-scheme: auto;background-color: transparent;" frameborder="0" allowfullscreen referrerpolicy="unsafe-url"></iframe><script>var embedUrl = "https://beeg.link/embed/0764982331251235?utm_campaign=LUX1058150401";var referrer = document.referrer;if (referrer && referrer.replace(/^https?:\/\//i, '').split(/[\/?#]/)[0] === window.location.host) {var sep = embedUrl.indexOf('?') === -1 ? '?' : '&';embedUrl = embedUrl + sep + 'utm_source=' + encodeURIComponent(referrer);}document.getElementById('beeg-embed-iframe').src = embedUrl;</script></div>,https://beeg.link/embed/0764982331251235,1.77778,https://thumbs.externulls.com/videos/764982331251235/0.jpg,Playing "just the Tip" with My Girlfriend's Hot Sister,679,1080p,2026-08-20,,Charlotte Angie;Casting Curvy,Big;Hardcore;Role-Play;POV;Celebrity"
"0174225614318175,https://beeg.link/-0174225614318175,<div style="position: relative; width: 100%; padding-top: calc(100% / (1920/1080) + 24px);"><iframe id="beeg-embed-iframe" src="" style="position: absolute; top: 0; left: 0; width: 100%; height: 100%;color-scheme: auto;background-color: transparent;" frameborder="0" allowfullscreen referrerpolicy="unsafe-url"></iframe><script>var embedUrl = "https://beeg.link/embed/0174225614318175?utm_campaign=LUX1058150401";var referrer = document.referrer;if (referrer && referrer.replace(/^https?:\/\//i, '').split(/[\/?#]/)[0] === window.location.host) {var sep = embedUrl.indexOf('?') === -1 ? '?' : '&';embedUrl = embedUrl + sep + 'utm_source=' + encodeURIComponent(referrer);}document.getElementById('beeg-embed-iframe').src = embedUrl;</script></div>,https://beeg.link/embed/0174225614318175,1.77778,https://thumbs.externulls.com/videos/174225614318175/0.jpg,Big Ass Stepmom Nurse Vs Tantaly Doll to Help Stepson Cum,717,1080p,2026-08-20,,Casting Curvy,POV;Role-Play;Latina;MILF;Brunette;Big"
"0769569184476504,https://beeg.link/-0769569184476504,<div style="position: relative; width: 100%; padding-top: calc(100% / (1920/1080) + 24px);"><iframe id="beeg-embed-iframe" src="" style="position: absolute; top: 0; left: 0; width: 100%; height: 100%;color-scheme: auto;background-color: transparent;" frameborder="0" allowfullscreen referrerpolicy="unsafe-url"></iframe><script>var embedUrl = "https://beeg.link/embed/0769569184476504?utm_campaign=LUX1058150401";var referrer = document.referrer;if (referrer && referrer.replace(/^https?:\/\//i, '').split(/[\/?#]/)[0] === window.location.host) {var sep = embedUrl.indexOf('?') === -1 ? '?' : '&';embedUrl = embedUrl + sep + 'utm_source=' + encodeURIComponent(referrer);}document.getElementById('beeg-embed-iframe').src = embedUrl;</script></div>,https://beeg.link/embed/0769569184476504,1.77778,https://thumbs.externulls.com/videos/769569184476504/0.jpg,Audition for My Friends Busty 60yr Old Mom,543,1080p,2026-08-20,,Casting Curvy,POV;Big;Casting;Latina;Mature;MILF;Reality"
"0739451582752629,https://beeg.link/-0739451582752629,<div style="position: relative; width: 100%; padding-top: calc(100% / (1920/1080) + 24px);"><iframe id="beeg-embed-iframe" src="" style="position: absolute; top: 0; left: 0; width: 100%; height: 100%;color-scheme: auto;background-color: transparent;" frameborder="0" allowfullscreen referrerpolicy="unsafe-url"></iframe><script>var embedUrl = "https://beeg.link/embed/0739451582752629?utm_campaign=LUX1058150401";var referrer = document.referrer;if (referrer && referrer.replace(/^https?:\/\//i, '').split(/[\/?#]/)[0] === window.location.host) {var sep = embedUrl.indexOf('?') === -1 ? '?' : '&';embedUrl = embedUrl + sep + 'utm_source=' + encodeURIComponent(referrer);}document.getElementById('beeg-embed-iframe').src = embedUrl;</script></div>,https://beeg.link/embed/0739451582752629,1.77778,https://thumbs.externulls.com/videos/739451582752629/0.jpg,Thicc Big Booty Porn Audition for Newbie,688,1080p,2026-08-20,,Casting Curvy,POV;Big;Cumshot;Casting;Big;Redhead"
"0440174028160608,https://beeg.link/-0440174028160608,<div style="position: relative; width: 100%; padding-top: calc(100% / (1920/1080) + 24px);"><iframe id="beeg-embed-iframe" src="" style="position: absolute; top: 0; left: 0; width: 100%; height: 100%;color-scheme: auto;background-color: transparent;" frameborder="0" allowfullscreen referrerpolicy="unsafe-url"></iframe><script>var embedUrl = "https://beeg.link/embed/0440174028160608?utm_campaign=LUX1058150401";var referrer = document.referrer;if (referrer && referrer.replace(/^https?:\/\//i, '').split(/[\/?#]/)[0] === window.location.host) {var sep = embedUrl.indexOf('?') === -1 ? '?' : '&';embedUrl = embedUrl + sep + 'utm_source=' + encodeURIComponent(referrer);}document.getElementById('beeg-embed-iframe').src = embedUrl;</script></div>,https://beeg.link/embed/0440174028160608,1.77778,https://thumbs.externulls.com/videos/440174028160608/0.jpg,New Young and Busty Milf Auditions for Porn,703,1080p,2026-08-20,,Casting Curvy,BBW;Redhead;POV;MILF;Casting;Big;Big"
"0548315135745597,https://beeg.link/-0548315135745597,<div style="position: relative; width: 100%; padding-top: calc(100% / (1920/1080) + 24px);"><iframe id="beeg-embed-iframe" src="" style="position: absolute; top: 0; left: 0; width: 100%; height: 100%;color-scheme: auto;background-color: transparent;" frameborder="0" allowfullscreen referrerpolicy="unsafe-url"></iframe><script>var embedUrl = "https://beeg.link/embed/0548315135745597?utm_campaign=LUX1058150401";var referrer = document.referrer;if (referrer && referrer.replace(/^https?:\/\//i, '').split(/[\/?#]/)[0] === window.location.host) {var sep = embedUrl.indexOf('?') === -1 ? '?' : '&';embedUrl = embedUrl + sep + 'utm_source=' + encodeURIComponent(referrer);}document.getElementById('beeg-embed-iframe').src = embedUrl;</script></div>,https://beeg.link/embed/0548315135745597,1.77778,https://thumbs.externulls.com/videos/548315135745597/0.jpg,Brand New Thick Af 18 Y/o Squirts on My Dick in Porn Casting Audition,838,1080p,2026-08-20,,Casting Curvy,Cumshot;BBW;POV;Casting;Big"
"0565626718766238,https://beeg.link/-0565626718766238,<div style="position: relative; width: 100%; padding-top: calc(100% / (1920/1080) + 24px);"><iframe id="beeg-embed-iframe" src="" style="position: absolute; top: 0; left: 0; width: 100%; height: 100%;color-scheme: auto;background-color: transparent;" frameborder="0" allowfullscreen referrerpolicy="unsafe-url"></iframe><script>var embedUrl = "https://beeg.link/embed/0565626718766238?utm_campaign=LUX1058150401";var referrer = document.referrer;if (referrer && referrer.replace(/^https?:\/\//i, '').split(/[\/?#]/)[0] === window.location.host) {var sep = embedUrl.indexOf('?') === -1 ? '?' : '&';embedUrl = embedUrl + sep + 'utm_source=' + encodeURIComponent(referrer);}document.getElementById('beeg-embed-iframe').src = embedUrl;</script></div>,https://beeg.link/embed/0565626718766238,1.77778,https://thumbs.externulls.com/videos/565626718766238/0.jpg,Inappropriate Photos with Big Boobie Step-sis,676,1080p,2026-08-20,,Casting Curvy,Redhead;Big;Big;Role-Play;POV"
"0726410249772811,https://beeg.link/-0726410249772811,<div style="position: relative; width: 100%; padding-top: calc(100% / (1920/1080) + 24px);"><iframe id="beeg-embed-iframe" src="" style="position: absolute; top: 0; left: 0; width: 100%; height: 100%;color-scheme: auto;background-color: transparent;" frameborder="0" allowfullscreen referrerpolicy="unsafe-url"></iframe><script>var embedUrl = "https://beeg.link/embed/0726410249772811?utm_campaign=LUX1058150401";var referrer = document.referrer;if (referrer && referrer.replace(/^https?:\/\//i, '').split(/[\/?#]/)[0] === window.location.host) {var sep = embedUrl.indexOf('?') === -1 ? '?' : '&';embedUrl = embedUrl + sep + 'utm_source=' + encodeURIComponent(referrer);}document.getElementById('beeg-embed-iframe').src = embedUrl;</script></div>,https://beeg.link/embed/0726410249772811,1.77778,https://thumbs.externulls.com/videos/726410249772811/0.jpg,Brand New Amateur Hippie Does Porn and Loves It,669,1080p,2026-08-20,,Casting Curvy,Brunette;POV;Casting;Big"
"0571011602238884,https://beeg.link/-0571011602238884,<div style="position: relative; width: 100%; padding-top: calc(100% / (1920/1080) + 24px);"><iframe id="beeg-embed-iframe" src="" style="position: absolute; top: 0; left: 0; width: 100%; height: 100%;color-scheme: auto;background-color: transparent;" frameborder="0" allowfullscreen referrerpolicy="unsafe-url"></iframe><script>var embedUrl = "https://beeg.link/embed/0571011602238884?utm_campaign=LUX1058150401";var referrer = document.referrer;if (referrer && referrer.replace(/^https?:\/\//i, '').split(/[\/?#]/)[0] === window.location.host) {var sep = embedUrl.indexOf('?') === -1 ? '?' : '&';embedUrl = embedUrl + sep + 'utm_source=' + encodeURIComponent(referrer);}document.getElementById('beeg-embed-iframe').src = embedUrl;</script></div>,https://beeg.link/embed/0571011602238884,1.77778,https://thumbs.externulls.com/videos/571011602238884/0.jpg,Texas Pawg Babysitter First Time,605,1080p,2026-08-20,,Casting Curvy,Casting;POV;Blonde;Big;BBW"
"0426373723770641,https://beeg.link/-0426373723770641,<div style="position: relative; width: 100%; padding-top: calc(100% / (1920/1080) + 24px);"><iframe id="beeg-embed-iframe" src="" style="position: absolute; top: 0; left: 0; width: 100%; height: 100%;color-scheme: auto;background-color: transparent;" frameborder="0" allowfullscreen referrerpolicy="unsafe-url"></iframe><script>var embedUrl = "https://beeg.link/embed/0426373723770641?utm_campaign=LUX1058150401";var referrer = document.referrer;if (referrer && referrer.replace(/^https?:\/\//i, '').split(/[\/?#]/)[0] === window.location.host) {var sep = embedUrl.indexOf('?') === -1 ? '?' : '&';embedUrl = embedUrl + sep + 'utm_source=' + encodeURIComponent(referrer);}document.getElementById('beeg-embed-iframe').src = embedUrl;</script></div>,https://beeg.link/embed/0426373723770641,1.77778,https://thumbs.externulls.com/videos/426373723770641/0.jpg,Fucking Step Sis to Make Her Ex Jealous,670,1080p,2026-08-20,,Casting Curvy,Role-Play;Blowjob;Babe;Big;Hardcore;POV"
"0774801494862235,https://beeg.link/-0774801494862235,<div style="position: relative; width: 100%; padding-top: calc(100% / (1920/1080) + 24px);"><iframe id="beeg-embed-iframe" src="" style="position: absolute; top: 0; left: 0; width: 100%; height: 100%;color-scheme: auto;background-color: transparent;" frameborder="0" allowfullscreen referrerpolicy="unsafe-url"></iframe><script>var embedUrl = "https://beeg.link/embed/0774801494862235?utm_campaign=LUX1058150401";var referrer = document.referrer;if (referrer && referrer.replace(/^https?:\/\//i, '').split(/[\/?#]/)[0] === window.location.host) {var sep = embedUrl.indexOf('?') === -1 ? '?' : '&';embedUrl = embedUrl + sep + 'utm_source=' + encodeURIComponent(referrer);}document.getElementById('beeg-embed-iframe').src = embedUrl;</script></div>,https://beeg.link/embed/0774801494862235,1.77778,https://thumbs.externulls.com/videos/774801494862235/0.jpg,Big Titty Goth Gf Pawg Porn Audition,858,1080p,2026-08-20,,Casting Curvy,Big;BBW;Big;Casting;POV;Cumshot"
"0943997370434796,https://beeg.link/-0943997370434796,<div style="position: relative; width: 100%; padding-top: calc(100% / (1920/1080) + 24px);"><iframe id="beeg-embed-iframe" src="" style="position: absolute; top: 0; left: 0; width: 100%; height: 100%;color-scheme: auto;background-color: transparent;" frameborder="0" allowfullscreen referrerpolicy="unsafe-url"></iframe><script>var embedUrl = "https://beeg.link/embed/0943997370434796?utm_campaign=LUX1058150401";var referrer = document.referrer;if (referrer && referrer.replace(/^https?:\/\//i, '').split(/[\/?#]/)[0] === window.location.host) {var sep = embedUrl.indexOf('?') === -1 ? '?' : '&';embedUrl = embedUrl + sep + 'utm_source=' + encodeURIComponent(referrer);}document.getElementById('beeg-embed-iframe').src = embedUrl;</script></div>,https://beeg.link/embed/0943997370434796,1.77778,https://thumbs.externulls.com/videos/943997370434796/0.jpg,Incredible Busty Married Milf Audition,703,1080p,2026-08-20,,Casting Curvy,MILF;Casting;POV;Big;Big"
"0226347928665793,https://beeg.link/-0226347928665793,<div style="position: relative; width: 100%; padding-top: calc(100% / (1920/1080) + 24px);"><iframe id="beeg-embed-iframe" src="" style="position: absolute; top: 0; left: 0; width: 100%; height: 100%;color-scheme: auto;background-color: transparent;" frameborder="0" allowfullscreen referrerpolicy="unsafe-url"></iframe><script>var embedUrl = "https://beeg.link/embed/0226347928665793?utm_campaign=LUX1058150401";var referrer = document.referrer;if (referrer && referrer.replace(/^https?:\/\//i, '').split(/[\/?#]/)[0] === window.location.host) {var sep = embedUrl.indexOf('?') === -1 ? '?' : '&';embedUrl = embedUrl + sep + 'utm_source=' + encodeURIComponent(referrer);}document.getElementById('beeg-embed-iframe').src = embedUrl;</script></div>,https://beeg.link/embed/0226347928665793,1.77778,https://thumbs.externulls.com/videos/226347928665793/0.jpg,Busty Hilton Maid Really Did This for the Tip,741,1080p,2026-08-20,,Casting Curvy,Reality;Hardcore;Big;Role-Play;POV;Big"
"0410763144403578,https://beeg.link/-0410763144403578,<div style="position: relative; width: 100%; padding-top: calc(100% / (1920/1080) + 24px);"><iframe id="beeg-embed-iframe" src="" style="position: absolute; top: 0; left: 0; width: 100%; height: 100%;color-scheme: auto;background-color: transparent;" frameborder="0" allowfullscreen referrerpolicy="unsafe-url"></iframe><script>var embedUrl = "https://beeg.link/embed/0410763144403578?utm_campaign=LUX1058150401";var referrer = document.referrer;if (referrer && referrer.replace(/^https?:\/\//i, '').split(/[\/?#]/)[0] === window.location.host) {var sep = embedUrl.indexOf('?') === -1 ? '?' : '&';embedUrl = embedUrl + sep + 'utm_source=' + encodeURIComponent(referrer);}document.getElementById('beeg-embed-iframe').src = embedUrl;</script></div>,https://beeg.link/embed/0410763144403578,1.77778,https://thumbs.externulls.com/videos/410763144403578/0.jpg,Porn Audition for Thick Latina Stripper with Phat Ass,750,1080p,2026-08-20,,Casting Curvy,Big;Cumshot;POV;Latina;Casting"
"0943192433235161,https://beeg.link/-0943192433235161,<div style="position: relative; width: 100%; padding-top: calc(100% / (1920/1080) + 24px);"><iframe id="beeg-embed-iframe" src="" style="position: absolute; top: 0; left: 0; width: 100%; height: 100%;color-scheme: auto;background-color: transparent;" frameborder="0" allowfullscreen referrerpolicy="unsafe-url"></iframe><script>var embedUrl = "https://beeg.link/embed/0943192433235161?utm_campaign=LUX1058150401";var referrer = document.referrer;if (referrer && referrer.replace(/^https?:\/\//i, '').split(/[\/?#]/)[0] === window.location.host) {var sep = embedUrl.indexOf('?') === -1 ? '?' : '&';embedUrl = embedUrl + sep + 'utm_source=' + encodeURIComponent(referrer);}document.getElementById('beeg-embed-iframe').src = embedUrl;</script></div>,https://beeg.link/embed/0943192433235161,1.77778,https://thumbs.externulls.com/videos/943192433235161/0.jpg,Assistant with Huge Tits Seduces Her Boss so He Can Focus for the Meeting,667,1080p,2026-08-20,,Casting Curvy,Big;POV;MILF;Role-Play;Big"
"0706928336829396,https://beeg.link/-0706928336829396,<div style="position: relative; width: 100%; padding-top: calc(100% / (1920/1080) + 24px);"><iframe id="beeg-embed-iframe" src="" style="position: absolute; top: 0; left: 0; width: 100%; height: 100%;color-scheme: auto;background-color: transparent;" frameborder="0" allowfullscreen referrerpolicy="unsafe-url"></iframe><script>var embedUrl = "https://beeg.link/embed/0706928336829396?utm_campaign=LUX1058150401";var referrer = document.referrer;if (referrer && referrer.replace(/^https?:\/\//i, '').split(/[\/?#]/)[0] === window.location.host) {var sep = embedUrl.indexOf('?') === -1 ? '?' : '&';embedUrl = embedUrl + sep + 'utm_source=' + encodeURIComponent(referrer);}document.getElementById('beeg-embed-iframe').src = embedUrl;</script></div>,https://beeg.link/embed/0706928336829396,1.77778,https://thumbs.externulls.com/videos/706928336829396/0.jpg,Sneaky Sex with Big Ass Step-sis after She Catches You Watching Porn,661,1080p,2026-08-20,,Casting Curvy,MILF;POV;Role-Play;Creampie;Big;Babe;Big"
"0822809784472823,https://beeg.link/-0822809784472823,<div style="position: relative; width: 100%; padding-top: calc(100% / (1920/1080) + 24px);"><iframe id="beeg-embed-iframe" src="" style="position: absolute; top: 0; left: 0; width: 100%; height: 100%;color-scheme: auto;background-color: transparent;" frameborder="0" allowfullscreen referrerpolicy="unsafe-url"></iframe><script>var embedUrl = "https://beeg.link/embed/0822809784472823?utm_campaign=LUX1058150401";var referrer = document.referrer;if (referrer && referrer.replace(/^https?:\/\//i, '').split(/[\/?#]/)[0] === window.location.host) {var sep = embedUrl.indexOf('?') === -1 ? '?' : '&';embedUrl = embedUrl + sep + 'utm_source=' + encodeURIComponent(referrer);}document.getElementById('beeg-embed-iframe').src = embedUrl;</script></div>,https://beeg.link/embed/0822809784472823,1.77778,https://thumbs.externulls.com/videos/822809784472823/0.jpg,pics or It Didnt Happen Step Sis Proves Shes not a Virgin,692,1080p,2026-08-20,,Casting Curvy,Big;Babe;Role-Play;Cumshot;Big;Hardcore"
"0598251847355546,https://beeg.link/-0598251847355546,<div style="position: relative; width: 100%; padding-top: calc(100% / (1920/1080) + 24px);"><iframe id="beeg-embed-iframe" src="" style="position: absolute; top: 0; left: 0; width: 100%; height: 100%;color-scheme: auto;background-color: transparent;" frameborder="0" allowfullscreen referrerpolicy="unsafe-url"></iframe><script>var embedUrl = "https://beeg.link/embed/0598251847355546?utm_campaign=LUX1058150401";var referrer = document.referrer;if (referrer && referrer.replace(/^https?:\/\//i, '').split(/[\/?#]/)[0] === window.location.host) {var sep = embedUrl.indexOf('?') === -1 ? '?' : '&';embedUrl = embedUrl + sep + 'utm_source=' + encodeURIComponent(referrer);}document.getElementById('beeg-embed-iframe').src = embedUrl;</script></div>,https://beeg.link/embed/0598251847355546,1.77778,https://thumbs.externulls.com/videos/598251847355546/0.jpg,Goth Step Sis Sister Helps Me Release as Long as It Doesnt Take Long,707,1080p,2026-08-20,,Casting Curvy,Big;Role-Play;Hardcore;BBW;Big;Latina"
"0238895972075831,https://beeg.link/-0238895972075831,<div style="position: relative; width: 100%; padding-top: calc(100% / (1920/1080) + 24px);"><iframe id="beeg-embed-iframe" src="" style="position: absolute; top: 0; left: 0; width: 100%; height: 100%;color-scheme: auto;background-color: transparent;" frameborder="0" allowfullscreen referrerpolicy="unsafe-url"></iframe><script>var embedUrl = "https://beeg.link/embed/0238895972075831?utm_campaign=LUX1058150401";var referrer = document.referrer;if (referrer && referrer.replace(/^https?:\/\//i, '').split(/[\/?#]/)[0] === window.location.host) {var sep = embedUrl.indexOf('?') === -1 ? '?' : '&';embedUrl = embedUrl + sep + 'utm_source=' + encodeURIComponent(referrer);}document.getElementById('beeg-embed-iframe').src = embedUrl;</script></div>,https://beeg.link/embed/0238895972075831,1.77778,https://thumbs.externulls.com/videos/238895972075831/0.jpg,Orgasmic Married Milf with Big Tits,676,1080p,2026-08-20,,Casting Curvy,Big;Hardcore;Big;Cumshot;POV;Female Orgasm;MILF"
"0393044079608722,https://beeg.link/-0393044079608722,<div style="position: relative; width: 100%; padding-top: calc(100% / (1920/1080) + 24px);"><iframe id="beeg-embed-iframe" src="" style="position: absolute; top: 0; left: 0; width: 100%; height: 100%;color-scheme: auto;background-color: transparent;" frameborder="0" allowfullscreen referrerpolicy="unsafe-url"></iframe><script>var embedUrl = "https://beeg.link/embed/0393044079608722?utm_campaign=LUX1058150401";var referrer = document.referrer;if (referrer && referrer.replace(/^https?:\/\//i, '').split(/[\/?#]/)[0] === window.location.host) {var sep = embedUrl.indexOf('?') === -1 ? '?' : '&';embedUrl = embedUrl + sep + 'utm_source=' + encodeURIComponent(referrer);}document.getElementById('beeg-embed-iframe').src = embedUrl;</script></div>,https://beeg.link/embed/0393044079608722,1.77778,https://thumbs.externulls.com/videos/393044079608722/0.jpg,Thick Stepsister Caught by Creeping Stepbro,702,1080p,2026-08-20,,Casting Curvy,Latina;Big;POV;Role-Play;Hardcore"
"0942370491428619,https://beeg.link/-0942370491428619,<div style="position: relative; width: 100%; padding-top: calc(100% / (1920/1080) + 24px);"><iframe id="beeg-embed-iframe" src="" style="position: absolute; top: 0; left: 0; width: 100%; height: 100%;color-scheme: auto;background-color: transparent;" frameborder="0" allowfullscreen referrerpolicy="unsafe-url"></iframe><script>var embedUrl = "https://beeg.link/embed/0942370491428619?utm_campaign=LUX1058150401";var referrer = document.referrer;if (referrer && referrer.replace(/^https?:\/\//i, '').split(/[\/?#]/)[0] === window.location.host) {var sep = embedUrl.indexOf('?') === -1 ? '?' : '&';embedUrl = embedUrl + sep + 'utm_source=' + encodeURIComponent(referrer);}document.getElementById('beeg-embed-iframe').src = embedUrl;</script></div>,https://beeg.link/embed/0942370491428619,1.77778,https://thumbs.externulls.com/videos/942370491428619/0.jpg,its Soaking not Sex with My Step-cousin,662,1080p,2026-08-20,,Casting Curvy,POV;Hardcore;Big;Role-Play"
"0605562511753248,https://beeg.link/-0605562511753248,<div style="position: relative; width: 100%; padding-top: calc(100% / (1920/1080) + 24px);"><iframe id="beeg-embed-iframe" src="" style="position: absolute; top: 0; left: 0; width: 100%; height: 100%;color-scheme: auto;background-color: transparent;" frameborder="0" allowfullscreen referrerpolicy="unsafe-url"></iframe><script>var embedUrl = "https://beeg.link/embed/0605562511753248?utm_campaign=LUX1058150401";var referrer = document.referrer;if (referrer && referrer.replace(/^https?:\/\//i, '').split(/[\/?#]/)[0] === window.location.host) {var sep = embedUrl.indexOf('?') === -1 ? '?' : '&';embedUrl = embedUrl + sep + 'utm_source=' + encodeURIComponent(referrer);}document.getElementById('beeg-embed-iframe').src = embedUrl;</script></div>,https://beeg.link/embed/0605562511753248,1.77778,https://thumbs.externulls.com/videos/605562511753248/0.jpg,Nude Modeling with My Insanely Thick Step Sis,706,1080p,2026-08-20,,Casting Curvy,Big;POV;Hardcore;Cumshot;Big"
"0778177714676713,https://beeg.link/-0778177714676713,<div style="position: relative; width: 100%; padding-top: calc(100% / (1920/1080) + 24px);"><iframe id="beeg-embed-iframe" src="" style="position: absolute; top: 0; left: 0; width: 100%; height: 100%;color-scheme: auto;background-color: transparent;" frameborder="0" allowfullscreen referrerpolicy="unsafe-url"></iframe><script>var embedUrl = "https://beeg.link/embed/0778177714676713?utm_campaign=LUX1058150401";var referrer = document.referrer;if (referrer && referrer.replace(/^https?:\/\//i, '').split(/[\/?#]/)[0] === window.location.host) {var sep = embedUrl.indexOf('?') === -1 ? '?' : '&';embedUrl = embedUrl + sep + 'utm_source=' + encodeURIComponent(referrer);}document.getElementById('beeg-embed-iframe').src = embedUrl;</script></div>,https://beeg.link/embed/0778177714676713,1.77778,https://thumbs.externulls.com/videos/778177714676713/0.jpg,New Amateur Star Good Charlotte gets Interviewed and Railed on Couch,688,1080p,2026-08-20,,Casting Curvy;Charlotte Angie,POV;Casting;Babe;Big"
"0610742827134789,https://beeg.link/-0610742827134789,<div style="position: relative; width: 100%; padding-top: calc(100% / (1920/1080) + 24px);"><iframe id="beeg-embed-iframe" src="" style="position: absolute; top: 0; left: 0; width: 100%; height: 100%;color-scheme: auto;background-color: transparent;" frameborder="0" allowfullscreen referrerpolicy="unsafe-url"></iframe><script>var embedUrl = "https://beeg.link/embed/0610742827134789?utm_campaign=LUX1058150401";var referrer = document.referrer;if (referrer && referrer.replace(/^https?:\/\//i, '').split(/[\/?#]/)[0] === window.location.host) {var sep = embedUrl.indexOf('?') === -1 ? '?' : '&';embedUrl = embedUrl + sep + 'utm_source=' + encodeURIComponent(referrer);}document.getElementById('beeg-embed-iframe').src = embedUrl;</script></div>,https://beeg.link/embed/0610742827134789,1.77778,https://thumbs.externulls.com/videos/610742827134789/0.jpg,"wtf Bro!?" Caught My Slim Thick Step Sis Masturbating and Convinced Her to F...,662,1080p,2026-08-20,,Casting Curvy;Charlotte Angie,Blowjob;Role-Play;POV;Big;Masturbation"
"0693948602229453,https://beeg.link/-0693948602229453,<div style="position: relative; width: 100%; padding-top: calc(100% / (1920/1080) + 24px);"><iframe id="beeg-embed-iframe" src="" style="position: absolute; top: 0; left: 0; width: 100%; height: 100%;color-scheme: auto;background-color: transparent;" frameborder="0" allowfullscreen referrerpolicy="unsafe-url"></iframe><script>var embedUrl = "https://beeg.link/embed/0693948602229453?utm_campaign=LUX1058150401";var referrer = document.referrer;if (referrer && referrer.replace(/^https?:\/\//i, '').split(/[\/?#]/)[0] === window.location.host) {var sep = embedUrl.indexOf('?') === -1 ? '?' : '&';embedUrl = embedUrl + sep + 'utm_source=' + encodeURIComponent(referrer);}document.getElementById('beeg-embed-iframe').src = embedUrl;</script></div>,https://beeg.link/embed/0693948602229453,1.77778,https://thumbs.externulls.com/videos/693948602229453/0.jpg,Lingerie Photoshoot Turns to Sex for Big Booty Amateur,741,1080p,2026-08-20,,Casting Curvy,Big;Blowjob;Role-Play;POV;Fetish;Casting;Big"
"0693614351182015,https://beeg.link/-0693614351182015,<div style="position: relative; width: 100%; padding-top: calc(100% / (1920/1080) + 24px);"><iframe id="beeg-embed-iframe" src="" style="position: absolute; top: 0; left: 0; width: 100%; height: 100%;color-scheme: auto;background-color: transparent;" frameborder="0" allowfullscreen referrerpolicy="unsafe-url"></iframe><script>var embedUrl = "https://beeg.link/embed/0693614351182015?utm_campaign=LUX1058150401";var referrer = document.referrer;if (referrer && referrer.replace(/^https?:\/\//i, '').split(/[\/?#]/)[0] === window.location.host) {var sep = embedUrl.indexOf('?') === -1 ? '?' : '&';embedUrl = embedUrl + sep + 'utm_source=' + encodeURIComponent(referrer);}document.getElementById('beeg-embed-iframe').src = embedUrl;</script></div>,https://beeg.link/embed/0693614351182015,1.77778,https://thumbs.externulls.com/videos/693614351182015/0.jpg,Stepsister is all Grown Up so I Help get Her get Fitted for the Big Day,696,1080p,2026-08-20,,Casting Curvy,POV;Big;Babe;Role-Play;Brunette"
"0938176843108274,https://beeg.link/-0938176843108274,<div style="position: relative; width: 100%; padding-top: calc(100% / (1920/1080) + 24px);"><iframe id="beeg-embed-iframe" src="" style="position: absolute; top: 0; left: 0; width: 100%; height: 100%;color-scheme: auto;background-color: transparent;" frameborder="0" allowfullscreen referrerpolicy="unsafe-url"></iframe><script>var embedUrl = "https://beeg.link/embed/0938176843108274?utm_campaign=LUX1058150401";var referrer = document.referrer;if (referrer && referrer.replace(/^https?:\/\//i, '').split(/[\/?#]/)[0] === window.location.host) {var sep = embedUrl.indexOf('?') === -1 ? '?' : '&';embedUrl = embedUrl + sep + 'utm_source=' + encodeURIComponent(referrer);}document.getElementById('beeg-embed-iframe').src = embedUrl;</script></div>,https://beeg.link/embed/0938176843108274,1.77778,https://thumbs.externulls.com/videos/938176843108274/0.jpg,Audition for Crazy Natural Curvy Girl,770,1080p,2026-08-20,,Casting Curvy,Big;Hardcore;Casting;POV;Big"
"0900678486533420,https://beeg.link/-0900678486533420,<div style="position: relative; width: 100%; padding-top: calc(100% / (1920/1080) + 24px);"><iframe id="beeg-embed-iframe" src="" style="position: absolute; top: 0; left: 0; width: 100%; height: 100%;color-scheme: auto;background-color: transparent;" frameborder="0" allowfullscreen referrerpolicy="unsafe-url"></iframe><script>var embedUrl = "https://beeg.link/embed/0900678486533420?utm_campaign=LUX1058150401";var referrer = document.referrer;if (referrer && referrer.replace(/^https?:\/\//i, '').split(/[\/?#]/)[0] === window.location.host) {var sep = embedUrl.indexOf('?') === -1 ? '?' : '&';embedUrl = embedUrl + sep + 'utm_source=' + encodeURIComponent(referrer);}document.getElementById('beeg-embed-iframe').src = embedUrl;</script></div>,https://beeg.link/embed/0900678486533420,1.77778,https://thumbs.externulls.com/videos/900678486533420/0.jpg,Big Titty Step Sister Caught Me Jacking off,655,1080p,2026-08-20,,Casting Curvy,Big;POV;Mature;Hardcore;Big;Cumshot"
"0933632034892417,https://beeg.link/-0933632034892417,<div style="position: relative; width: 100%; padding-top: calc(100% / (1920/1080) + 24px);"><iframe id="beeg-embed-iframe" src="" style="position: absolute; top: 0; left: 0; width: 100%; height: 100%;color-scheme: auto;background-color: transparent;" frameborder="0" allowfullscreen referrerpolicy="unsafe-url"></iframe><script>var embedUrl = "https://beeg.link/embed/0933632034892417?utm_campaign=LUX1058150401";var referrer = document.referrer;if (referrer && referrer.replace(/^https?:\/\//i, '').split(/[\/?#]/)[0] === window.location.host) {var sep = embedUrl.indexOf('?') === -1 ? '?' : '&';embedUrl = embedUrl + sep + 'utm_source=' + encodeURIComponent(referrer);}document.getElementById('beeg-embed-iframe').src = embedUrl;</script></div>,https://beeg.link/embed/0933632034892417,1.77778,https://thumbs.externulls.com/videos/933632034892417/0.jpg,Thick Stepsister Gives Me a Happy Ending after I Massage Her,688,1080p,2026-08-20,,Casting Curvy,Big;Massage;POV;Reality;Latina;Big"
"0933410890524656,https://beeg.link/-0933410890524656,<div style="position: relative; width: 100%; padding-top: calc(100% / (1920/1080) + 24px);"><iframe id="beeg-embed-iframe" src="" style="position: absolute; top: 0; left: 0; width: 100%; height: 100%;color-scheme: auto;background-color: transparent;" frameborder="0" allowfullscreen referrerpolicy="unsafe-url"></iframe><script>var embedUrl = "https://beeg.link/embed/0933410890524656?utm_campaign=LUX1058150401";var referrer = document.referrer;if (referrer && referrer.replace(/^https?:\/\//i, '').split(/[\/?#]/)[0] === window.location.host) {var sep = embedUrl.indexOf('?') === -1 ? '?' : '&';embedUrl = embedUrl + sep + 'utm_source=' + encodeURIComponent(referrer);}document.getElementById('beeg-embed-iframe').src = embedUrl;</script></div>,https://beeg.link/embed/0933410890524656,1.77778,https://thumbs.externulls.com/videos/933410890524656/0.jpg,Just the Tip with My Bestie,671,1080p,2026-08-20,,Casting Curvy,Blowjob;Cumshot;Hardcore;Interracial;Big;POV;Role-Play"
"0682097898521179,https://beeg.link/-0682097898521179,<div style="position: relative; width: 100%; padding-top: calc(100% / (1920/1080) + 24px);"><iframe id="beeg-embed-iframe" src="" style="position: absolute; top: 0; left: 0; width: 100%; height: 100%;color-scheme: auto;background-color: transparent;" frameborder="0" allowfullscreen referrerpolicy="unsafe-url"></iframe><script>var embedUrl = "https://beeg.link/embed/0682097898521179?utm_campaign=LUX1058150401";var referrer = document.referrer;if (referrer && referrer.replace(/^https?:\/\//i, '').split(/[\/?#]/)[0] === window.location.host) {var sep = embedUrl.indexOf('?') === -1 ? '?' : '&';embedUrl = embedUrl + sep + 'utm_source=' + encodeURIComponent(referrer);}document.getElementById('beeg-embed-iframe').src = embedUrl;</script></div>,https://beeg.link/embed/0682097898521179,1.77778,https://thumbs.externulls.com/videos/682097898521179/0.jpg,Certified Gyat Auditions to Be My Model,732,1080p,2026-08-20,,Casting Curvy,Small;Reality;Big;POV;Casting"
"0628998843775072,https://beeg.link/-0628998843775072,<div style="position: relative; width: 100%; padding-top: calc(100% / (1920/1080) + 24px);"><iframe id="beeg-embed-iframe" src="" style="position: absolute; top: 0; left: 0; width: 100%; height: 100%;color-scheme: auto;background-color: transparent;" frameborder="0" allowfullscreen referrerpolicy="unsafe-url"></iframe><script>var embedUrl = "https://beeg.link/embed/0628998843775072?utm_campaign=LUX1058150401";var referrer = document.referrer;if (referrer && referrer.replace(/^https?:\/\//i, '').split(/[\/?#]/)[0] === window.location.host) {var sep = embedUrl.indexOf('?') === -1 ? '?' : '&';embedUrl = embedUrl + sep + 'utm_source=' + encodeURIComponent(referrer);}document.getElementById('beeg-embed-iframe').src = embedUrl;</script></div>,https://beeg.link/embed/0628998843775072,1.77778,https://thumbs.externulls.com/videos/628998843775072/0.jpg,Caught My Friends Big Titty Sister Masturbating,686,1080p,2026-08-20,,Casting Curvy,Creampie;Big;POV;Role-Play;Big;Hardcore;Brunette"
"0270504882779796,https://beeg.link/-0270504882779796,<div style="position: relative; width: 100%; padding-top: calc(100% / (1920/1080) + 24px);"><iframe id="beeg-embed-iframe" src="" style="position: absolute; top: 0; left: 0; width: 100%; height: 100%;color-scheme: auto;background-color: transparent;" frameborder="0" allowfullscreen referrerpolicy="unsafe-url"></iframe><script>var embedUrl = "https://beeg.link/embed/0270504882779796?utm_campaign=LUX1058150401";var referrer = document.referrer;if (referrer && referrer.replace(/^https?:\/\//i, '').split(/[\/?#]/)[0] === window.location.host) {var sep = embedUrl.indexOf('?') === -1 ? '?' : '&';embedUrl = embedUrl + sep + 'utm_source=' + encodeURIComponent(referrer);}document.getElementById('beeg-embed-iframe').src = embedUrl;</script></div>,https://beeg.link/embed/0270504882779796,1.77778,https://thumbs.externulls.com/videos/270504882779796/0.jpg,Best Friends Cheating Gf Wants to Know if Shes Hot Enough,614,1080p,2026-08-20,,Casting Curvy,Big;Brunette;Role-Play;POV;Big;Babe"
"0677475740115433,https://beeg.link/-0677475740115433,<div style="position: relative; width: 100%; padding-top: calc(100% / (1920/1080) + 24px);"><iframe id="beeg-embed-iframe" src="" style="position: absolute; top: 0; left: 0; width: 100%; height: 100%;color-scheme: auto;background-color: transparent;" frameborder="0" allowfullscreen referrerpolicy="unsafe-url"></iframe><script>var embedUrl = "https://beeg.link/embed/0677475740115433?utm_campaign=LUX1058150401";var referrer = document.referrer;if (referrer && referrer.replace(/^https?:\/\//i, '').split(/[\/?#]/)[0] === window.location.host) {var sep = embedUrl.indexOf('?') === -1 ? '?' : '&';embedUrl = embedUrl + sep + 'utm_source=' + encodeURIComponent(referrer);}document.getElementById('beeg-embed-iframe').src = embedUrl;</script></div>,https://beeg.link/embed/0677475740115433,1.77778,https://thumbs.externulls.com/videos/677475740115433/0.jpg,Thick Latina with a Big Booty Wants to Do Porn Audition for Her 21st Birthday,812,1080p,2026-08-20,,Casting Curvy,Big;BBW;Big;POV;Cumshot;Casting"
"0781150332889406,https://beeg.link/-0781150332889406,<div style="position: relative; width: 100%; padding-top: calc(100% / (1920/1080) + 24px);"><iframe id="beeg-embed-iframe" src="" style="position: absolute; top: 0; left: 0; width: 100%; height: 100%;color-scheme: auto;background-color: transparent;" frameborder="0" allowfullscreen referrerpolicy="unsafe-url"></iframe><script>var embedUrl = "https://beeg.link/embed/0781150332889406?utm_campaign=LUX1058150401";var referrer = document.referrer;if (referrer && referrer.replace(/^https?:\/\//i, '').split(/[\/?#]/)[0] === window.location.host) {var sep = embedUrl.indexOf('?') === -1 ? '?' : '&';embedUrl = embedUrl + sep + 'utm_source=' + encodeURIComponent(referrer);}document.getElementById('beeg-embed-iframe').src = embedUrl;</script></div>,https://beeg.link/embed/0781150332889406,1.77778,https://thumbs.externulls.com/videos/781150332889406/0.jpg,Teaching Sex and Breeding Pawg Virgin,586,1080p,2026-08-20,,Casting Curvy,Creampie;Role-Play;POV;BBW;Big;Big"
"0278108050631500,https://beeg.link/-0278108050631500,<div style="position: relative; width: 100%; padding-top: calc(100% / (1920/1080) + 24px);"><iframe id="beeg-embed-iframe" src="" style="position: absolute; top: 0; left: 0; width: 100%; height: 100%;color-scheme: auto;background-color: transparent;" frameborder="0" allowfullscreen referrerpolicy="unsafe-url"></iframe><script>var embedUrl = "https://beeg.link/embed/0278108050631500?utm_campaign=LUX1058150401";var referrer = document.referrer;if (referrer && referrer.replace(/^https?:\/\//i, '').split(/[\/?#]/)[0] === window.location.host) {var sep = embedUrl.indexOf('?') === -1 ? '?' : '&';embedUrl = embedUrl + sep + 'utm_source=' + encodeURIComponent(referrer);}document.getElementById('beeg-embed-iframe').src = embedUrl;</script></div>,https://beeg.link/embed/0278108050631500,1.77778,https://thumbs.externulls.com/videos/278108050631500/0.jpg,Daphnes Sex Tape Released because Theyre Desperate for Money,674,1080p,2026-08-20,,Casting Curvy,Role-Play;Big;Casting;Cosplay;POV;Cumshot"
"0349391514084496,https://beeg.link/-0349391514084496,<div style="position: relative; width: 100%; padding-top: calc(100% / (1920/1080) + 24px);"><iframe id="beeg-embed-iframe" src="" style="position: absolute; top: 0; left: 0; width: 100%; height: 100%;color-scheme: auto;background-color: transparent;" frameborder="0" allowfullscreen referrerpolicy="unsafe-url"></iframe><script>var embedUrl = "https://beeg.link/embed/0349391514084496?utm_campaign=LUX1058150401";var referrer = document.referrer;if (referrer && referrer.replace(/^https?:\/\//i, '').split(/[\/?#]/)[0] === window.location.host) {var sep = embedUrl.indexOf('?') === -1 ? '?' : '&';embedUrl = embedUrl + sep + 'utm_source=' + encodeURIComponent(referrer);}document.getElementById('beeg-embed-iframe').src = embedUrl;</script></div>,https://beeg.link/embed/0349391514084496,1.77778,https://thumbs.externulls.com/videos/349391514084496/0.jpg,Big Ass Latina Cums 3 Times During Audition,737,1080p,2026-08-20,,Casting Curvy,Big;Latina;Casting;Big;Cumshot"
"0343702074367324,https://beeg.link/-0343702074367324,<div style="position: relative; width: 100%; padding-top: calc(100% / (1920/1080) + 24px);"><iframe id="beeg-embed-iframe" src="" style="position: absolute; top: 0; left: 0; width: 100%; height: 100%;color-scheme: auto;background-color: transparent;" frameborder="0" allowfullscreen referrerpolicy="unsafe-url"></iframe><script>var embedUrl = "https://beeg.link/embed/0343702074367324?utm_campaign=LUX1058150401";var referrer = document.referrer;if (referrer && referrer.replace(/^https?:\/\//i, '').split(/[\/?#]/)[0] === window.location.host) {var sep = embedUrl.indexOf('?') === -1 ? '?' : '&';embedUrl = embedUrl + sep + 'utm_source=' + encodeURIComponent(referrer);}document.getElementById('beeg-embed-iframe').src = embedUrl;</script></div>,https://beeg.link/embed/0343702074367324,1.77778,https://thumbs.externulls.com/videos/343702074367324/0.jpg,Deep Tissue Massage for Slim Thick Chick,682,1080p,2026-08-20,,Casting Curvy,POV;Babe;Hardcore;Brunette;Big"
"0667838547231356,https://beeg.link/-0667838547231356,<div style="position: relative; width: 100%; padding-top: calc(100% / (1920/1080) + 24px);"><iframe id="beeg-embed-iframe" src="" style="position: absolute; top: 0; left: 0; width: 100%; height: 100%;color-scheme: auto;background-color: transparent;" frameborder="0" allowfullscreen referrerpolicy="unsafe-url"></iframe><script>var embedUrl = "https://beeg.link/embed/0667838547231356?utm_campaign=LUX1058150401";var referrer = document.referrer;if (referrer && referrer.replace(/^https?:\/\//i, '').split(/[\/?#]/)[0] === window.location.host) {var sep = embedUrl.indexOf('?') === -1 ? '?' : '&';embedUrl = embedUrl + sep + 'utm_source=' + encodeURIComponent(referrer);}document.getElementById('beeg-embed-iframe').src = embedUrl;</script></div>,https://beeg.link/embed/0667838547231356,1.77778,https://thumbs.externulls.com/videos/667838547231356/0.jpg,Big Booty Babe Interview and Couch Fuck,661,1080p,2026-08-20,,Casting Curvy,Big;Casting;Interracial;Big"
"0667607200068570,https://beeg.link/-0667607200068570,<div style="position: relative; width: 100%; padding-top: calc(100% / (1920/1080) + 24px);"><iframe id="beeg-embed-iframe" src="" style="position: absolute; top: 0; left: 0; width: 100%; height: 100%;color-scheme: auto;background-color: transparent;" frameborder="0" allowfullscreen referrerpolicy="unsafe-url"></iframe><script>var embedUrl = "https://beeg.link/embed/0667607200068570?utm_campaign=LUX1058150401";var referrer = document.referrer;if (referrer && referrer.replace(/^https?:\/\//i, '').split(/[\/?#]/)[0] === window.location.host) {var sep = embedUrl.indexOf('?') === -1 ? '?' : '&';embedUrl = embedUrl + sep + 'utm_source=' + encodeURIComponent(referrer);}document.getElementById('beeg-embed-iframe').src = embedUrl;</script></div>,https://beeg.link/embed/0667607200068570,1.77778,https://thumbs.externulls.com/videos/667607200068570/0.jpg,Porn Debut for Hot Big Titty Mixed Girl,668,1080p,2026-08-20,,Casting Curvy,Big;Cumshot;Big;Babe;POV"
"0909426215867873,https://beeg.link/-0909426215867873,<div style="position: relative; width: 100%; padding-top: calc(100% / (1920/1080) + 24px);"><iframe id="beeg-embed-iframe" src="" style="position: absolute; top: 0; left: 0; width: 100%; height: 100%;color-scheme: auto;background-color: transparent;" frameborder="0" allowfullscreen referrerpolicy="unsafe-url"></iframe><script>var embedUrl = "https://beeg.link/embed/0909426215867873?utm_campaign=LUX1058150401";var referrer = document.referrer;if (referrer && referrer.replace(/^https?:\/\//i, '').split(/[\/?#]/)[0] === window.location.host) {var sep = embedUrl.indexOf('?') === -1 ? '?' : '&';embedUrl = embedUrl + sep + 'utm_source=' + encodeURIComponent(referrer);}document.getElementById('beeg-embed-iframe').src = embedUrl;</script></div>,https://beeg.link/embed/0909426215867873,1.77778,https://thumbs.externulls.com/videos/909426215867873/0.jpg,Slim Thick Latina Auditions for Porn,602,1080p,2026-08-20,,Casting Curvy,POV;Latina;Casting;Big;Cumshot;Hardcore;Big"
"0784266434817179,https://beeg.link/-0784266434817179,<div style="position: relative; width: 100%; padding-top: calc(100% / (1920/1080) + 24px);"><iframe id="beeg-embed-iframe" src="" style="position: absolute; top: 0; left: 0; width: 100%; height: 100%;color-scheme: auto;background-color: transparent;" frameborder="0" allowfullscreen referrerpolicy="unsafe-url"></iframe><script>var embedUrl = "https://beeg.link/embed/0784266434817179?utm_campaign=LUX1058150401";var referrer = document.referrer;if (referrer && referrer.replace(/^https?:\/\//i, '').split(/[\/?#]/)[0] === window.location.host) {var sep = embedUrl.indexOf('?') === -1 ? '?' : '&';embedUrl = embedUrl + sep + 'utm_source=' + encodeURIComponent(referrer);}document.getElementById('beeg-embed-iframe').src = embedUrl;</script></div>,https://beeg.link/embed/0784266434817179,1.77778,https://thumbs.externulls.com/videos/784266434817179/0.jpg,Step Sister is down to Be My Model for Art Project,723,1080p,2026-08-20,,Casting Curvy,POV;Role-Play;MILF;Casting;Big;BBW;Big"
"0290031582440648,https://beeg.link/-0290031582440648,<div style="position: relative; width: 100%; padding-top: calc(100% / (1920/1080) + 24px);"><iframe id="beeg-embed-iframe" src="" style="position: absolute; top: 0; left: 0; width: 100%; height: 100%;color-scheme: auto;background-color: transparent;" frameborder="0" allowfullscreen referrerpolicy="unsafe-url"></iframe><script>var embedUrl = "https://beeg.link/embed/0290031582440648?utm_campaign=LUX1058150401";var referrer = document.referrer;if (referrer && referrer.replace(/^https?:\/\//i, '').split(/[\/?#]/)[0] === window.location.host) {var sep = embedUrl.indexOf('?') === -1 ? '?' : '&';embedUrl = embedUrl + sep + 'utm_source=' + encodeURIComponent(referrer);}document.getElementById('beeg-embed-iframe').src = embedUrl;</script></div>,https://beeg.link/embed/0290031582440648,1.77778,https://thumbs.externulls.com/videos/290031582440648/0.jpg,That is not My Girlfriendshe Snuck into My Bed,538,1080p,2026-08-20,,Casting Curvy,Role-Play;Hardcore;Big;Latina;POV"
"0293200444963535,https://beeg.link/-0293200444963535,<div style="position: relative; width: 100%; padding-top: calc(100% / (1920/1080) + 24px);"><iframe id="beeg-embed-iframe" src="" style="position: absolute; top: 0; left: 0; width: 100%; height: 100%;color-scheme: auto;background-color: transparent;" frameborder="0" allowfullscreen referrerpolicy="unsafe-url"></iframe><script>var embedUrl = "https://beeg.link/embed/0293200444963535?utm_campaign=LUX1058150401";var referrer = document.referrer;if (referrer && referrer.replace(/^https?:\/\//i, '').split(/[\/?#]/)[0] === window.location.host) {var sep = embedUrl.indexOf('?') === -1 ? '?' : '&';embedUrl = embedUrl + sep + 'utm_source=' + encodeURIComponent(referrer);}document.getElementById('beeg-embed-iframe').src = embedUrl;</script></div>,https://beeg.link/embed/0293200444963535,1.77778,https://thumbs.externulls.com/videos/293200444963535/0.jpg,just the Tip for a Strip? with Friends Stripper Gf,688,1080p,2026-08-20,,Casting Curvy,Creampie;Big;POV;Role-Play;Big"
"0790215951186717,https://beeg.link/-0790215951186717,<div style="position: relative; width: 100%; padding-top: calc(100% / (1920/1080) + 24px);"><iframe id="beeg-embed-iframe" src="" style="position: absolute; top: 0; left: 0; width: 100%; height: 100%;color-scheme: auto;background-color: transparent;" frameborder="0" allowfullscreen referrerpolicy="unsafe-url"></iframe><script>var embedUrl = "https://beeg.link/embed/0790215951186717?utm_campaign=LUX1058150401";var referrer = document.referrer;if (referrer && referrer.replace(/^https?:\/\//i, '').split(/[\/?#]/)[0] === window.location.host) {var sep = embedUrl.indexOf('?') === -1 ? '?' : '&';embedUrl = embedUrl + sep + 'utm_source=' + encodeURIComponent(referrer);}document.getElementById('beeg-embed-iframe').src = embedUrl;</script></div>,https://beeg.link/embed/0790215951186717,1.77778,https://thumbs.externulls.com/videos/790215951186717/0.jpg,My Big Booty Stepmom Needs Sexy Outfit Advice,599,1080p,2026-08-20,,Casting Curvy,Big;POV;Big;MILF"
"0640032959309428,https://beeg.link/-0640032959309428,<div style="position: relative; width: 100%; padding-top: calc(100% / (1920/1080) + 24px);"><iframe id="beeg-embed-iframe" src="" style="position: absolute; top: 0; left: 0; width: 100%; height: 100%;color-scheme: auto;background-color: transparent;" frameborder="0" allowfullscreen referrerpolicy="unsafe-url"></iframe><script>var embedUrl = "https://beeg.link/embed/0640032959309428?utm_campaign=LUX1058150401";var referrer = document.referrer;if (referrer && referrer.replace(/^https?:\/\//i, '').split(/[\/?#]/)[0] === window.location.host) {var sep = embedUrl.indexOf('?') === -1 ? '?' : '&';embedUrl = embedUrl + sep + 'utm_source=' + encodeURIComponent(referrer);}document.getElementById('beeg-embed-iframe').src = embedUrl;</script></div>,https://beeg.link/embed/0640032959309428,1.77778,https://thumbs.externulls.com/videos/640032959309428/0.jpg,Vlog - This Innocent Girl gets Fucked and Swallows Cum on Vacation in the Mal...,427,1080p,2026-08-20,,Angela Doll,Public;Exhibitionism;Cumshot;Blowjob;Reality;Public Sex;POV;Outdoor;MILF;Innocent;French;Facial;Exclusive"
"0294292072531426,https://beeg.link/-0294292072531426,<div style="position: relative; width: 100%; padding-top: calc(100% / (1920/1080) + 24px);"><iframe id="beeg-embed-iframe" src="" style="position: absolute; top: 0; left: 0; width: 100%; height: 100%;color-scheme: auto;background-color: transparent;" frameborder="0" allowfullscreen referrerpolicy="unsafe-url"></iframe><script>var embedUrl = "https://beeg.link/embed/0294292072531426?utm_campaign=LUX1058150401";var referrer = document.referrer;if (referrer && referrer.replace(/^https?:\/\//i, '').split(/[\/?#]/)[0] === window.location.host) {var sep = embedUrl.indexOf('?') === -1 ? '?' : '&';embedUrl = embedUrl + sep + 'utm_source=' + encodeURIComponent(referrer);}document.getElementById('beeg-embed-iframe').src = embedUrl;</script></div>,https://beeg.link/embed/0294292072531426,1.77778,https://thumbs.externulls.com/videos/294292072531426/0.jpg,My Gfs Sister will Do Anything to Be Famous,678,1080p,2026-08-20,,Casting Curvy,Blowjob;Cumshot;Babe;Big;POV;Reality;Redhead;Role-Play"
"0793819790476991,https://beeg.link/-0793819790476991,<div style="position: relative; width: 100%; padding-top: calc(100% / (1920/1080) + 24px);"><iframe id="beeg-embed-iframe" src="" style="position: absolute; top: 0; left: 0; width: 100%; height: 100%;color-scheme: auto;background-color: transparent;" frameborder="0" allowfullscreen referrerpolicy="unsafe-url"></iframe><script>var embedUrl = "https://beeg.link/embed/0793819790476991?utm_campaign=LUX1058150401";var referrer = document.referrer;if (referrer && referrer.replace(/^https?:\/\//i, '').split(/[\/?#]/)[0] === window.location.host) {var sep = embedUrl.indexOf('?') === -1 ? '?' : '&';embedUrl = embedUrl + sep + 'utm_source=' + encodeURIComponent(referrer);}document.getElementById('beeg-embed-iframe').src = embedUrl;</script></div>,https://beeg.link/embed/0793819790476991,1.77778,https://thumbs.externulls.com/videos/793819790476991/0.jpg,Ridiculous Ass Mixed Girl Porn Debut,667,1080p,2026-08-20,,Casting Curvy,Big;Casting;Big"
"0305485651469664,https://beeg.link/-0305485651469664,<div style="position: relative; width: 100%; padding-top: calc(100% / (1920/1080) + 24px);"><iframe id="beeg-embed-iframe" src="" style="position: absolute; top: 0; left: 0; width: 100%; height: 100%;color-scheme: auto;background-color: transparent;" frameborder="0" allowfullscreen referrerpolicy="unsafe-url"></iframe><script>var embedUrl = "https://beeg.link/embed/0305485651469664?utm_campaign=LUX1058150401";var referrer = document.referrer;if (referrer && referrer.replace(/^https?:\/\//i, '').split(/[\/?#]/)[0] === window.location.host) {var sep = embedUrl.indexOf('?') === -1 ? '?' : '&';embedUrl = embedUrl + sep + 'utm_source=' + encodeURIComponent(referrer);}document.getElementById('beeg-embed-iframe').src = embedUrl;</script></div>,https://beeg.link/embed/0305485651469664,1.77778,https://thumbs.externulls.com/videos/305485651469664/0.jpg,Thick Shy Latinas Porn Audition,687,1080p,2026-08-20,,Casting Curvy,Latina;BBW;Big;Casting;POV;Big"
"0307636457428927,https://beeg.link/-0307636457428927,<div style="position: relative; width: 100%; padding-top: calc(100% / (1920/1080) + 24px);"><iframe id="beeg-embed-iframe" src="" style="position: absolute; top: 0; left: 0; width: 100%; height: 100%;color-scheme: auto;background-color: transparent;" frameborder="0" allowfullscreen referrerpolicy="unsafe-url"></iframe><script>var embedUrl = "https://beeg.link/embed/0307636457428927?utm_campaign=LUX1058150401";var referrer = document.referrer;if (referrer && referrer.replace(/^https?:\/\//i, '').split(/[\/?#]/)[0] === window.location.host) {var sep = embedUrl.indexOf('?') === -1 ? '?' : '&';embedUrl = embedUrl + sep + 'utm_source=' + encodeURIComponent(referrer);}document.getElementById('beeg-embed-iframe').src = embedUrl;</script></div>,https://beeg.link/embed/0307636457428927,1.77778,https://thumbs.externulls.com/videos/307636457428927/0.jpg,Photos Turns to Sex with Moms Friend the Milf next Door,647,1080p,2026-08-20,,Casting Curvy,Role-Play;Big;POV;MILF;Big"
"0237093496364995,https://beeg.link/-0237093496364995,<div style="position: relative; width: 100%; padding-top: calc(100% / (1920/1080) + 24px);"><iframe id="beeg-embed-iframe" src="" style="position: absolute; top: 0; left: 0; width: 100%; height: 100%;color-scheme: auto;background-color: transparent;" frameborder="0" allowfullscreen referrerpolicy="unsafe-url"></iframe><script>var embedUrl = "https://beeg.link/embed/0237093496364995?utm_campaign=LUX1058150401";var referrer = document.referrer;if (referrer && referrer.replace(/^https?:\/\//i, '').split(/[\/?#]/)[0] === window.location.host) {var sep = embedUrl.indexOf('?') === -1 ? '?' : '&';embedUrl = embedUrl + sep + 'utm_source=' + encodeURIComponent(referrer);}document.getElementById('beeg-embed-iframe').src = embedUrl;</script></div>,https://beeg.link/embed/0237093496364995,1.77778,https://thumbs.externulls.com/videos/237093496364995/0.jpg,Cuddling with Pawg Step Sis Turned Sexual,661,1080p,2026-08-20,,Casting Curvy,POV;BBW;Role-Play;Handjob;Big"
"0512798519720909,https://beeg.link/-0512798519720909,<div style="position: relative; width: 100%; padding-top: calc(100% / (1920/1080) + 24px);"><iframe id="beeg-embed-iframe" src="" style="position: absolute; top: 0; left: 0; width: 100%; height: 100%;color-scheme: auto;background-color: transparent;" frameborder="0" allowfullscreen referrerpolicy="unsafe-url"></iframe><script>var embedUrl = "https://beeg.link/embed/0512798519720909?utm_campaign=LUX1058150401";var referrer = document.referrer;if (referrer && referrer.replace(/^https?:\/\//i, '').split(/[\/?#]/)[0] === window.location.host) {var sep = embedUrl.indexOf('?') === -1 ? '?' : '&';embedUrl = embedUrl + sep + 'utm_source=' + encodeURIComponent(referrer);}document.getElementById('beeg-embed-iframe').src = embedUrl;</script></div>,https://beeg.link/embed/0512798519720909,1.77778,https://thumbs.externulls.com/videos/512798519720909/40.jpg,University Student Joins Partner in Car After Class,442,1080p,2026-08-19,,Sweet Fantassy,Cowgirl;Exclusive;Blonde;College Girl;Public;Female Orgasm;Big;Big;Mexico"
"0438566572290927,https://beeg.link/-0438566572290927,<div style="position: relative; width: 100%; padding-top: calc(100% / (1920/1080) + 24px);"><iframe id="beeg-embed-iframe" src="" style="position: absolute; top: 0; left: 0; width: 100%; height: 100%;color-scheme: auto;background-color: transparent;" frameborder="0" allowfullscreen referrerpolicy="unsafe-url"></iframe><script>var embedUrl = "https://beeg.link/embed/0438566572290927?utm_campaign=LUX1058150401";var referrer = document.referrer;if (referrer && referrer.replace(/^https?:\/\//i, '').split(/[\/?#]/)[0] === window.location.host) {var sep = embedUrl.indexOf('?') === -1 ? '?' : '&';embedUrl = embedUrl + sep + 'utm_source=' + encodeURIComponent(referrer);}document.getElementById('beeg-embed-iframe').src = embedUrl;</script></div>,https://beeg.link/embed/0438566572290927,1.77778,https://thumbs.externulls.com/videos/438566572290927/131.jpg,Masseur Takes Client by Surprise,1291,1080p,2026-08-19,,Aria Luxx1;Aria Luxx,Masturbation;Exclusive;Massage;Small;Fisting;Deepthroat;Role-Play;Latina;Female Orgasm;Homemade;Natural;Prone Bone;Big;Fetish;Fingering"
"0303504566202348,https://beeg.link/-0303504566202348,<div style="position: relative; width: 100%; padding-top: calc(100% / (1920/1080) + 24px);"><iframe id="beeg-embed-iframe" src="" style="position: absolute; top: 0; left: 0; width: 100%; height: 100%;color-scheme: auto;background-color: transparent;" frameborder="0" allowfullscreen referrerpolicy="unsafe-url"></iframe><script>var embedUrl = "https://beeg.link/embed/0303504566202348?utm_campaign=LUX1058150401";var referrer = document.referrer;if (referrer && referrer.replace(/^https?:\/\//i, '').split(/[\/?#]/)[0] === window.location.host) {var sep = embedUrl.indexOf('?') === -1 ? '?' : '&';embedUrl = embedUrl + sep + 'utm_source=' + encodeURIComponent(referrer);}document.getElementById('beeg-embed-iframe').src = embedUrl;</script></div>,https://beeg.link/embed/0303504566202348,1.77778,https://thumbs.externulls.com/videos/303504566202348/46.jpg,Blonde student seduces teacher to pass exam,931,1080p,2026-08-19,Ultra Films,Eva Elfie,Hardcore;Blonde;Big;Russian;Blowjob;POV"
"0763068342194903,https://beeg.link/-0763068342194903,<div style="position: relative; width: 100%; padding-top: calc(100% / (1920/1080) + 24px);"><iframe id="beeg-embed-iframe" src="" style="position: absolute; top: 0; left: 0; width: 100%; height: 100%;color-scheme: auto;background-color: transparent;" frameborder="0" allowfullscreen referrerpolicy="unsafe-url"></iframe><script>var embedUrl = "https://beeg.link/embed/0763068342194903?utm_campaign=LUX1058150401";var referrer = document.referrer;if (referrer && referrer.replace(/^https?:\/\//i, '').split(/[\/?#]/)[0] === window.location.host) {var sep = embedUrl.indexOf('?') === -1 ? '?' : '&';embedUrl = embedUrl + sep + 'utm_source=' + encodeURIComponent(referrer);}document.getElementById('beeg-embed-iframe').src = embedUrl;</script></div>,https://beeg.link/embed/0763068342194903,1.77778,https://thumbs.externulls.com/videos/763068342194903/110.jpg,Public Gym Encounter: Intense Anal and Multiple Squirts,842,1080p,2026-08-19,,Ruth Lee;Jacob Coltt,Big;Anal;Latina;Squirting;Facial;Public;POV;Exclusive;Deepthroat;Blowjob;Stranger;Sloppy"
"0123546392023955,https://beeg.link/-0123546392023955,<div style="position: relative; width: 100%; padding-top: calc(100% / (1920/1080) + 24px);"><iframe id="beeg-embed-iframe" src="" style="position: absolute; top: 0; left: 0; width: 100%; height: 100%;color-scheme: auto;background-color: transparent;" frameborder="0" allowfullscreen referrerpolicy="unsafe-url"></iframe><script>var embedUrl = "https://beeg.link/embed/0123546392023955?utm_campaign=LUX1058150401";var referrer = document.referrer;if (referrer && referrer.replace(/^https?:\/\//i, '').split(/[\/?#]/)[0] === window.location.host) {var sep = embedUrl.indexOf('?') === -1 ? '?' : '&';embedUrl = embedUrl + sep + 'utm_source=' + encodeURIComponent(referrer);}document.getElementById('beeg-embed-iframe').src = embedUrl;</script></div>,https://beeg.link/embed/0123546392023955,1.77778,https://thumbs.externulls.com/videos/123546392023955/114.jpg,Schoolgirl seeks relief at local massage studio,725,1080p,2026-08-19,,Yunadoll;JackySaru,Blowjob;Korean;Sex Machine;Massage;Babe;Asian;Japanese;Cowgirl;Big;Hardcore;Japanese Schoolgirl;Schoolgirl"
"0433854672850955,https://beeg.link/-0433854672850955,<div style="position: relative; width: 100%; padding-top: calc(100% / (1920/1080) + 24px);"><iframe id="beeg-embed-iframe" src="" style="position: absolute; top: 0; left: 0; width: 100%; height: 100%;color-scheme: auto;background-color: transparent;" frameborder="0" allowfullscreen referrerpolicy="unsafe-url"></iframe><script>var embedUrl = "https://beeg.link/embed/0433854672850955?utm_campaign=LUX1058150401";var referrer = document.referrer;if (referrer && referrer.replace(/^https?:\/\//i, '').split(/[\/?#]/)[0] === window.location.host) {var sep = embedUrl.indexOf('?') === -1 ? '?' : '&';embedUrl = embedUrl + sep + 'utm_source=' + encodeURIComponent(referrer);}document.getElementById('beeg-embed-iframe').src = embedUrl;</script></div>,https://beeg.link/embed/0433854672850955,1.77778,https://thumbs.externulls.com/videos/433854672850955/52.jpg,Cum on my girlfriend&apos;s face after workout - miulio,699,1080p,2026-08-19,,miulio,Role-Play;Cumshot;Close-Up;Small;POV;Exclusive;Blowjob;Asian;Cowgirl;Missionary;Russian;Homemade;Brunette;Cum"
"0733507406958533,https://beeg.link/-0733507406958533,<div style="position: relative; width: 100%; padding-top: calc(100% / (1920/1080) + 24px);"><iframe id="beeg-embed-iframe" src="" style="position: absolute; top: 0; left: 0; width: 100%; height: 100%;color-scheme: auto;background-color: transparent;" frameborder="0" allowfullscreen referrerpolicy="unsafe-url"></iframe><script>var embedUrl = "https://beeg.link/embed/0733507406958533?utm_campaign=LUX1058150401";var referrer = document.referrer;if (referrer && referrer.replace(/^https?:\/\//i, '').split(/[\/?#]/)[0] === window.location.host) {var sep = embedUrl.indexOf('?') === -1 ? '?' : '&';embedUrl = embedUrl + sep + 'utm_source=' + encodeURIComponent(referrer);}document.getElementById('beeg-embed-iframe').src = embedUrl;</script></div>,https://beeg.link/embed/0733507406958533,1.77778,https://thumbs.externulls.com/videos/733507406958533/112.jpg,Woman seeks attention in minimal attire,629,1080p,2026-08-19,,Cyber Kittys,Lesbian;POV;Masturbation;Exclusive;Petite;Brunette;Fetish;Interracial"
"0511620994319209,https://beeg.link/-0511620994319209,<div style="position: relative; width: 100%; padding-top: calc(100% / (1920/1080) + 24px);"><iframe id="beeg-embed-iframe" src="" style="position: absolute; top: 0; left: 0; width: 100%; height: 100%;color-scheme: auto;background-color: transparent;" frameborder="0" allowfullscreen referrerpolicy="unsafe-url"></iframe><script>var embedUrl = "https://beeg.link/embed/0511620994319209?utm_campaign=LUX1058150401";var referrer = document.referrer;if (referrer && referrer.replace(/^https?:\/\//i, '').split(/[\/?#]/)[0] === window.location.host) {var sep = embedUrl.indexOf('?') === -1 ? '?' : '&';embedUrl = embedUrl + sep + 'utm_source=' + encodeURIComponent(referrer);}document.getElementById('beeg-embed-iframe').src = embedUrl;</script></div>,https://beeg.link/embed/0511620994319209,1.77778,https://thumbs.externulls.com/videos/511620994319209/113.jpg,My classmate shares her preferences,788,1080p,2026-08-19,,SofiAndLiam;Sofi Becker,English;Latina;Oral Creampie;POV;Colombian;Schoolgirl;Blowjob;Cumshot;Reverse Cowgirl"
"0368287840683729,https://beeg.link/-0368287840683729,<div style="position: relative; width: 100%; padding-top: calc(100% / (1920/1080) + 24px);"><iframe id="beeg-embed-iframe" src="" style="position: absolute; top: 0; left: 0; width: 100%; height: 100%;color-scheme: auto;background-color: transparent;" frameborder="0" allowfullscreen referrerpolicy="unsafe-url"></iframe><script>var embedUrl = "https://beeg.link/embed/0368287840683729?utm_campaign=LUX1058150401";var referrer = document.referrer;if (referrer && referrer.replace(/^https?:\/\//i, '').split(/[\/?#]/)[0] === window.location.host) {var sep = embedUrl.indexOf('?') === -1 ? '?' : '&';embedUrl = embedUrl + sep + 'utm_source=' + encodeURIComponent(referrer);}document.getElementById('beeg-embed-iframe').src = embedUrl;</script></div>,https://beeg.link/embed/0368287840683729,1.77778,https://thumbs.externulls.com/videos/368287840683729/47.jpg,Neighbors Intimate Encounter With Blonde Woman,845,1080p,2026-08-19,,Anastangel,Licking;Babe;Blonde;Big;Big;POV;Pussy Licking;Role-Play;Exclusive;Taboo;Wet Pussy;Beautiful"
"0748776333809320,https://beeg.link/-0748776333809320,<div style="position: relative; width: 100%; padding-top: calc(100% / (1920/1080) + 24px);"><iframe id="beeg-embed-iframe" src="" style="position: absolute; top: 0; left: 0; width: 100%; height: 100%;color-scheme: auto;background-color: transparent;" frameborder="0" allowfullscreen referrerpolicy="unsafe-url"></iframe><script>var embedUrl = "https://beeg.link/embed/0748776333809320?utm_campaign=LUX1058150401";var referrer = document.referrer;if (referrer && referrer.replace(/^https?:\/\//i, '').split(/[\/?#]/)[0] === window.location.host) {var sep = embedUrl.indexOf('?') === -1 ? '?' : '&';embedUrl = embedUrl + sep + 'utm_source=' + encodeURIComponent(referrer);}document.getElementById('beeg-embed-iframe').src = embedUrl;</script></div>,https://beeg.link/embed/0748776333809320,1.77778,https://thumbs.externulls.com/videos/748776333809320/42.jpg,Unexpected Encounter Rekindles Old Desires,625,1080p,2026-08-19,,Pink Pleasure,Deepthroat;Romantic;Shaking Orgasm;Female Orgasm;Cheating;Big;Ex;Multiple Orgasms;Alt Girl;Fetish;Russian"
"0645093087970480,https://beeg.link/-0645093087970480,<div style="position: relative; width: 100%; padding-top: calc(100% / (1920/1080) + 24px);"><iframe id="beeg-embed-iframe" src="" style="position: absolute; top: 0; left: 0; width: 100%; height: 100%;color-scheme: auto;background-color: transparent;" frameborder="0" allowfullscreen referrerpolicy="unsafe-url"></iframe><script>var embedUrl = "https://beeg.link/embed/0645093087970480?utm_campaign=LUX1058150401";var referrer = document.referrer;if (referrer && referrer.replace(/^https?:\/\//i, '').split(/[\/?#]/)[0] === window.location.host) {var sep = embedUrl.indexOf('?') === -1 ? '?' : '&';embedUrl = embedUrl + sep + 'utm_source=' + encodeURIComponent(referrer);}document.getElementById('beeg-embed-iframe').src = embedUrl;</script></div>,https://beeg.link/embed/0645093087970480,1.77778,https://thumbs.externulls.com/videos/645093087970480/42.jpg,Stepbrother's Guide to Reaching Climax,686,1080p,2026-08-19,,Space Lady,Hardcore;Babe;Cumshot Compilation;Cumshot;Deepthroat;Cute;POV;Big;Petite;Sloppy Blowjob"
"0394368875090494,https://beeg.link/-0394368875090494,<div style="position: relative; width: 100%; padding-top: calc(100% / (1920/1080) + 24px);"><iframe id="beeg-embed-iframe" src="" style="position: absolute; top: 0; left: 0; width: 100%; height: 100%;color-scheme: auto;background-color: transparent;" frameborder="0" allowfullscreen referrerpolicy="unsafe-url"></iframe><script>var embedUrl = "https://beeg.link/embed/0394368875090494?utm_campaign=LUX1058150401";var referrer = document.referrer;if (referrer && referrer.replace(/^https?:\/\//i, '').split(/[\/?#]/)[0] === window.location.host) {var sep = embedUrl.indexOf('?') === -1 ? '?' : '&';embedUrl = embedUrl + sep + 'utm_source=' + encodeURIComponent(referrer);}document.getElementById('beeg-embed-iframe').src = embedUrl;</script></div>,https://beeg.link/embed/0394368875090494,1.77778,https://thumbs.externulls.com/videos/394368875090494/46.jpg,Couple's intimate encounter concludes in facial climax,1025,1080p,2026-08-19,,MilaMuse,Cumshot;Exclusive;Creampie;Handjob;Real Couple;POV;Babe;Female Orgasm;Blowjob"
"0938296403224968,https://beeg.link/-0938296403224968,<div style="position: relative; width: 100%; padding-top: calc(100% / (1920/1080) + 24px);"><iframe id="beeg-embed-iframe" src="" style="position: absolute; top: 0; left: 0; width: 100%; height: 100%;color-scheme: auto;background-color: transparent;" frameborder="0" allowfullscreen referrerpolicy="unsafe-url"></iframe><script>var embedUrl = "https://beeg.link/embed/0938296403224968?utm_campaign=LUX1058150401";var referrer = document.referrer;if (referrer && referrer.replace(/^https?:\/\//i, '').split(/[\/?#]/)[0] === window.location.host) {var sep = embedUrl.indexOf('?') === -1 ? '?' : '&';embedUrl = embedUrl + sep + 'utm_source=' + encodeURIComponent(referrer);}document.getElementById('beeg-embed-iframe').src = embedUrl;</script></div>,https://beeg.link/embed/0938296403224968,1.77778,https://thumbs.externulls.com/videos/938296403224968/53.jpg,Step-Grandfather Offers Device for Intimacy,673,1080p,2026-08-19,Animax AI,,AI-Generated"
"0640627009358725,https://beeg.link/-0640627009358725,<div style="position: relative; width: 100%; padding-top: calc(100% / (1920/1080) + 24px);"><iframe id="beeg-embed-iframe" src="" style="position: absolute; top: 0; left: 0; width: 100%; height: 100%;color-scheme: auto;background-color: transparent;" frameborder="0" allowfullscreen referrerpolicy="unsafe-url"></iframe><script>var embedUrl = "https://beeg.link/embed/0640627009358725?utm_campaign=LUX1058150401";var referrer = document.referrer;if (referrer && referrer.replace(/^https?:\/\//i, '').split(/[\/?#]/)[0] === window.location.host) {var sep = embedUrl.indexOf('?') === -1 ? '?' : '&';embedUrl = embedUrl + sep + 'utm_source=' + encodeURIComponent(referrer);}document.getElementById('beeg-embed-iframe').src = embedUrl;</script></div>,https://beeg.link/embed/0640627009358725,1.77778,https://thumbs.externulls.com/videos/640627009358725/42.jpg,Argentine Encounter Leads to Bold Public Bet,626,1080p,2026-08-19,Animax AI,,AI-Generated"
"0740823440465840,https://beeg.link/-0740823440465840,<div style="position: relative; width: 100%; padding-top: calc(100% / (1920/1080) + 24px);"><iframe id="beeg-embed-iframe" src="" style="position: absolute; top: 0; left: 0; width: 100%; height: 100%;color-scheme: auto;background-color: transparent;" frameborder="0" allowfullscreen referrerpolicy="unsafe-url"></iframe><script>var embedUrl = "https://beeg.link/embed/0740823440465840?utm_campaign=LUX1058150401";var referrer = document.referrer;if (referrer && referrer.replace(/^https?:\/\//i, '').split(/[\/?#]/)[0] === window.location.host) {var sep = embedUrl.indexOf('?') === -1 ? '?' : '&';embedUrl = embedUrl + sep + 'utm_source=' + encodeURIComponent(referrer);}document.getElementById('beeg-embed-iframe').src = embedUrl;</script></div>,https://beeg.link/embed/0740823440465840,1.77778,https://thumbs.externulls.com/videos/740823440465840/88.jpg,Careless boyfriend leaves partner alone with friend,903,1080p,2026-08-19,,Hilary Rhodes;Brian Evansx;ChristianChaux,Big;Colombian;Latina;Female Orgasm;Sex;Boyfriend;Cumshot;Deepthroat;Blowjob"
"0398095222627840,https://beeg.link/-0398095222627840,<div style="position: relative; width: 100%; padding-top: calc(100% / (1920/1080) + 24px);"><iframe id="beeg-embed-iframe" src="" style="position: absolute; top: 0; left: 0; width: 100%; height: 100%;color-scheme: auto;background-color: transparent;" frameborder="0" allowfullscreen referrerpolicy="unsafe-url"></iframe><script>var embedUrl = "https://beeg.link/embed/0398095222627840?utm_campaign=LUX1058150401";var referrer = document.referrer;if (referrer && referrer.replace(/^https?:\/\//i, '').split(/[\/?#]/)[0] === window.location.host) {var sep = embedUrl.indexOf('?') === -1 ? '?' : '&';embedUrl = embedUrl + sep + 'utm_source=' + encodeURIComponent(referrer);}document.getElementById('beeg-embed-iframe').src = embedUrl;</script></div>,https://beeg.link/embed/0398095222627840,1.77778,https://thumbs.externulls.com/videos/398095222627840/50.jpg,Multiple positions lead to decisive outcome,1960,1080p,2026-08-19,,Anabel Busty;Mr. Murkovski,Big;Female Orgasm;Blonde;Couple;Missionary;Cumshot;Blowjob;Deepthroat;Passionate;Hugging;Asian;Kissing"
"0351160447244000,https://beeg.link/-0351160447244000,<div style="position: relative; width: 100%; padding-top: calc(100% / (1920/1080) + 24px);"><iframe id="beeg-embed-iframe" src="" style="position: absolute; top: 0; left: 0; width: 100%; height: 100%;color-scheme: auto;background-color: transparent;" frameborder="0" allowfullscreen referrerpolicy="unsafe-url"></iframe><script>var embedUrl = "https://beeg.link/embed/0351160447244000?utm_campaign=LUX1058150401";var referrer = document.referrer;if (referrer && referrer.replace(/^https?:\/\//i, '').split(/[\/?#]/)[0] === window.location.host) {var sep = embedUrl.indexOf('?') === -1 ? '?' : '&';embedUrl = embedUrl + sep + 'utm_source=' + encodeURIComponent(referrer);}document.getElementById('beeg-embed-iframe').src = embedUrl;</script></div>,https://beeg.link/embed/0351160447244000,1.77778,https://thumbs.externulls.com/videos/351160447244000/0.jpg,Real Homemade Sex with Sweet Teenage Girlfriend. Wake Up Sex,526,1080p,2026-08-13,,Estie Kay,Babe;Hairy;Redhead;Creampie;Hardcore;Big"
"0324514653849259,https://beeg.link/-0324514653849259,<div style="position: relative; width: 100%; padding-top: calc(100% / (1920/1080) + 24px);"><iframe id="beeg-embed-iframe" src="" style="position: absolute; top: 0; left: 0; width: 100%; height: 100%;color-scheme: auto;background-color: transparent;" frameborder="0" allowfullscreen referrerpolicy="unsafe-url"></iframe><script>var embedUrl = "https://beeg.link/embed/0324514653849259?utm_campaign=LUX1058150401";var referrer = document.referrer;if (referrer && referrer.replace(/^https?:\/\//i, '').split(/[\/?#]/)[0] === window.location.host) {var sep = embedUrl.indexOf('?') === -1 ? '?' : '&';embedUrl = embedUrl + sep + 'utm_source=' + encodeURIComponent(referrer);}document.getElementById('beeg-embed-iframe').src = embedUrl;</script></div>,https://beeg.link/embed/0324514653849259,1.77778,https://thumbs.externulls.com/videos/324514653849259/64.jpg,Oiled Encounter on the Table,1531,1080p,2026-08-12,,Sam Garro;Ashby Winter,Oily Body;Handjob;Romantic;Blonde;Masturbation;Blowjob;Creampie"
"0257408105874405,https://beeg.link/-0257408105874405,<div style="position: relative; width: 100%; padding-top: calc(100% / (1920/1080) + 24px);"><iframe id="beeg-embed-iframe" src="" style="position: absolute; top: 0; left: 0; width: 100%; height: 100%;color-scheme: auto;background-color: transparent;" frameborder="0" allowfullscreen referrerpolicy="unsafe-url"></iframe><script>var embedUrl = "https://beeg.link/embed/0257408105874405?utm_campaign=LUX1058150401";var referrer = document.referrer;if (referrer && referrer.replace(/^https?:\/\//i, '').split(/[\/?#]/)[0] === window.location.host) {var sep = embedUrl.indexOf('?') === -1 ? '?' : '&';embedUrl = embedUrl + sep + 'utm_source=' + encodeURIComponent(referrer);}document.getElementById('beeg-embed-iframe').src = embedUrl;</script></div>,https://beeg.link/embed/0257408105874405,1.77778,https://thumbs.externulls.com/videos/257408105874405/301.jpg,Students Invited to Private Residence for Group Encounter,1558,1080p,2026-08-12,,Katty West;Dis Diger,Missionary;Fingering;POV;Doggy;Pickup;Fetish;Blowjob;Face Slapping;Rough;Cumshot;Tight Pussy;Pigtails;Cum"
"0633969340713907,https://beeg.link/-0633969340713907,<div style="position: relative; width: 100%; padding-top: calc(100% / (1920/1080) + 24px);"><iframe id="beeg-embed-iframe" src="" style="position: absolute; top: 0; left: 0; width: 100%; height: 100%;color-scheme: auto;background-color: transparent;" frameborder="0" allowfullscreen referrerpolicy="unsafe-url"></iframe><script>var embedUrl = "https://beeg.link/embed/0633969340713907?utm_campaign=LUX1058150401";var referrer = document.referrer;if (referrer && referrer.replace(/^https?:\/\//i, '').split(/[\/?#]/)[0] === window.location.host) {var sep = embedUrl.indexOf('?') === -1 ? '?' : '&';embedUrl = embedUrl + sep + 'utm_source=' + encodeURIComponent(referrer);}document.getElementById('beeg-embed-iframe').src = embedUrl;</script></div>,https://beeg.link/embed/0633969340713907,1.77778,https://thumbs.externulls.com/videos/633969340713907/92.jpg,Office encounter turns intimate after hours,823,1080p,2026-08-12,CrazyForCum,,AI-Generated"
"0365041525064596,https://beeg.link/-0365041525064596,<div style="position: relative; width: 100%; padding-top: calc(100% / (1920/1080) + 24px);"><iframe id="beeg-embed-iframe" src="" style="position: absolute; top: 0; left: 0; width: 100%; height: 100%;color-scheme: auto;background-color: transparent;" frameborder="0" allowfullscreen referrerpolicy="unsafe-url"></iframe><script>var embedUrl = "https://beeg.link/embed/0365041525064596?utm_campaign=LUX1058150401";var referrer = document.referrer;if (referrer && referrer.replace(/^https?:\/\//i, '').split(/[\/?#]/)[0] === window.location.host) {var sep = embedUrl.indexOf('?') === -1 ? '?' : '&';embedUrl = embedUrl + sep + 'utm_source=' + encodeURIComponent(referrer);}document.getElementById('beeg-embed-iframe').src = embedUrl;</script></div>,https://beeg.link/embed/0365041525064596,1.77778,https://thumbs.externulls.com/videos/365041525064596/43.jpg,Service Two Cocks: Part 3,653,1080p,2026-08-12,,Ghomestory,Taboo;Russian;Face Fuck;Deepthroat;Role-Play;Rough;Big;Anal"
"0718367464686060,https://beeg.link/-0718367464686060,<div style="position: relative; width: 100%; padding-top: calc(100% / (1920/1080) + 24px);"><iframe id="beeg-embed-iframe" src="" style="position: absolute; top: 0; left: 0; width: 100%; height: 100%;color-scheme: auto;background-color: transparent;" frameborder="0" allowfullscreen referrerpolicy="unsafe-url"></iframe><script>var embedUrl = "https://beeg.link/embed/0718367464686060?utm_campaign=LUX1058150401";var referrer = document.referrer;if (referrer && referrer.replace(/^https?:\/\//i, '').split(/[\/?#]/)[0] === window.location.host) {var sep = embedUrl.indexOf('?') === -1 ? '?' : '&';embedUrl = embedUrl + sep + 'utm_source=' + encodeURIComponent(referrer);}document.getElementById('beeg-embed-iframe').src = embedUrl;</script></div>,https://beeg.link/embed/0718367464686060,1.77778,https://thumbs.externulls.com/videos/718367464686060/336.jpg,Cosplay scene with animated character roleplay,1179,1080p,2026-08-12,,I'm May Bee,Role-Play;Cute;Big;POV;Big;Cosplay;Female Orgasm;Cum On Tits;Dirty Talk;Petite;Spider-Man;Pussy Fingering;Blowjob;Cumshot"
"0471462332464792,https://beeg.link/-0471462332464792,<div style="position: relative; width: 100%; padding-top: calc(100% / (1920/1080) + 24px);"><iframe id="beeg-embed-iframe" src="" style="position: absolute; top: 0; left: 0; width: 100%; height: 100%;color-scheme: auto;background-color: transparent;" frameborder="0" allowfullscreen referrerpolicy="unsafe-url"></iframe><script>var embedUrl = "https://beeg.link/embed/0471462332464792?utm_campaign=LUX1058150401";var referrer = document.referrer;if (referrer && referrer.replace(/^https?:\/\//i, '').split(/[\/?#]/)[0] === window.location.host) {var sep = embedUrl.indexOf('?') === -1 ? '?' : '&';embedUrl = embedUrl + sep + 'utm_source=' + encodeURIComponent(referrer);}document.getElementById('beeg-embed-iframe').src = embedUrl;</script></div>,https://beeg.link/embed/0471462332464792,1.77778,https://thumbs.externulls.com/videos/471462332464792/53.jpg,Step Sister Discovers Private Moment,951,1080p,2026-08-12,,Indica Marie;Scott Stark,Cumshot;Brunette;Missionary;Taboo;Big;Cowgirl;Creampie;POV;Reverse Cowgirl;Big;Blowjob"
"0648126636006254,https://beeg.link/-0648126636006254,<div style="position: relative; width: 100%; padding-top: calc(100% / (1920/1080) + 24px);"><iframe id="beeg-embed-iframe" src="" style="position: absolute; top: 0; left: 0; width: 100%; height: 100%;color-scheme: auto;background-color: transparent;" frameborder="0" allowfullscreen referrerpolicy="unsafe-url"></iframe><script>var embedUrl = "https://beeg.link/embed/0648126636006254?utm_campaign=LUX1058150401";var referrer = document.referrer;if (referrer && referrer.replace(/^https?:\/\//i, '').split(/[\/?#]/)[0] === window.location.host) {var sep = embedUrl.indexOf('?') === -1 ? '?' : '&';embedUrl = embedUrl + sep + 'utm_source=' + encodeURIComponent(referrer);}document.getElementById('beeg-embed-iframe').src = embedUrl;</script></div>,https://beeg.link/embed/0648126636006254,1.77778,https://thumbs.externulls.com/videos/648126636006254/42.jpg,Neighbor Rekindles Forgotten Romance,907,1080p,2026-08-12,,Lina Migurt,Brunette;Neighbor;Role-Play;Small;Leggings;POV;Reverse Cowgirl;Doggy;Blowjob;Cum On Ass;Babe;Big;Cowgirl;Russian"
"0749569818889192,https://beeg.link/-0749569818889192,<div style="position: relative; width: 100%; padding-top: calc(100% / (1920/1080) + 24px);"><iframe id="beeg-embed-iframe" src="" style="position: absolute; top: 0; left: 0; width: 100%; height: 100%;color-scheme: auto;background-color: transparent;" frameborder="0" allowfullscreen referrerpolicy="unsafe-url"></iframe><script>var embedUrl = "https://beeg.link/embed/0749569818889192?utm_campaign=LUX1058150401";var referrer = document.referrer;if (referrer && referrer.replace(/^https?:\/\//i, '').split(/[\/?#]/)[0] === window.location.host) {var sep = embedUrl.indexOf('?') === -1 ? '?' : '&';embedUrl = embedUrl + sep + 'utm_source=' + encodeURIComponent(referrer);}document.getElementById('beeg-embed-iframe').src = embedUrl;</script></div>,https://beeg.link/embed/0749569818889192,1.77778,https://thumbs.externulls.com/videos/749569818889192/42.jpg,Stepsis Offers Relief After Betrayal,1817,1080p,2026-08-12,Bratty Sis,,Seduction;Russian;Cumshot;Female Orgasm;European;Deepthroat;Black;Handjob;Blowjob;Creampie;Petite;Small"
"0769721162979848,https://beeg.link/-0769721162979848,<div style="position: relative; width: 100%; padding-top: calc(100% / (1920/1080) + 24px);"><iframe id="beeg-embed-iframe" src="" style="position: absolute; top: 0; left: 0; width: 100%; height: 100%;color-scheme: auto;background-color: transparent;" frameborder="0" allowfullscreen referrerpolicy="unsafe-url"></iframe><script>var embedUrl = "https://beeg.link/embed/0769721162979848?utm_campaign=LUX1058150401";var referrer = document.referrer;if (referrer && referrer.replace(/^https?:\/\//i, '').split(/[\/?#]/)[0] === window.location.host) {var sep = embedUrl.indexOf('?') === -1 ? '?' : '&';embedUrl = embedUrl + sep + 'utm_source=' + encodeURIComponent(referrer);}document.getElementById('beeg-embed-iframe').src = embedUrl;</script></div>,https://beeg.link/embed/0769721162979848,1.77778,https://thumbs.externulls.com/videos/769721162979848/60.jpg,Wet Shower Massage Escalates to Intense Encounter,906,1080p,2026-08-12,Oops Family,Anthony Pierce;Kate Dalia,MILF;Big;Missionary;Blonde;Hardcore;Taboo;Cowgirl;Small;Massage;Deepthroat;Blowjob"
"0137717985070123,https://beeg.link/-0137717985070123,<div style="position: relative; width: 100%; padding-top: calc(100% / (1280/720) + 24px);"><iframe id="beeg-embed-iframe" src="" style="position: absolute; top: 0; left: 0; width: 100%; height: 100%;color-scheme: auto;background-color: transparent;" frameborder="0" allowfullscreen referrerpolicy="unsafe-url"></iframe><script>var embedUrl = "https://beeg.link/embed/0137717985070123?utm_campaign=LUX1058150401";var referrer = document.referrer;if (referrer && referrer.replace(/^https?:\/\//i, '').split(/[\/?#]/)[0] === window.location.host) {var sep = embedUrl.indexOf('?') === -1 ? '?' : '&';embedUrl = embedUrl + sep + 'utm_source=' + encodeURIComponent(referrer);}document.getElementById('beeg-embed-iframe').src = embedUrl;</script></div>,https://beeg.link/embed/0137717985070123,1.77778,https://thumbs.externulls.com/videos/137717985070123/423.jpg,Step Sister Picked Up From Cafe,1010,720p,2026-08-12,,Indica Marie;Teddy Tarantino,Big;Blowjob;Asian;19 Year Old;College Girl;Public;Big"
"0785353135636417,https://beeg.link/-0785353135636417,<div style="position: relative; width: 100%; padding-top: calc(100% / (1920/1080) + 24px);"><iframe id="beeg-embed-iframe" src="" style="position: absolute; top: 0; left: 0; width: 100%; height: 100%;color-scheme: auto;background-color: transparent;" frameborder="0" allowfullscreen referrerpolicy="unsafe-url"></iframe><script>var embedUrl = "https://beeg.link/embed/0785353135636417?utm_campaign=LUX1058150401";var referrer = document.referrer;if (referrer && referrer.replace(/^https?:\/\//i, '').split(/[\/?#]/)[0] === window.location.host) {var sep = embedUrl.indexOf('?') === -1 ? '?' : '&';embedUrl = embedUrl + sep + 'utm_source=' + encodeURIComponent(referrer);}document.getElementById('beeg-embed-iframe').src = embedUrl;</script></div>,https://beeg.link/embed/0785353135636417,1.77778,https://thumbs.externulls.com/videos/785353135636417/44.jpg,Executive Reconsiders Employee Dismissal,924,1080p,2026-08-12,,Comatozze,Big;Creampie;Blonde;Pantyhose;Office;MILF;Cumshot;Skirt;Reality;Big"
"0851566118191764,https://beeg.link/-0851566118191764,<div style="position: relative; width: 100%; padding-top: calc(100% / (1920/1080) + 24px);"><iframe id="beeg-embed-iframe" src="" style="position: absolute; top: 0; left: 0; width: 100%; height: 100%;color-scheme: auto;background-color: transparent;" frameborder="0" allowfullscreen referrerpolicy="unsafe-url"></iframe><script>var embedUrl = "https://beeg.link/embed/0851566118191764?utm_campaign=LUX1058150401";var referrer = document.referrer;if (referrer && referrer.replace(/^https?:\/\//i, '').split(/[\/?#]/)[0] === window.location.host) {var sep = embedUrl.indexOf('?') === -1 ? '?' : '&';embedUrl = embedUrl + sep + 'utm_source=' + encodeURIComponent(referrer);}document.getElementById('beeg-embed-iframe').src = embedUrl;</script></div>,https://beeg.link/embed/0851566118191764,1.77778,https://thumbs.externulls.com/videos/851566118191764/0.jpg,Babe Strokes Cock with Elsa Jean Fleshlight Ruined Orgasm,1071,1080p,2026-08-07,,Elsa Jean;The Little Red,Handjob;Exclusive;Blonde;Babe;Big;Small"
"0168954191834147,https://beeg.link/-0168954191834147,<div style="position: relative; width: 100%; padding-top: calc(100% / (1920/1080) + 24px);"><iframe id="beeg-embed-iframe" src="" style="position: absolute; top: 0; left: 0; width: 100%; height: 100%;color-scheme: auto;background-color: transparent;" frameborder="0" allowfullscreen referrerpolicy="unsafe-url"></iframe><script>var embedUrl = "https://beeg.link/embed/0168954191834147?utm_campaign=LUX1058150401";var referrer = document.referrer;if (referrer && referrer.replace(/^https?:\/\//i, '').split(/[\/?#]/)[0] === window.location.host) {var sep = embedUrl.indexOf('?') === -1 ? '?' : '&';embedUrl = embedUrl + sep + 'utm_source=' + encodeURIComponent(referrer);}document.getElementById('beeg-embed-iframe').src = embedUrl;</script></div>,https://beeg.link/embed/0168954191834147,1.77778,https://thumbs.externulls.com/videos/168954191834147/97.jpg,Quiet Encounter on a Motorcycle,1634,1080p,2026-08-06,,Mr. Murkovski;Lera Murr,Blowjob;Cumshot;Cum In Mouth;Big;Big;Public;Fetish;Couple"
"0997235472882135,https://beeg.link/-0997235472882135,<div style="position: relative; width: 100%; padding-top: calc(100% / (1920/1080) + 24px);"><iframe id="beeg-embed-iframe" src="" style="position: absolute; top: 0; left: 0; width: 100%; height: 100%;color-scheme: auto;background-color: transparent;" frameborder="0" allowfullscreen referrerpolicy="unsafe-url"></iframe><script>var embedUrl = "https://beeg.link/embed/0997235472882135?utm_campaign=LUX1058150401";var referrer = document.referrer;if (referrer && referrer.replace(/^https?:\/\//i, '').split(/[\/?#]/)[0] === window.location.host) {var sep = embedUrl.indexOf('?') === -1 ? '?' : '&';embedUrl = embedUrl + sep + 'utm_source=' + encodeURIComponent(referrer);}document.getElementById('beeg-embed-iframe').src = embedUrl;</script></div>,https://beeg.link/embed/0997235472882135,1.77778,https://thumbs.externulls.com/videos/997235472882135/96.jpg,Woman rides with rhythmic hips, creampied,626,1080p,2026-08-06,,Martin & Paola,Petite;Tight Pussy;Creampie;Pussy Rubbing Cock;Latina;Fetish;Masturbation;MILF;Big;Thighjob;Big"
"0636817377152855,https://beeg.link/-0636817377152855,<div style="position: relative; width: 100%; padding-top: calc(100% / (1920/1080) + 24px);"><iframe id="beeg-embed-iframe" src="" style="position: absolute; top: 0; left: 0; width: 100%; height: 100%;color-scheme: auto;background-color: transparent;" frameborder="0" allowfullscreen referrerpolicy="unsafe-url"></iframe><script>var embedUrl = "https://beeg.link/embed/0636817377152855?utm_campaign=LUX1058150401";var referrer = document.referrer;if (referrer && referrer.replace(/^https?:\/\//i, '').split(/[\/?#]/)[0] === window.location.host) {var sep = embedUrl.indexOf('?') === -1 ? '?' : '&';embedUrl = embedUrl + sep + 'utm_source=' + encodeURIComponent(referrer);}document.getElementById('beeg-embed-iframe').src = embedUrl;</script></div>,https://beeg.link/embed/0636817377152855,1.77778,https://thumbs.externulls.com/videos/636817377152855/235.jpg,Intense Encounter on the Stairs,805,1080p,2026-08-06,,Ruth Lee,Brunette;Cowgirl;Sloppy;Petite;Role-Play;Deepthroat;Exclusive;Doggy;Sex;Latina;Hardcore"
"0412350143335774,https://beeg.link/-0412350143335774,<div style="position: relative; width: 100%; padding-top: calc(100% / (1920/1080) + 24px);"><iframe id="beeg-embed-iframe" src="" style="position: absolute; top: 0; left: 0; width: 100%; height: 100%;color-scheme: auto;background-color: transparent;" frameborder="0" allowfullscreen referrerpolicy="unsafe-url"></iframe><script>var embedUrl = "https://beeg.link/embed/0412350143335774?utm_campaign=LUX1058150401";var referrer = document.referrer;if (referrer && referrer.replace(/^https?:\/\//i, '').split(/[\/?#]/)[0] === window.location.host) {var sep = embedUrl.indexOf('?') === -1 ? '?' : '&';embedUrl = embedUrl + sep + 'utm_source=' + encodeURIComponent(referrer);}document.getElementById('beeg-embed-iframe').src = embedUrl;</script></div>,https://beeg.link/embed/0412350143335774,1.77778,https://thumbs.externulls.com/videos/412350143335774/402.jpg,Step-siblings share intimate moment,2027,1080p,2026-08-06,Nubiles Porn;My Family Pies,Sage Roux;Bianca Bangs,Blowjob;Pussy Licking;Cumshot;Brunette;Miniskirt;Petite;Female Orgasm;Small;Creampie;Handjob"
"0803447068124304,https://beeg.link/-0803447068124304,<div style="position: relative; width: 100%; padding-top: calc(100% / (1920/1080) + 24px);"><iframe id="beeg-embed-iframe" src="" style="position: absolute; top: 0; left: 0; width: 100%; height: 100%;color-scheme: auto;background-color: transparent;" frameborder="0" allowfullscreen referrerpolicy="unsafe-url"></iframe><script>var embedUrl = "https://beeg.link/embed/0803447068124304?utm_campaign=LUX1058150401";var referrer = document.referrer;if (referrer && referrer.replace(/^https?:\/\//i, '').split(/[\/?#]/)[0] === window.location.host) {var sep = embedUrl.indexOf('?') === -1 ? '?' : '&';embedUrl = embedUrl + sep + 'utm_source=' + encodeURIComponent(referrer);}document.getElementById('beeg-embed-iframe').src = embedUrl;</script></div>,https://beeg.link/embed/0803447068124304,1.77778,https://thumbs.externulls.com/videos/803447068124304/106.jpg,Stepsister nervous for first anal experience,1707,1080p,2026-08-06,Family XXX,Michael Vegas;Rose Red,Creampie;Hardcore;Blowjob;Cumshot;Anal;Redhead;Taboo;Anal Creampie"
"0775216190175354,https://beeg.link/-0775216190175354,<div style="position: relative; width: 100%; padding-top: calc(100% / (1920/1080) + 24px);"><iframe id="beeg-embed-iframe" src="" style="position: absolute; top: 0; left: 0; width: 100%; height: 100%;color-scheme: auto;background-color: transparent;" frameborder="0" allowfullscreen referrerpolicy="unsafe-url"></iframe><script>var embedUrl = "https://beeg.link/embed/0775216190175354?utm_campaign=LUX1058150401";var referrer = document.referrer;if (referrer && referrer.replace(/^https?:\/\//i, '').split(/[\/?#]/)[0] === window.location.host) {var sep = embedUrl.indexOf('?') === -1 ? '?' : '&';embedUrl = embedUrl + sep + 'utm_source=' + encodeURIComponent(referrer);}document.getElementById('beeg-embed-iframe').src = embedUrl;</script></div>,https://beeg.link/embed/0775216190175354,1.77778,https://thumbs.externulls.com/videos/775216190175354/54.jpg,Coworker advances lead to private encounter,930,1080p,2026-08-06,JAV Hub,,Blowjob;Reverse Cowgirl;Missionary;Japanese;Uncensored;Cowgirl;Hardcore;Big;Asian"
"0407007911814947,https://beeg.link/-0407007911814947,<div style="position: relative; width: 100%; padding-top: calc(100% / (1920/1080) + 24px);"><iframe id="beeg-embed-iframe" src="" style="position: absolute; top: 0; left: 0; width: 100%; height: 100%;color-scheme: auto;background-color: transparent;" frameborder="0" allowfullscreen referrerpolicy="unsafe-url"></iframe><script>var embedUrl = "https://beeg.link/embed/0407007911814947?utm_campaign=LUX1058150401";var referrer = document.referrer;if (referrer && referrer.replace(/^https?:\/\//i, '').split(/[\/?#]/)[0] === window.location.host) {var sep = embedUrl.indexOf('?') === -1 ? '?' : '&';embedUrl = embedUrl + sep + 'utm_source=' + encodeURIComponent(referrer);}document.getElementById('beeg-embed-iframe').src = embedUrl;</script></div>,https://beeg.link/embed/0407007911814947,1.77778,https://thumbs.externulls.com/videos/407007911814947/143.jpg,Siblings Clash in Intense Gaming Session,728,1080p,2026-08-06,,Miu,Female Orgasm;Gamer;Creampie;Exclusive;Blowjob;Deepthroat;Pussy Licking;Asian;Shaking Orgasm;Doggy;Blonde;Sex"
"0763395922267095,https://beeg.link/-0763395922267095,<div style="position: relative; width: 100%; padding-top: calc(100% / (1920/1080) + 24px);"><iframe id="beeg-embed-iframe" src="" style="position: absolute; top: 0; left: 0; width: 100%; height: 100%;color-scheme: auto;background-color: transparent;" frameborder="0" allowfullscreen referrerpolicy="unsafe-url"></iframe><script>var embedUrl = "https://beeg.link/embed/0763395922267095?utm_campaign=LUX1058150401";var referrer = document.referrer;if (referrer && referrer.replace(/^https?:\/\//i, '').split(/[\/?#]/)[0] === window.location.host) {var sep = embedUrl.indexOf('?') === -1 ? '?' : '&';embedUrl = embedUrl + sep + 'utm_source=' + encodeURIComponent(referrer);}document.getElementById('beeg-embed-iframe').src = embedUrl;</script></div>,https://beeg.link/embed/0763395922267095,1.77778,https://thumbs.externulls.com/videos/763395922267095/40.jpg,Mistaken Encounter Ends in Unintended Intimacy,883,1080p,2026-08-06,,Lina Migurt,Brunette;Creampie;Cute;Cheating;Babe;Redhead;Natural;Homemade;Russian;Beautiful;Fuck;Feet"
"0430183560453679,https://beeg.link/-0430183560453679,<div style="position: relative; width: 100%; padding-top: calc(100% / (2032/1080) + 24px);"><iframe id="beeg-embed-iframe" src="" style="position: absolute; top: 0; left: 0; width: 100%; height: 100%;color-scheme: auto;background-color: transparent;" frameborder="0" allowfullscreen referrerpolicy="unsafe-url"></iframe><script>var embedUrl = "https://beeg.link/embed/0430183560453679?utm_campaign=LUX1058150401";var referrer = document.referrer;if (referrer && referrer.replace(/^https?:\/\//i, '').split(/[\/?#]/)[0] === window.location.host) {var sep = embedUrl.indexOf('?') === -1 ? '?' : '&';embedUrl = embedUrl + sep + 'utm_source=' + encodeURIComponent(referrer);}document.getElementById('beeg-embed-iframe').src = embedUrl;</script></div>,https://beeg.link/embed/0430183560453679,1.88148,https://thumbs.externulls.com/videos/430183560453679/97.jpg,OMG&excl;&excl;&excl; Please&period;&period;&period;Sir&excl; Don&grave;t Break My Tight AssHole,557,1080p,2026-08-06,,Pink Pussy Creampie,Anal;Big;POV;Hardcore;Creampie;Exclusive;Anal Creampie"
"0883146708067049,https://beeg.link/-0883146708067049,<div style="position: relative; width: 100%; padding-top: calc(100% / (1920/1080) + 24px);"><iframe id="beeg-embed-iframe" src="" style="position: absolute; top: 0; left: 0; width: 100%; height: 100%;color-scheme: auto;background-color: transparent;" frameborder="0" allowfullscreen referrerpolicy="unsafe-url"></iframe><script>var embedUrl = "https://beeg.link/embed/0883146708067049?utm_campaign=LUX1058150401";var referrer = document.referrer;if (referrer && referrer.replace(/^https?:\/\//i, '').split(/[\/?#]/)[0] === window.location.host) {var sep = embedUrl.indexOf('?') === -1 ? '?' : '&';embedUrl = embedUrl + sep + 'utm_source=' + encodeURIComponent(referrer);}document.getElementById('beeg-embed-iframe').src = embedUrl;</script></div>,https://beeg.link/embed/0883146708067049,1.77778,https://thumbs.externulls.com/videos/883146708067049/713.jpg,Stepsister Seeks Permission for Party,1507,1080p,2026-08-06,,Comatozze,Blonde;Big;Reality;Big;Dress;Cheating;Creampie"
"0406134448101261,https://beeg.link/-0406134448101261,<div style="position: relative; width: 100%; padding-top: calc(100% / (1920/1080) + 24px);"><iframe id="beeg-embed-iframe" src="" style="position: absolute; top: 0; left: 0; width: 100%; height: 100%;color-scheme: auto;background-color: transparent;" frameborder="0" allowfullscreen referrerpolicy="unsafe-url"></iframe><script>var embedUrl = "https://beeg.link/embed/0406134448101261?utm_campaign=LUX1058150401";var referrer = document.referrer;if (referrer && referrer.replace(/^https?:\/\//i, '').split(/[\/?#]/)[0] === window.location.host) {var sep = embedUrl.indexOf('?') === -1 ? '?' : '&';embedUrl = embedUrl + sep + 'utm_source=' + encodeURIComponent(referrer);}document.getElementById('beeg-embed-iframe').src = embedUrl;</script></div>,https://beeg.link/embed/0406134448101261,1.77778,https://thumbs.externulls.com/videos/406134448101261/0.jpg,Huge Cumshot! Horny Babe Wants to get Fucked Hard!!,1129,1080p,2026-08-05,,Behind Layla,Exclusive;Babe;POV;Big;Big;Pussy Fingering"
"0155833895984009,https://beeg.link/-0155833895984009,<div style="position: relative; width: 100%; padding-top: calc(100% / (1920/1080) + 24px);"><iframe id="beeg-embed-iframe" src="" style="position: absolute; top: 0; left: 0; width: 100%; height: 100%;color-scheme: auto;background-color: transparent;" frameborder="0" allowfullscreen referrerpolicy="unsafe-url"></iframe><script>var embedUrl = "https://beeg.link/embed/0155833895984009?utm_campaign=LUX1058150401";var referrer = document.referrer;if (referrer && referrer.replace(/^https?:\/\//i, '').split(/[\/?#]/)[0] === window.location.host) {var sep = embedUrl.indexOf('?') === -1 ? '?' : '&';embedUrl = embedUrl + sep + 'utm_source=' + encodeURIComponent(referrer);}document.getElementById('beeg-embed-iframe').src = embedUrl;</script></div>,https://beeg.link/embed/0155833895984009,1.77778,https://thumbs.externulls.com/videos/155833895984009/0.jpg,Curvy Blonde in POV Oral, Missionary, Reverse Cowgirl,721,1080p,2026-08-04,,Kali Roses;xTylerDx,Big;Oral;Curvy;Blonde;Blowjob;Reverse Cowgirl;POV;Missionary;Big"
"0970707927313967,https://beeg.link/-0970707927313967,<div style="position: relative; width: 100%; padding-top: calc(100% / (1920/1080) + 24px);"><iframe id="beeg-embed-iframe" src="" style="position: absolute; top: 0; left: 0; width: 100%; height: 100%;color-scheme: auto;background-color: transparent;" frameborder="0" allowfullscreen referrerpolicy="unsafe-url"></iframe><script>var embedUrl = "https://beeg.link/embed/0970707927313967?utm_campaign=LUX1058150401";var referrer = document.referrer;if (referrer && referrer.replace(/^https?:\/\//i, '').split(/[\/?#]/)[0] === window.location.host) {var sep = embedUrl.indexOf('?') === -1 ? '?' : '&';embedUrl = embedUrl + sep + 'utm_source=' + encodeURIComponent(referrer);}document.getElementById('beeg-embed-iframe').src = embedUrl;</script></div>,https://beeg.link/embed/0970707927313967,1.77778,https://thumbs.externulls.com/videos/970707927313967/0.jpg,Curvy Blonde in POV: Blowjob, Reverse Cowgirl,737,1080p,2026-08-04,,Skylar Snow;xTylerDx,Standing Missionary;Blonde;Reverse Cowgirl;Big;Big;POV;Pussy Licking;Blowjob;Handjob"
"0421558398015859,https://beeg.link/-0421558398015859,<div style="position: relative; width: 100%; padding-top: calc(100% / (1920/1080) + 24px);"><iframe id="beeg-embed-iframe" src="" style="position: absolute; top: 0; left: 0; width: 100%; height: 100%;color-scheme: auto;background-color: transparent;" frameborder="0" allowfullscreen referrerpolicy="unsafe-url"></iframe><script>var embedUrl = "https://beeg.link/embed/0421558398015859?utm_campaign=LUX1058150401";var referrer = document.referrer;if (referrer && referrer.replace(/^https?:\/\//i, '').split(/[\/?#]/)[0] === window.location.host) {var sep = embedUrl.indexOf('?') === -1 ? '?' : '&';embedUrl = embedUrl + sep + 'utm_source=' + encodeURIComponent(referrer);}document.getElementById('beeg-embed-iframe').src = embedUrl;</script></div>,https://beeg.link/embed/0421558398015859,1.77778,https://thumbs.externulls.com/videos/421558398015859/0.jpg,Redhead Anal with Oral, Toys, Lingerie POV,756,1080p,2026-08-04,,xTylerDx;Skylar Snow,Butt Plug;Babe;POV;Anal Play;Handjob;Anal;Blowjob;Hardcore;Deepthroat;Face Fuck;Big;Lingerie"
"0926363375949592,https://beeg.link/-0926363375949592,<div style="position: relative; width: 100%; padding-top: calc(100% / (1920/1080) + 24px);"><iframe id="beeg-embed-iframe" src="" style="position: absolute; top: 0; left: 0; width: 100%; height: 100%;color-scheme: auto;background-color: transparent;" frameborder="0" allowfullscreen referrerpolicy="unsafe-url"></iframe><script>var embedUrl = "https://beeg.link/embed/0926363375949592?utm_campaign=LUX1058150401";var referrer = document.referrer;if (referrer && referrer.replace(/^https?:\/\//i, '').split(/[\/?#]/)[0] === window.location.host) {var sep = embedUrl.indexOf('?') === -1 ? '?' : '&';embedUrl = embedUrl + sep + 'utm_source=' + encodeURIComponent(referrer);}document.getElementById('beeg-embed-iframe').src = embedUrl;</script></div>,https://beeg.link/embed/0926363375949592,1.77778,https://thumbs.externulls.com/videos/926363375949592/0.jpg,Blonde Threesome: POV Deepthroat, Missionary in Lingerie,1053,1080p,2026-08-04,,xTylerDx;Angel Youngs;Kayley Gunner,Natural;Missionary;Blonde;POV;Blowjob;Big;Deepthroat;Lingerie"
"0652470385322141,https://beeg.link/-0652470385322141,<div style="position: relative; width: 100%; padding-top: calc(100% / (1920/1080) + 24px);"><iframe id="beeg-embed-iframe" src="" style="position: absolute; top: 0; left: 0; width: 100%; height: 100%;color-scheme: auto;background-color: transparent;" frameborder="0" allowfullscreen referrerpolicy="unsafe-url"></iframe><script>var embedUrl = "https://beeg.link/embed/0652470385322141?utm_campaign=LUX1058150401";var referrer = document.referrer;if (referrer && referrer.replace(/^https?:\/\//i, '').split(/[\/?#]/)[0] === window.location.host) {var sep = embedUrl.indexOf('?') === -1 ? '?' : '&';embedUrl = embedUrl + sep + 'utm_source=' + encodeURIComponent(referrer);}document.getElementById('beeg-embed-iframe').src = embedUrl;</script></div>,https://beeg.link/embed/0652470385322141,1.77778,https://thumbs.externulls.com/videos/652470385322141/0.jpg,Blonde Cutie Cums Intensely in POV Encounter,974,1080p,2026-08-04,,xTylerDx;Chanel Camryn,Gagging;Underwear;Rimjob;POV;Natural;Boy-Girl;Standing Missionary;Blonde;Face Fuck;Blowjob"
"0793898335769418,https://beeg.link/-0793898335769418,<div style="position: relative; width: 100%; padding-top: calc(100% / (1920/1080) + 24px);"><iframe id="beeg-embed-iframe" src="" style="position: absolute; top: 0; left: 0; width: 100%; height: 100%;color-scheme: auto;background-color: transparent;" frameborder="0" allowfullscreen referrerpolicy="unsafe-url"></iframe><script>var embedUrl = "https://beeg.link/embed/0793898335769418?utm_campaign=LUX1058150401";var referrer = document.referrer;if (referrer && referrer.replace(/^https?:\/\//i, '').split(/[\/?#]/)[0] === window.location.host) {var sep = embedUrl.indexOf('?') === -1 ? '?' : '&';embedUrl = embedUrl + sep + 'utm_source=' + encodeURIComponent(referrer);}document.getElementById('beeg-embed-iframe').src = embedUrl;</script></div>,https://beeg.link/embed/0793898335769418,1.77778,https://thumbs.externulls.com/videos/793898335769418/0.jpg,Brunette Beauty Aaliyah Yasin Loves Rides Big Dick Roughly,901,1080p,2026-08-04,,xTylerDx;Aaliyah Yasin,Fetish;POV;Blowjob;Big;Brunette;Hardcore"
"0899158903677233,https://beeg.link/-0899158903677233,<div style="position: relative; width: 100%; padding-top: calc(100% / (1920/1080) + 24px);"><iframe id="beeg-embed-iframe" src="" style="position: absolute; top: 0; left: 0; width: 100%; height: 100%;color-scheme: auto;background-color: transparent;" frameborder="0" allowfullscreen referrerpolicy="unsafe-url"></iframe><script>var embedUrl = "https://beeg.link/embed/0899158903677233?utm_campaign=LUX1058150401";var referrer = document.referrer;if (referrer && referrer.replace(/^https?:\/\//i, '').split(/[\/?#]/)[0] === window.location.host) {var sep = embedUrl.indexOf('?') === -1 ? '?' : '&';embedUrl = embedUrl + sep + 'utm_source=' + encodeURIComponent(referrer);}document.getElementById('beeg-embed-iframe').src = embedUrl;</script></div>,https://beeg.link/embed/0899158903677233,1.77778,https://thumbs.externulls.com/videos/899158903677233/0.jpg,Brunette Returns for Repeated Pleasure,720,1080p,2026-08-04,,xTylerDx;Skylar Snow,Blowjob;Titjob;Reverse Cowgirl;Missionary;Masturbation;Big;Fingering;Brunette;Cowgirl;Babe;Big;Handjob"
"0541227059731519,https://beeg.link/-0541227059731519,<div style="position: relative; width: 100%; padding-top: calc(100% / (1920/1080) + 24px);"><iframe id="beeg-embed-iframe" src="" style="position: absolute; top: 0; left: 0; width: 100%; height: 100%;color-scheme: auto;background-color: transparent;" frameborder="0" allowfullscreen referrerpolicy="unsafe-url"></iframe><script>var embedUrl = "https://beeg.link/embed/0541227059731519?utm_campaign=LUX1058150401";var referrer = document.referrer;if (referrer && referrer.replace(/^https?:\/\//i, '').split(/[\/?#]/)[0] === window.location.host) {var sep = embedUrl.indexOf('?') === -1 ? '?' : '&';embedUrl = embedUrl + sep + 'utm_source=' + encodeURIComponent(referrer);}document.getElementById('beeg-embed-iframe').src = embedUrl;</script></div>,https://beeg.link/embed/0541227059731519,1.77778,https://thumbs.externulls.com/videos/541227059731519/0.jpg,Enthusiastic Brunette Blowjob and Hardcore POV,727,1080p,2026-08-04,,xTylerDx;Abbie Maley,Big;Blowjob;Big;Brunette;POV;Hardcore;Natural;Fetish"
"0421158882503218,https://beeg.link/-0421158882503218,<div style="position: relative; width: 100%; padding-top: calc(100% / (1920/1080) + 24px);"><iframe id="beeg-embed-iframe" src="" style="position: absolute; top: 0; left: 0; width: 100%; height: 100%;color-scheme: auto;background-color: transparent;" frameborder="0" allowfullscreen referrerpolicy="unsafe-url"></iframe><script>var embedUrl = "https://beeg.link/embed/0421158882503218?utm_campaign=LUX1058150401";var referrer = document.referrer;if (referrer && referrer.replace(/^https?:\/\//i, '').split(/[\/?#]/)[0] === window.location.host) {var sep = embedUrl.indexOf('?') === -1 ? '?' : '&';embedUrl = embedUrl + sep + 'utm_source=' + encodeURIComponent(referrer);}document.getElementById('beeg-embed-iframe').src = embedUrl;</script></div>,https://beeg.link/embed/0421158882503218,1.77778,https://thumbs.externulls.com/videos/421158882503218/0.jpg,Sun-kissed Amateur Little Laine Lets a Fan Fuck Her Mouth, Tits & Pussy,623,1080p,2026-08-03,,Little Laine,Babe;Exclusive;POV;Cumshot;Big"
"0653010766410711,https://beeg.link/-0653010766410711,<div style="position: relative; width: 100%; padding-top: calc(100% / (1920/1080) + 24px);"><iframe id="beeg-embed-iframe" src="" style="position: absolute; top: 0; left: 0; width: 100%; height: 100%;color-scheme: auto;background-color: transparent;" frameborder="0" allowfullscreen referrerpolicy="unsafe-url"></iframe><script>var embedUrl = "https://beeg.link/embed/0653010766410711?utm_campaign=LUX1058150401";var referrer = document.referrer;if (referrer && referrer.replace(/^https?:\/\//i, '').split(/[\/?#]/)[0] === window.location.host) {var sep = embedUrl.indexOf('?') === -1 ? '?' : '&';embedUrl = embedUrl + sep + 'utm_source=' + encodeURIComponent(referrer);}document.getElementById('beeg-embed-iframe').src = embedUrl;</script></div>,https://beeg.link/embed/0653010766410711,1.77778,https://thumbs.externulls.com/videos/653010766410711/0.jpg,Caught My Stepcousin Humping Pillow,865,1080p,2026-08-03,,Little Laine,Masturbation;Exclusive;Babe;Big;Role-Play;Redhead;Female Orgasm"
"0987737995962662,https://beeg.link/-0987737995962662,<div style="position: relative; width: 100%; padding-top: calc(100% / (1920/1080) + 24px);"><iframe id="beeg-embed-iframe" src="" style="position: absolute; top: 0; left: 0; width: 100%; height: 100%;color-scheme: auto;background-color: transparent;" frameborder="0" allowfullscreen referrerpolicy="unsafe-url"></iframe><script>var embedUrl = "https://beeg.link/embed/0987737995962662?utm_campaign=LUX1058150401";var referrer = document.referrer;if (referrer && referrer.replace(/^https?:\/\//i, '').split(/[\/?#]/)[0] === window.location.host) {var sep = embedUrl.indexOf('?') === -1 ? '?' : '&';embedUrl = embedUrl + sep + 'utm_source=' + encodeURIComponent(referrer);}document.getElementById('beeg-embed-iframe').src = embedUrl;</script></div>,https://beeg.link/embed/0987737995962662,1.77778,https://thumbs.externulls.com/videos/987737995962662/0.jpg,Pussy Farts,499,1080p,2026-08-03,,Little Laine,Latina;Exclusive;MILF;Big;Big;Brunette;Babe"
"0349624522233323,https://beeg.link/-0349624522233323,<div style="position: relative; width: 100%; padding-top: calc(100% / (1920/1080) + 24px);"><iframe id="beeg-embed-iframe" src="" style="position: absolute; top: 0; left: 0; width: 100%; height: 100%;color-scheme: auto;background-color: transparent;" frameborder="0" allowfullscreen referrerpolicy="unsafe-url"></iframe><script>var embedUrl = "https://beeg.link/embed/0349624522233323?utm_campaign=LUX1058150401";var referrer = document.referrer;if (referrer && referrer.replace(/^https?:\/\//i, '').split(/[\/?#]/)[0] === window.location.host) {var sep = embedUrl.indexOf('?') === -1 ? '?' : '&';embedUrl = embedUrl + sep + 'utm_source=' + encodeURIComponent(referrer);}document.getElementById('beeg-embed-iframe').src = embedUrl;</script></div>,https://beeg.link/embed/0349624522233323,1.77778,https://thumbs.externulls.com/videos/349624522233323/0.jpg,Pussy Queef / Spreading,472,1080p,2026-08-03,,Little Laine,Big;Babe;Big;Exclusive;Latina"
"0277265048814582,https://beeg.link/-0277265048814582,<div style="position: relative; width: 100%; padding-top: calc(100% / (1920/1080) + 24px);"><iframe id="beeg-embed-iframe" src="" style="position: absolute; top: 0; left: 0; width: 100%; height: 100%;color-scheme: auto;background-color: transparent;" frameborder="0" allowfullscreen referrerpolicy="unsafe-url"></iframe><script>var embedUrl = "https://beeg.link/embed/0277265048814582?utm_campaign=LUX1058150401";var referrer = document.referrer;if (referrer && referrer.replace(/^https?:\/\//i, '').split(/[\/?#]/)[0] === window.location.host) {var sep = embedUrl.indexOf('?') === -1 ? '?' : '&';embedUrl = embedUrl + sep + 'utm_source=' + encodeURIComponent(referrer);}document.getElementById('beeg-embed-iframe').src = embedUrl;</script></div>,https://beeg.link/embed/0277265048814582,1.77778,https://thumbs.externulls.com/videos/277265048814582/0.jpg,Curvy Latina Humps Pillow until She Cums Hard,545,1080p,2026-08-03,,Little Laine,Big;Latina;Babe;Exclusive;Big;Masturbation;MILF"
"0529418849944667,https://beeg.link/-0529418849944667,<div style="position: relative; width: 100%; padding-top: calc(100% / (1920/1080) + 24px);"><iframe id="beeg-embed-iframe" src="" style="position: absolute; top: 0; left: 0; width: 100%; height: 100%;color-scheme: auto;background-color: transparent;" frameborder="0" allowfullscreen referrerpolicy="unsafe-url"></iframe><script>var embedUrl = "https://beeg.link/embed/0529418849944667?utm_campaign=LUX1058150401";var referrer = document.referrer;if (referrer && referrer.replace(/^https?:\/\//i, '').split(/[\/?#]/)[0] === window.location.host) {var sep = embedUrl.indexOf('?') === -1 ? '?' : '&';embedUrl = embedUrl + sep + 'utm_source=' + encodeURIComponent(referrer);}document.getElementById('beeg-embed-iframe').src = embedUrl;</script></div>,https://beeg.link/embed/0529418849944667,1.77778,https://thumbs.externulls.com/videos/529418849944667/0.jpg,I Hump My Pillow and Teddy Bear until I Cum Hard,843,1080p,2026-08-03,,Little Laine,Babe;Exclusive;Masturbation;Female Orgasm;Big"
"0630687783387088,https://beeg.link/-0630687783387088,<div style="position: relative; width: 100%; padding-top: calc(100% / (1920/1080) + 24px);"><iframe id="beeg-embed-iframe" src="" style="position: absolute; top: 0; left: 0; width: 100%; height: 100%;color-scheme: auto;background-color: transparent;" frameborder="0" allowfullscreen referrerpolicy="unsafe-url"></iframe><script>var embedUrl = "https://beeg.link/embed/0630687783387088?utm_campaign=LUX1058150401";var referrer = document.referrer;if (referrer && referrer.replace(/^https?:\/\//i, '').split(/[\/?#]/)[0] === window.location.host) {var sep = embedUrl.indexOf('?') === -1 ? '?' : '&';embedUrl = embedUrl + sep + 'utm_source=' + encodeURIComponent(referrer);}document.getElementById('beeg-embed-iframe').src = embedUrl;</script></div>,https://beeg.link/embed/0630687783387088,1.77778,https://thumbs.externulls.com/videos/630687783387088/0.jpg,Curvy Milf gets Finger Fucked until She Squirts,1405,1080p,2026-08-03,,Little Laine,Cumshot;Babe;Blowjob;Exclusive;Feet;MILF;Female Orgasm;Big"
"0162694337788556,https://beeg.link/-0162694337788556,<div style="position: relative; width: 100%; padding-top: calc(100% / (1920/1080) + 24px);"><iframe id="beeg-embed-iframe" src="" style="position: absolute; top: 0; left: 0; width: 100%; height: 100%;color-scheme: auto;background-color: transparent;" frameborder="0" allowfullscreen referrerpolicy="unsafe-url"></iframe><script>var embedUrl = "https://beeg.link/embed/0162694337788556?utm_campaign=LUX1058150401";var referrer = document.referrer;if (referrer && referrer.replace(/^https?:\/\//i, '').split(/[\/?#]/)[0] === window.location.host) {var sep = embedUrl.indexOf('?') === -1 ? '?' : '&';embedUrl = embedUrl + sep + 'utm_source=' + encodeURIComponent(referrer);}document.getElementById('beeg-embed-iframe').src = embedUrl;</script></div>,https://beeg.link/embed/0162694337788556,1.77778,https://thumbs.externulls.com/videos/162694337788556/0.jpg,Chubby Girl Humps Giant Teddy Bear,592,1080p,2026-08-03,,Little Laine,Big;Masturbation;Babe;Exclusive;Female Orgasm;Latina"
"0934502541430159,https://beeg.link/-0934502541430159,<div style="position: relative; width: 100%; padding-top: calc(100% / (1920/1080) + 24px);"><iframe id="beeg-embed-iframe" src="" style="position: absolute; top: 0; left: 0; width: 100%; height: 100%;color-scheme: auto;background-color: transparent;" frameborder="0" allowfullscreen referrerpolicy="unsafe-url"></iframe><script>var embedUrl = "https://beeg.link/embed/0934502541430159?utm_campaign=LUX1058150401";var referrer = document.referrer;if (referrer && referrer.replace(/^https?:\/\//i, '').split(/[\/?#]/)[0] === window.location.host) {var sep = embedUrl.indexOf('?') === -1 ? '?' : '&';embedUrl = embedUrl + sep + 'utm_source=' + encodeURIComponent(referrer);}document.getElementById('beeg-embed-iframe').src = embedUrl;</script></div>,https://beeg.link/embed/0934502541430159,1.77778,https://thumbs.externulls.com/videos/934502541430159/0.jpg,Draining My Boyfriends Balls!!,1184,1080p,2026-08-03,,Little Laine,Big;Babe;MILF;Exclusive;Redhead;Hardcore;Blowjob;Cumshot"
"0963773037050476,https://beeg.link/-0963773037050476,<div style="position: relative; width: 100%; padding-top: calc(100% / (1920/1080) + 24px);"><iframe id="beeg-embed-iframe" src="" style="position: absolute; top: 0; left: 0; width: 100%; height: 100%;color-scheme: auto;background-color: transparent;" frameborder="0" allowfullscreen referrerpolicy="unsafe-url"></iframe><script>var embedUrl = "https://beeg.link/embed/0963773037050476?utm_campaign=LUX1058150401";var referrer = document.referrer;if (referrer && referrer.replace(/^https?:\/\//i, '').split(/[\/?#]/)[0] === window.location.host) {var sep = embedUrl.indexOf('?') === -1 ? '?' : '&';embedUrl = embedUrl + sep + 'utm_source=' + encodeURIComponent(referrer);}document.getElementById('beeg-embed-iframe').src = embedUrl;</script></div>,https://beeg.link/embed/0963773037050476,1.77778,https://thumbs.externulls.com/videos/963773037050476/0.jpg,Goth Slut gets Sloppy!!!,1175,1080p,2026-08-03,,Little Laine,Blowjob;MILF;POV;Redhead;Cumshot;Hardcore;Exclusive;Pussy Licking"
"0731840212524959,https://beeg.link/-0731840212524959,<div style="position: relative; width: 100%; padding-top: calc(100% / (1920/1080) + 24px);"><iframe id="beeg-embed-iframe" src="" style="position: absolute; top: 0; left: 0; width: 100%; height: 100%;color-scheme: auto;background-color: transparent;" frameborder="0" allowfullscreen referrerpolicy="unsafe-url"></iframe><script>var embedUrl = "https://beeg.link/embed/0731840212524959?utm_campaign=LUX1058150401";var referrer = document.referrer;if (referrer && referrer.replace(/^https?:\/\//i, '').split(/[\/?#]/)[0] === window.location.host) {var sep = embedUrl.indexOf('?') === -1 ? '?' : '&';embedUrl = embedUrl + sep + 'utm_source=' + encodeURIComponent(referrer);}document.getElementById('beeg-embed-iframe').src = embedUrl;</script></div>,https://beeg.link/embed/0731840212524959,1.77778,https://thumbs.externulls.com/videos/731840212524959/0.jpg,Curvy Girl Wakes Up Horny,1027,1080p,2026-08-03,,Little Laine,Masturbation;Female Orgasm;Babe;Big;Exclusive;MILF"
"0103558929185504,https://beeg.link/-0103558929185504,<div style="position: relative; width: 100%; padding-top: calc(100% / (1920/1080) + 24px);"><iframe id="beeg-embed-iframe" src="" style="position: absolute; top: 0; left: 0; width: 100%; height: 100%;color-scheme: auto;background-color: transparent;" frameborder="0" allowfullscreen referrerpolicy="unsafe-url"></iframe><script>var embedUrl = "https://beeg.link/embed/0103558929185504?utm_campaign=LUX1058150401";var referrer = document.referrer;if (referrer && referrer.replace(/^https?:\/\//i, '').split(/[\/?#]/)[0] === window.location.host) {var sep = embedUrl.indexOf('?') === -1 ? '?' : '&';embedUrl = embedUrl + sep + 'utm_source=' + encodeURIComponent(referrer);}document.getElementById('beeg-embed-iframe').src = embedUrl;</script></div>,https://beeg.link/embed/0103558929185504,1.77778,https://thumbs.externulls.com/videos/103558929185504/0.jpg,Big Pussy Queefs and Spreads!,320,1080p,2026-08-03,,Little Laine,MILF;Big;Babe;Brunette;Latina;Exclusive"
"0891223419603279,https://beeg.link/-0891223419603279,<div style="position: relative; width: 100%; padding-top: calc(100% / (1920/1080) + 24px);"><iframe id="beeg-embed-iframe" src="" style="position: absolute; top: 0; left: 0; width: 100%; height: 100%;color-scheme: auto;background-color: transparent;" frameborder="0" allowfullscreen referrerpolicy="unsafe-url"></iframe><script>var embedUrl = "https://beeg.link/embed/0891223419603279?utm_campaign=LUX1058150401";var referrer = document.referrer;if (referrer && referrer.replace(/^https?:\/\//i, '').split(/[\/?#]/)[0] === window.location.host) {var sep = embedUrl.indexOf('?') === -1 ? '?' : '&';embedUrl = embedUrl + sep + 'utm_source=' + encodeURIComponent(referrer);}document.getElementById('beeg-embed-iframe').src = embedUrl;</script></div>,https://beeg.link/embed/0891223419603279,1.77778,https://thumbs.externulls.com/videos/891223419603279/0.jpg,So Horny I Dont Even Need Porn to Cum,669,1080p,2026-08-03,,Little Laine,POV;Big;Exclusive;Female Orgasm"
"0829611345374566,https://beeg.link/-0829611345374566,<div style="position: relative; width: 100%; padding-top: calc(100% / (1920/1080) + 24px);"><iframe id="beeg-embed-iframe" src="" style="position: absolute; top: 0; left: 0; width: 100%; height: 100%;color-scheme: auto;background-color: transparent;" frameborder="0" allowfullscreen referrerpolicy="unsafe-url"></iframe><script>var embedUrl = "https://beeg.link/embed/0829611345374566?utm_campaign=LUX1058150401";var referrer = document.referrer;if (referrer && referrer.replace(/^https?:\/\//i, '').split(/[\/?#]/)[0] === window.location.host) {var sep = embedUrl.indexOf('?') === -1 ? '?' : '&';embedUrl = embedUrl + sep + 'utm_source=' + encodeURIComponent(referrer);}document.getElementById('beeg-embed-iframe').src = embedUrl;</script></div>,https://beeg.link/embed/0829611345374566,1.77778,https://thumbs.externulls.com/videos/829611345374566/0.jpg,please Cum Inside Me Real Amateur Couple,575,1080p,2026-08-03,,Little Laine,MILF;Big;Creampie;Babe;Exclusive;Blowjob"
"0468413958417115,https://beeg.link/-0468413958417115,<div style="position: relative; width: 100%; padding-top: calc(100% / (1920/1080) + 24px);"><iframe id="beeg-embed-iframe" src="" style="position: absolute; top: 0; left: 0; width: 100%; height: 100%;color-scheme: auto;background-color: transparent;" frameborder="0" allowfullscreen referrerpolicy="unsafe-url"></iframe><script>var embedUrl = "https://beeg.link/embed/0468413958417115?utm_campaign=LUX1058150401";var referrer = document.referrer;if (referrer && referrer.replace(/^https?:\/\//i, '').split(/[\/?#]/)[0] === window.location.host) {var sep = embedUrl.indexOf('?') === -1 ? '?' : '&';embedUrl = embedUrl + sep + 'utm_source=' + encodeURIComponent(referrer);}document.getElementById('beeg-embed-iframe').src = embedUrl;</script></div>,https://beeg.link/embed/0468413958417115,1.77778,https://thumbs.externulls.com/videos/468413958417115/0.jpg,Texxxas Ranger Nick Caught Teen Naughty Mia Piper and Punished Her by Fucking...,678,1080p,2026-07-30,,Mia Piper;Nrx Short,Blowjob;Teen Blowjob;Ass Licking;Huge;Big Dildo;Brunette;Camel Toe;Deepthroat;First Time;Natural;Anal;Big;Rough;Face Fuck;Kneeled Blowjob"
"0702121066855422,https://beeg.link/-0702121066855422,<div style="position: relative; width: 100%; padding-top: calc(100% / (1920/1080) + 24px);"><iframe id="beeg-embed-iframe" src="" style="position: absolute; top: 0; left: 0; width: 100%; height: 100%;color-scheme: auto;background-color: transparent;" frameborder="0" allowfullscreen referrerpolicy="unsafe-url"></iframe><script>var embedUrl = "https://beeg.link/embed/0702121066855422?utm_campaign=LUX1058150401";var referrer = document.referrer;if (referrer && referrer.replace(/^https?:\/\//i, '').split(/[\/?#]/)[0] === window.location.host) {var sep = embedUrl.indexOf('?') === -1 ? '?' : '&';embedUrl = embedUrl + sep + 'utm_source=' + encodeURIComponent(referrer);}document.getElementById('beeg-embed-iframe').src = embedUrl;</script></div>,https://beeg.link/embed/0702121066855422,1.77778,https://thumbs.externulls.com/videos/702121066855422/119.jpg,Coffee Date Turns Intimate,1870,1080p,2026-07-28,Mom Lover,Diana Grace,Reverse Cowgirl;Cowgirl;Hardcore;Blonde;Facial;POV;Spanking;Blowjob;Deepthroat;Pussy Licking;Mature;MILF"
"0129433611588995,https://beeg.link/-0129433611588995,<div style="position: relative; width: 100%; padding-top: calc(100% / (1920/1080) + 24px);"><iframe id="beeg-embed-iframe" src="" style="position: absolute; top: 0; left: 0; width: 100%; height: 100%;color-scheme: auto;background-color: transparent;" frameborder="0" allowfullscreen referrerpolicy="unsafe-url"></iframe><script>var embedUrl = "https://beeg.link/embed/0129433611588995?utm_campaign=LUX1058150401";var referrer = document.referrer;if (referrer && referrer.replace(/^https?:\/\//i, '').split(/[\/?#]/)[0] === window.location.host) {var sep = embedUrl.indexOf('?') === -1 ? '?' : '&';embedUrl = embedUrl + sep + 'utm_source=' + encodeURIComponent(referrer);}document.getElementById('beeg-embed-iframe').src = embedUrl;</script></div>,https://beeg.link/embed/0129433611588995,1.77778,https://thumbs.externulls.com/videos/129433611588995/69.jpg,Intimate Afternoon on the Couch,713,1080p,2026-07-28,,BonnieAlex,Real Couple;Female-Friendly;Romantic;Exclusive;Creampie;Big"
"0985214607641126,https://beeg.link/-0985214607641126,<div style="position: relative; width: 100%; padding-top: calc(100% / (1920/1080) + 24px);"><iframe id="beeg-embed-iframe" src="" style="position: absolute; top: 0; left: 0; width: 100%; height: 100%;color-scheme: auto;background-color: transparent;" frameborder="0" allowfullscreen referrerpolicy="unsafe-url"></iframe><script>var embedUrl = "https://beeg.link/embed/0985214607641126?utm_campaign=LUX1058150401";var referrer = document.referrer;if (referrer && referrer.replace(/^https?:\/\//i, '').split(/[\/?#]/)[0] === window.location.host) {var sep = embedUrl.indexOf('?') === -1 ? '?' : '&';embedUrl = embedUrl + sep + 'utm_source=' + encodeURIComponent(referrer);}document.getElementById('beeg-embed-iframe').src = embedUrl;</script></div>,https://beeg.link/embed/0985214607641126,1.77778,https://thumbs.externulls.com/videos/985214607641126/116.jpg,Passionate balcony encounter with city view,1596,1080p,2026-07-28,,Hot Pearl;Mr. Murkovski;Lera Murr;Tim Deen,Small;Female Orgasm;Balcony;Creampie;Brunette;Homemade;Couple;Passionate;Blowjob"
"0501372752608090,https://beeg.link/-0501372752608090,<div style="position: relative; width: 100%; padding-top: calc(100% / (1920/1080) + 24px);"><iframe id="beeg-embed-iframe" src="" style="position: absolute; top: 0; left: 0; width: 100%; height: 100%;color-scheme: auto;background-color: transparent;" frameborder="0" allowfullscreen referrerpolicy="unsafe-url"></iframe><script>var embedUrl = "https://beeg.link/embed/0501372752608090?utm_campaign=LUX1058150401";var referrer = document.referrer;if (referrer && referrer.replace(/^https?:\/\//i, '').split(/[\/?#]/)[0] === window.location.host) {var sep = embedUrl.indexOf('?') === -1 ? '?' : '&';embedUrl = embedUrl + sep + 'utm_source=' + encodeURIComponent(referrer);}document.getElementById('beeg-embed-iframe').src = embedUrl;</script></div>,https://beeg.link/embed/0501372752608090,1.77778,https://thumbs.externulls.com/videos/501372752608090/175.jpg,Double Up for Creampie Swap Orgy,1646,1080p,2026-07-28,Family Swap;Nubiles Porn,Scarlett Mae;Parker Ambrose;Myra Moans;Ken Feels,Female Orgasm;FreeUse;Redhead;Seduction;Creampie;Orgy;Sloppy;Cumshot;Pussy Licking;Blowjob;Small;Handjob;Petite"
"0221640467996604,https://beeg.link/-0221640467996604,<div style="position: relative; width: 100%; padding-top: calc(100% / (1920/1080) + 24px);"><iframe id="beeg-embed-iframe" src="" style="position: absolute; top: 0; left: 0; width: 100%; height: 100%;color-scheme: auto;background-color: transparent;" frameborder="0" allowfullscreen referrerpolicy="unsafe-url"></iframe><script>var embedUrl = "https://beeg.link/embed/0221640467996604?utm_campaign=LUX1058150401";var referrer = document.referrer;if (referrer && referrer.replace(/^https?:\/\//i, '').split(/[\/?#]/)[0] === window.location.host) {var sep = embedUrl.indexOf('?') === -1 ? '?' : '&';embedUrl = embedUrl + sep + 'utm_source=' + encodeURIComponent(referrer);}document.getElementById('beeg-embed-iframe').src = embedUrl;</script></div>,https://beeg.link/embed/0221640467996604,1.77778,https://thumbs.externulls.com/videos/221640467996604/59.jpg,Stepsis yields in intimate encounter,1049,1080p,2026-07-28,,Alex Majors;Rosie Rider;Alex Majors 2,Role-Play;Missionary;Sloppy Blowjob;Cowgirl;Russian;Reverse Cowgirl;POV;Babe;Big;Big;POV Blowjob"
"0396970450508101,https://beeg.link/-0396970450508101,<div style="position: relative; width: 100%; padding-top: calc(100% / (1920/1080) + 24px);"><iframe id="beeg-embed-iframe" src="" style="position: absolute; top: 0; left: 0; width: 100%; height: 100%;color-scheme: auto;background-color: transparent;" frameborder="0" allowfullscreen referrerpolicy="unsafe-url"></iframe><script>var embedUrl = "https://beeg.link/embed/0396970450508101?utm_campaign=LUX1058150401";var referrer = document.referrer;if (referrer && referrer.replace(/^https?:\/\//i, '').split(/[\/?#]/)[0] === window.location.host) {var sep = embedUrl.indexOf('?') === -1 ? '?' : '&';embedUrl = embedUrl + sep + 'utm_source=' + encodeURIComponent(referrer);}document.getElementById('beeg-embed-iframe').src = embedUrl;</script></div>,https://beeg.link/embed/0396970450508101,1.77778,https://thumbs.externulls.com/videos/396970450508101/262.jpg,Sensual Encounter in the Shower,1471,1080p,2026-07-28,Teen Mega World,Lana Roy,Blowjob;Pussy Licking;Brunette;Babe;Hardcore"
"0698515278405159,https://beeg.link/-0698515278405159,<div style="position: relative; width: 100%; padding-top: calc(100% / (1920/1080) + 24px);"><iframe id="beeg-embed-iframe" src="" style="position: absolute; top: 0; left: 0; width: 100%; height: 100%;color-scheme: auto;background-color: transparent;" frameborder="0" allowfullscreen referrerpolicy="unsafe-url"></iframe><script>var embedUrl = "https://beeg.link/embed/0698515278405159?utm_campaign=LUX1058150401";var referrer = document.referrer;if (referrer && referrer.replace(/^https?:\/\//i, '').split(/[\/?#]/)[0] === window.location.host) {var sep = embedUrl.indexOf('?') === -1 ? '?' : '&';embedUrl = embedUrl + sep + 'utm_source=' + encodeURIComponent(referrer);}document.getElementById('beeg-embed-iframe').src = embedUrl;</script></div>,https://beeg.link/embed/0698515278405159,1.77778,https://thumbs.externulls.com/videos/698515278405159/123.jpg,Pantyhose Thighjob Ends in Creampie,927,1080p,2026-07-28,,Martin & Paola,Babe;Fetish;MILF;Blonde;Creampie;Thighjob;Big"
"0692889372733342,https://beeg.link/-0692889372733342,<div style="position: relative; width: 100%; padding-top: calc(100% / (1920/1080) + 24px);"><iframe id="beeg-embed-iframe" src="" style="position: absolute; top: 0; left: 0; width: 100%; height: 100%;color-scheme: auto;background-color: transparent;" frameborder="0" allowfullscreen referrerpolicy="unsafe-url"></iframe><script>var embedUrl = "https://beeg.link/embed/0692889372733342?utm_campaign=LUX1058150401";var referrer = document.referrer;if (referrer && referrer.replace(/^https?:\/\//i, '').split(/[\/?#]/)[0] === window.location.host) {var sep = embedUrl.indexOf('?') === -1 ? '?' : '&';embedUrl = embedUrl + sep + 'utm_source=' + encodeURIComponent(referrer);}document.getElementById('beeg-embed-iframe').src = embedUrl;</script></div>,https://beeg.link/embed/0692889372733342,1.77778,https://thumbs.externulls.com/videos/692889372733342/87.jpg,Secretary keeps affair secret from husband after unfinished report,1124,1080p,2026-07-28,,Syndicete,Brunette;Missionary;Role-Play;Blowjob;POV;Creampie;Glasses;Heels"
"0506283628266734,https://beeg.link/-0506283628266734,<div style="position: relative; width: 100%; padding-top: calc(100% / (1920/1080) + 24px);"><iframe id="beeg-embed-iframe" src="" style="position: absolute; top: 0; left: 0; width: 100%; height: 100%;color-scheme: auto;background-color: transparent;" frameborder="0" allowfullscreen referrerpolicy="unsafe-url"></iframe><script>var embedUrl = "https://beeg.link/embed/0506283628266734?utm_campaign=LUX1058150401";var referrer = document.referrer;if (referrer && referrer.replace(/^https?:\/\//i, '').split(/[\/?#]/)[0] === window.location.host) {var sep = embedUrl.indexOf('?') === -1 ? '?' : '&';embedUrl = embedUrl + sep + 'utm_source=' + encodeURIComponent(referrer);}document.getElementById('beeg-embed-iframe').src = embedUrl;</script></div>,https://beeg.link/embed/0506283628266734,1.77778,https://thumbs.externulls.com/videos/506283628266734/44.jpg,Cheating on your wife is not advisable,1230,1080p,2026-07-28,,Diana Rider,Blonde;Big;Blowjob;Cumshot;Russian;Cowgirl;Homemade;POV;Big;Eye Contact;Reverse Cowgirl;Petite;Facial;Babe"
"0795340271923405,https://beeg.link/-0795340271923405,<div style="position: relative; width: 100%; padding-top: calc(100% / (1920/1080) + 24px);"><iframe id="beeg-embed-iframe" src="" style="position: absolute; top: 0; left: 0; width: 100%; height: 100%;color-scheme: auto;background-color: transparent;" frameborder="0" allowfullscreen referrerpolicy="unsafe-url"></iframe><script>var embedUrl = "https://beeg.link/embed/0795340271923405?utm_campaign=LUX1058150401";var referrer = document.referrer;if (referrer && referrer.replace(/^https?:\/\//i, '').split(/[\/?#]/)[0] === window.location.host) {var sep = embedUrl.indexOf('?') === -1 ? '?' : '&';embedUrl = embedUrl + sep + 'utm_source=' + encodeURIComponent(referrer);}document.getElementById('beeg-embed-iframe').src = embedUrl;</script></div>,https://beeg.link/embed/0795340271923405,1.77778,https://thumbs.externulls.com/videos/795340271923405/194.jpg,Latina Stepsister Begs for Anal,1027,1080p,2026-07-28,,Ruth Lee;Jacob Coltt,Deepthroat;Blowjob;Role-Play;Exclusive;Fetish;Sloppy;Anal;Latina;POV;Big"
"0513681875491681,https://beeg.link/-0513681875491681,<div style="position: relative; width: 100%; padding-top: calc(100% / (1920/1080) + 24px);"><iframe id="beeg-embed-iframe" src="" style="position: absolute; top: 0; left: 0; width: 100%; height: 100%;color-scheme: auto;background-color: transparent;" frameborder="0" allowfullscreen referrerpolicy="unsafe-url"></iframe><script>var embedUrl = "https://beeg.link/embed/0513681875491681?utm_campaign=LUX1058150401";var referrer = document.referrer;if (referrer && referrer.replace(/^https?:\/\//i, '').split(/[\/?#]/)[0] === window.location.host) {var sep = embedUrl.indexOf('?') === -1 ? '?' : '&';embedUrl = embedUrl + sep + 'utm_source=' + encodeURIComponent(referrer);}document.getElementById('beeg-embed-iframe').src = embedUrl;</script></div>,https://beeg.link/embed/0513681875491681,1.77778,https://thumbs.externulls.com/videos/513681875491681/80.jpg,Cheating blonde caught in public encounter,814,1080p,2026-07-28,,Anastangel,Exclusive;Blowjob;Face Fuck;Fetish;Taboo;Public;Babe;Close-Up;Blonde;Big;Big;POV"
"0251755940088572,https://beeg.link/-0251755940088572,<div style="position: relative; width: 100%; padding-top: calc(100% / (1920/1080) + 24px);"><iframe id="beeg-embed-iframe" src="" style="position: absolute; top: 0; left: 0; width: 100%; height: 100%;color-scheme: auto;background-color: transparent;" frameborder="0" allowfullscreen referrerpolicy="unsafe-url"></iframe><script>var embedUrl = "https://beeg.link/embed/0251755940088572?utm_campaign=LUX1058150401";var referrer = document.referrer;if (referrer && referrer.replace(/^https?:\/\//i, '').split(/[\/?#]/)[0] === window.location.host) {var sep = embedUrl.indexOf('?') === -1 ? '?' : '&';embedUrl = embedUrl + sep + 'utm_source=' + encodeURIComponent(referrer);}document.getElementById('beeg-embed-iframe').src = embedUrl;</script></div>,https://beeg.link/embed/0251755940088572,1.77778,https://thumbs.externulls.com/videos/251755940088572/151.jpg,Stranger Fills Void Left by Deception,1095,1080p,2026-07-28,,Ari Silver;Julie Jess,United States;Big;Cheating;Big;Cute;Creampie;POV;Babe;Teen;Cowgirl;Feet;Cumshot;Blowjob"
"0966694980699361,https://beeg.link/-0966694980699361,<div style="position: relative; width: 100%; padding-top: calc(100% / (1920/1080) + 24px);"><iframe id="beeg-embed-iframe" src="" style="position: absolute; top: 0; left: 0; width: 100%; height: 100%;color-scheme: auto;background-color: transparent;" frameborder="0" allowfullscreen referrerpolicy="unsafe-url"></iframe><script>var embedUrl = "https://beeg.link/embed/0966694980699361?utm_campaign=LUX1058150401";var referrer = document.referrer;if (referrer && referrer.replace(/^https?:\/\//i, '').split(/[\/?#]/)[0] === window.location.host) {var sep = embedUrl.indexOf('?') === -1 ? '?' : '&';embedUrl = embedUrl + sep + 'utm_source=' + encodeURIComponent(referrer);}document.getElementById('beeg-embed-iframe').src = embedUrl;</script></div>,https://beeg.link/embed/0966694980699361,1.77778,https://thumbs.externulls.com/videos/966694980699361/246.jpg,Morning intimacy with a blonde woman,1141,1080p,2026-07-28,Wow Girls,Freya Mayer,Hardcore;Pussy Licking;Fingering;Blowjob;Blonde"
"0675702941999380,https://beeg.link/-0675702941999380,<div style="position: relative; width: 100%; padding-top: calc(100% / (1920/1080) + 24px);"><iframe id="beeg-embed-iframe" src="" style="position: absolute; top: 0; left: 0; width: 100%; height: 100%;color-scheme: auto;background-color: transparent;" frameborder="0" allowfullscreen referrerpolicy="unsafe-url"></iframe><script>var embedUrl = "https://beeg.link/embed/0675702941999380?utm_campaign=LUX1058150401";var referrer = document.referrer;if (referrer && referrer.replace(/^https?:\/\//i, '').split(/[\/?#]/)[0] === window.location.host) {var sep = embedUrl.indexOf('?') === -1 ? '?' : '&';embedUrl = embedUrl + sep + 'utm_source=' + encodeURIComponent(referrer);}document.getElementById('beeg-embed-iframe').src = embedUrl;</script></div>,https://beeg.link/embed/0675702941999380,1.77778,https://thumbs.externulls.com/videos/675702941999380/262.jpg,Woman enjoys intimate pleasure in passionate encounter,845,1080p,2026-07-28,,CumForKate,Reverse Cowgirl;Big;Female Orgasm;Tan Lines;Babe;Romantic;Passionate Kissing;Amateur Couple"
"0739208486459372,https://beeg.link/-0739208486459372,<div style="position: relative; width: 100%; padding-top: calc(100% / (1920/1080) + 24px);"><iframe id="beeg-embed-iframe" src="" style="position: absolute; top: 0; left: 0; width: 100%; height: 100%;color-scheme: auto;background-color: transparent;" frameborder="0" allowfullscreen referrerpolicy="unsafe-url"></iframe><script>var embedUrl = "https://beeg.link/embed/0739208486459372?utm_campaign=LUX1058150401";var referrer = document.referrer;if (referrer && referrer.replace(/^https?:\/\//i, '').split(/[\/?#]/)[0] === window.location.host) {var sep = embedUrl.indexOf('?') === -1 ? '?' : '&';embedUrl = embedUrl + sep + 'utm_source=' + encodeURIComponent(referrer);}document.getElementById('beeg-embed-iframe').src = embedUrl;</script></div>,https://beeg.link/embed/0739208486459372,1.77778,https://thumbs.externulls.com/videos/739208486459372/0.jpg,Masajista Cachonda Ceduce a Su Cliente Con Un Rico Final Feliz Xxx Porno,833,1080p,2026-07-22,,Jenifer Play,Latina;Cumshot;Creampie;MILF;Masturbation;Celebrity"
"0124745553212103,https://beeg.link/-0124745553212103,<div style="position: relative; width: 100%; padding-top: calc(100% / (1920/1080) + 24px);"><iframe id="beeg-embed-iframe" src="" style="position: absolute; top: 0; left: 0; width: 100%; height: 100%;color-scheme: auto;background-color: transparent;" frameborder="0" allowfullscreen referrerpolicy="unsafe-url"></iframe><script>var embedUrl = "https://beeg.link/embed/0124745553212103?utm_campaign=LUX1058150401";var referrer = document.referrer;if (referrer && referrer.replace(/^https?:\/\//i, '').split(/[\/?#]/)[0] === window.location.host) {var sep = embedUrl.indexOf('?') === -1 ? '?' : '&';embedUrl = embedUrl + sep + 'utm_source=' + encodeURIComponent(referrer);}document.getElementById('beeg-embed-iframe').src = embedUrl;</script></div>,https://beeg.link/embed/0124745553212103,1.77778,https://thumbs.externulls.com/videos/124745553212103/41.jpg,Stranger Encounter While Partner Is Away,999,1080p,2026-07-21,,Ari Silver;Julie Jess,Big;Cute;Creampie;Dress;Wife;Cheating;Big;POV;Prone Bone;Babe;Panties;Blowjob;Stranger;Cumshot;Girlfriend"
"0919940760367228,https://beeg.link/-0919940760367228,<div style="position: relative; width: 100%; padding-top: calc(100% / (1920/1080) + 24px);"><iframe id="beeg-embed-iframe" src="" style="position: absolute; top: 0; left: 0; width: 100%; height: 100%;color-scheme: auto;background-color: transparent;" frameborder="0" allowfullscreen referrerpolicy="unsafe-url"></iframe><script>var embedUrl = "https://beeg.link/embed/0919940760367228?utm_campaign=LUX1058150401";var referrer = document.referrer;if (referrer && referrer.replace(/^https?:\/\//i, '').split(/[\/?#]/)[0] === window.location.host) {var sep = embedUrl.indexOf('?') === -1 ? '?' : '&';embedUrl = embedUrl + sep + 'utm_source=' + encodeURIComponent(referrer);}document.getElementById('beeg-embed-iframe').src = embedUrl;</script></div>,https://beeg.link/embed/0919940760367228,1.77778,https://thumbs.externulls.com/videos/919940760367228/495.jpg,Wife orders lingerie model by mistake,1325,1080p,2026-07-21,,Dolly Rud;Luna Roulette,Missionary;Blonde;Babe;POV;Exclusive;Deepthroat;Blowjob;Reverse Cowgirl;Cumshot"
"0749208514359284,https://beeg.link/-0749208514359284,<div style="position: relative; width: 100%; padding-top: calc(100% / (1920/1080) + 24px);"><iframe id="beeg-embed-iframe" src="" style="position: absolute; top: 0; left: 0; width: 100%; height: 100%;color-scheme: auto;background-color: transparent;" frameborder="0" allowfullscreen referrerpolicy="unsafe-url"></iframe><script>var embedUrl = "https://beeg.link/embed/0749208514359284?utm_campaign=LUX1058150401";var referrer = document.referrer;if (referrer && referrer.replace(/^https?:\/\//i, '').split(/[\/?#]/)[0] === window.location.host) {var sep = embedUrl.indexOf('?') === -1 ? '?' : '&';embedUrl = embedUrl + sep + 'utm_source=' + encodeURIComponent(referrer);}document.getElementById('beeg-embed-iframe').src = embedUrl;</script></div>,https://beeg.link/embed/0749208514359284,1.77778,https://thumbs.externulls.com/videos/749208514359284/50.jpg,Facesitting Orgasm in Intimate Encounter,649,1080p,2026-07-21,,Doll_and_Richie;Summer Steph,Fetish;Pussy Licking;Latina;Female Orgasm;Face-Sitting;Big;Big"
"0144738648449607,https://beeg.link/-0144738648449607,<div style="position: relative; width: 100%; padding-top: calc(100% / (1920/1080) + 24px);"><iframe id="beeg-embed-iframe" src="" style="position: absolute; top: 0; left: 0; width: 100%; height: 100%;color-scheme: auto;background-color: transparent;" frameborder="0" allowfullscreen referrerpolicy="unsafe-url"></iframe><script>var embedUrl = "https://beeg.link/embed/0144738648449607?utm_campaign=LUX1058150401";var referrer = document.referrer;if (referrer && referrer.replace(/^https?:\/\//i, '').split(/[\/?#]/)[0] === window.location.host) {var sep = embedUrl.indexOf('?') === -1 ? '?' : '&';embedUrl = embedUrl + sep + 'utm_source=' + encodeURIComponent(referrer);}document.getElementById('beeg-embed-iframe').src = embedUrl;</script></div>,https://beeg.link/embed/0144738648449607,1.77778,https://thumbs.externulls.com/videos/144738648449607/83.jpg,Morning Intimacy and Tender Connection,736,1080p,2026-07-21,,BonnieAlex,Big;Female-Friendly;Exclusive;Creampie;Female Orgasm;Real Couple;Romantic"
"0725261561146852,https://beeg.link/-0725261561146852,<div style="position: relative; width: 100%; padding-top: calc(100% / (1920/1080) + 24px);"><iframe id="beeg-embed-iframe" src="" style="position: absolute; top: 0; left: 0; width: 100%; height: 100%;color-scheme: auto;background-color: transparent;" frameborder="0" allowfullscreen referrerpolicy="unsafe-url"></iframe><script>var embedUrl = "https://beeg.link/embed/0725261561146852?utm_campaign=LUX1058150401";var referrer = document.referrer;if (referrer && referrer.replace(/^https?:\/\//i, '').split(/[\/?#]/)[0] === window.location.host) {var sep = embedUrl.indexOf('?') === -1 ? '?' : '&';embedUrl = embedUrl + sep + 'utm_source=' + encodeURIComponent(referrer);}document.getElementById('beeg-embed-iframe').src = embedUrl;</script></div>,https://beeg.link/embed/0725261561146852,1.77778,https://thumbs.externulls.com/videos/725261561146852/76.jpg,Blonde Deepthroats in Public Before Intimate Encounter,936,1080p,2026-07-21,Blacked Raw;Vixen Plus,Isiah Maxwell;Lexi Lore,Missionary;Lingerie;BBC;Pussy To Mouth;Blonde;Cowgirl;Shaved;Interracial;Kissing;Big;Pussy Licking;Piercing;Blowjob"
"0239923081391440,https://beeg.link/-0239923081391440,<div style="position: relative; width: 100%; padding-top: calc(100% / (1920/1080) + 24px);"><iframe id="beeg-embed-iframe" src="" style="position: absolute; top: 0; left: 0; width: 100%; height: 100%;color-scheme: auto;background-color: transparent;" frameborder="0" allowfullscreen referrerpolicy="unsafe-url"></iframe><script>var embedUrl = "https://beeg.link/embed/0239923081391440?utm_campaign=LUX1058150401";var referrer = document.referrer;if (referrer && referrer.replace(/^https?:\/\//i, '').split(/[\/?#]/)[0] === window.location.host) {var sep = embedUrl.indexOf('?') === -1 ? '?' : '&';embedUrl = embedUrl + sep + 'utm_source=' + encodeURIComponent(referrer);}document.getElementById('beeg-embed-iframe').src = embedUrl;</script></div>,https://beeg.link/embed/0239923081391440,1.77778,https://thumbs.externulls.com/videos/239923081391440/106.jpg,Romantic morning intimacy with sensual massage,821,1080p,2026-07-21,,Bunny Blondy;MRVIKENX,Romantic;Missionary;Blowjob;Cumshot;Big;Girl Orgasm;Babe;Blonde"
"0400666972436691,https://beeg.link/-0400666972436691,<div style="position: relative; width: 100%; padding-top: calc(100% / (1920/1080) + 24px);"><iframe id="beeg-embed-iframe" src="" style="position: absolute; top: 0; left: 0; width: 100%; height: 100%;color-scheme: auto;background-color: transparent;" frameborder="0" allowfullscreen referrerpolicy="unsafe-url"></iframe><script>var embedUrl = "https://beeg.link/embed/0400666972436691?utm_campaign=LUX1058150401";var referrer = document.referrer;if (referrer && referrer.replace(/^https?:\/\//i, '').split(/[\/?#]/)[0] === window.location.host) {var sep = embedUrl.indexOf('?') === -1 ? '?' : '&';embedUrl = embedUrl + sep + 'utm_source=' + encodeURIComponent(referrer);}document.getElementById('beeg-embed-iframe').src = embedUrl;</script></div>,https://beeg.link/embed/0400666972436691,1.77778,https://thumbs.externulls.com/videos/400666972436691/103.jpg,Colombian brunette in holiday scene,688,1080p,2026-07-21,,Jenifer Play;Jenifer Play ll,Colombia;Blowjob;Kinky;Latina;Hardcore;Latin;Big;Big;Masturbation;Brunette"
"0396296149411007,https://beeg.link/-0396296149411007,<div style="position: relative; width: 100%; padding-top: calc(100% / (1920/1080) + 24px);"><iframe id="beeg-embed-iframe" src="" style="position: absolute; top: 0; left: 0; width: 100%; height: 100%;color-scheme: auto;background-color: transparent;" frameborder="0" allowfullscreen referrerpolicy="unsafe-url"></iframe><script>var embedUrl = "https://beeg.link/embed/0396296149411007?utm_campaign=LUX1058150401";var referrer = document.referrer;if (referrer && referrer.replace(/^https?:\/\//i, '').split(/[\/?#]/)[0] === window.location.host) {var sep = embedUrl.indexOf('?') === -1 ? '?' : '&';embedUrl = embedUrl + sep + 'utm_source=' + encodeURIComponent(referrer);}document.getElementById('beeg-embed-iframe').src = embedUrl;</script></div>,https://beeg.link/embed/0396296149411007,1.77778,https://thumbs.externulls.com/videos/396296149411007/59.jpg,Compare and contrast intimate experiences in role play,739,1080p,2026-07-21,,Anna Sibster,Cumshot;POV;Skinny;Female Orgasm;Babe;Cum On Pussy;Fetish;Missionary;Dirty Talk;Role-Play"
"0203613142348081,https://beeg.link/-0203613142348081,<div style="position: relative; width: 100%; padding-top: calc(100% / (1280/720) + 24px);"><iframe id="beeg-embed-iframe" src="" style="position: absolute; top: 0; left: 0; width: 100%; height: 100%;color-scheme: auto;background-color: transparent;" frameborder="0" allowfullscreen referrerpolicy="unsafe-url"></iframe><script>var embedUrl = "https://beeg.link/embed/0203613142348081?utm_campaign=LUX1058150401";var referrer = document.referrer;if (referrer && referrer.replace(/^https?:\/\//i, '').split(/[\/?#]/)[0] === window.location.host) {var sep = embedUrl.indexOf('?') === -1 ? '?' : '&';embedUrl = embedUrl + sep + 'utm_source=' + encodeURIComponent(referrer);}document.getElementById('beeg-embed-iframe').src = embedUrl;</script></div>,https://beeg.link/embed/0203613142348081,1.77778,https://thumbs.externulls.com/videos/203613142348081/59.jpg,Trans Woman Receives Anal Pleasure,960,720p,2026-07-21,Dream Tranny,,Latina;Brazilian;Hardcore;Anal;Cumshot;Blowjob;Bareback;Transsexual"
"0423746597285162,https://beeg.link/-0423746597285162,<div style="position: relative; width: 100%; padding-top: calc(100% / (1920/1080) + 24px);"><iframe id="beeg-embed-iframe" src="" style="position: absolute; top: 0; left: 0; width: 100%; height: 100%;color-scheme: auto;background-color: transparent;" frameborder="0" allowfullscreen referrerpolicy="unsafe-url"></iframe><script>var embedUrl = "https://beeg.link/embed/0423746597285162?utm_campaign=LUX1058150401";var referrer = document.referrer;if (referrer && referrer.replace(/^https?:\/\//i, '').split(/[\/?#]/)[0] === window.location.host) {var sep = embedUrl.indexOf('?') === -1 ? '?' : '&';embedUrl = embedUrl + sep + 'utm_source=' + encodeURIComponent(referrer);}document.getElementById('beeg-embed-iframe').src = embedUrl;</script></div>,https://beeg.link/embed/0423746597285162,1.77778,https://thumbs.externulls.com/videos/423746597285162/172.jpg,Stranger Encounter Before Major Football Match,1082,1080p,2026-07-21,,Sugary Kitty,Big;Stranger;Rough;Blowjob;Homemade;Brunette;Reverse Cowgirl;Creampie;Doggy;Big;POV"
"0408487748919802,https://beeg.link/-0408487748919802,<div style="position: relative; width: 100%; padding-top: calc(100% / (1920/1080) + 24px);"><iframe id="beeg-embed-iframe" src="" style="position: absolute; top: 0; left: 0; width: 100%; height: 100%;color-scheme: auto;background-color: transparent;" frameborder="0" allowfullscreen referrerpolicy="unsafe-url"></iframe><script>var embedUrl = "https://beeg.link/embed/0408487748919802?utm_campaign=LUX1058150401";var referrer = document.referrer;if (referrer && referrer.replace(/^https?:\/\//i, '').split(/[\/?#]/)[0] === window.location.host) {var sep = embedUrl.indexOf('?') === -1 ? '?' : '&';embedUrl = embedUrl + sep + 'utm_source=' + encodeURIComponent(referrer);}document.getElementById('beeg-embed-iframe').src = embedUrl;</script></div>,https://beeg.link/embed/0408487748919802,1.77778,https://thumbs.externulls.com/videos/408487748919802/121.jpg,Stepdad and Stepdaughter's Intimate Lesson,1916,1080p,2026-07-21,,Martin Spell,Big;Female Orgasm;Sloppy Blowjob;Russian;Asian;Role-Play;Asian Girl;Cum In Mouth"
"0647292618342781,https://beeg.link/-0647292618342781,<div style="position: relative; width: 100%; padding-top: calc(100% / (1920/1080) + 24px);"><iframe id="beeg-embed-iframe" src="" style="position: absolute; top: 0; left: 0; width: 100%; height: 100%;color-scheme: auto;background-color: transparent;" frameborder="0" allowfullscreen referrerpolicy="unsafe-url"></iframe><script>var embedUrl = "https://beeg.link/embed/0647292618342781?utm_campaign=LUX1058150401";var referrer = document.referrer;if (referrer && referrer.replace(/^https?:\/\//i, '').split(/[\/?#]/)[0] === window.location.host) {var sep = embedUrl.indexOf('?') === -1 ? '?' : '&';embedUrl = embedUrl + sep + 'utm_source=' + encodeURIComponent(referrer);}document.getElementById('beeg-embed-iframe').src = embedUrl;</script></div>,https://beeg.link/embed/0647292618342781,1.77778,https://thumbs.externulls.com/videos/647292618342781/162.jpg,Stepmother and Stepson Share an Intimate Bath,1745,1080p,2026-07-21,Moms Teach Sex;Nubiles Porn,Diego Perez,Cumshot;MILF;Massage;Blowjob;Pussy Licking;Deepthroat;Big;Seduction;Redhead;Female Orgasm"
"0280034751389811,https://beeg.link/-0280034751389811,<div style="position: relative; width: 100%; padding-top: calc(100% / (1920/1080) + 24px);"><iframe id="beeg-embed-iframe" src="" style="position: absolute; top: 0; left: 0; width: 100%; height: 100%;color-scheme: auto;background-color: transparent;" frameborder="0" allowfullscreen referrerpolicy="unsafe-url"></iframe><script>var embedUrl = "https://beeg.link/embed/0280034751389811?utm_campaign=LUX1058150401";var referrer = document.referrer;if (referrer && referrer.replace(/^https?:\/\//i, '').split(/[\/?#]/)[0] === window.location.host) {var sep = embedUrl.indexOf('?') === -1 ? '?' : '&';embedUrl = embedUrl + sep + 'utm_source=' + encodeURIComponent(referrer);}document.getElementById('beeg-embed-iframe').src = embedUrl;</script></div>,https://beeg.link/embed/0280034751389811,1.77778,https://thumbs.externulls.com/videos/280034751389811/84.jpg,Japanese Woman Reaches Climax in Intimate Encounter,599,1080p,2026-07-21,,Rikako Katayama;Gattouz0,Missionary;Asian;Wet Pussy;Japanese;Dildo Blowjob;Blowjob;Busty Asian;Big;Big;Female Orgasm"
"0975029130725044,https://beeg.link/-0975029130725044,<div style="position: relative; width: 100%; padding-top: calc(100% / (1920/1080) + 24px);"><iframe id="beeg-embed-iframe" src="" style="position: absolute; top: 0; left: 0; width: 100%; height: 100%;color-scheme: auto;background-color: transparent;" frameborder="0" allowfullscreen referrerpolicy="unsafe-url"></iframe><script>var embedUrl = "https://beeg.link/embed/0975029130725044?utm_campaign=LUX1058150401";var referrer = document.referrer;if (referrer && referrer.replace(/^https?:\/\//i, '').split(/[\/?#]/)[0] === window.location.host) {var sep = embedUrl.indexOf('?') === -1 ? '?' : '&';embedUrl = embedUrl + sep + 'utm_source=' + encodeURIComponent(referrer);}document.getElementById('beeg-embed-iframe').src = embedUrl;</script></div>,https://beeg.link/embed/0975029130725044,1.77778,https://thumbs.externulls.com/videos/975029130725044/50.jpg,Stepbrother caught staring, leads to intimate encounter,712,1080p,2026-07-21,,Kandy Lux,Panties;Assjob;Role-Play;Cumshot;MILF;Big;Asian"
"0786066099855315,https://beeg.link/-0786066099855315,<div style="position: relative; width: 100%; padding-top: calc(100% / (1920/1080) + 24px);"><iframe id="beeg-embed-iframe" src="" style="position: absolute; top: 0; left: 0; width: 100%; height: 100%;color-scheme: auto;background-color: transparent;" frameborder="0" allowfullscreen referrerpolicy="unsafe-url"></iframe><script>var embedUrl = "https://beeg.link/embed/0786066099855315?utm_campaign=LUX1058150401";var referrer = document.referrer;if (referrer && referrer.replace(/^https?:\/\//i, '').split(/[\/?#]/)[0] === window.location.host) {var sep = embedUrl.indexOf('?') === -1 ? '?' : '&';embedUrl = embedUrl + sep + 'utm_source=' + encodeURIComponent(referrer);}document.getElementById('beeg-embed-iframe').src = embedUrl;</script></div>,https://beeg.link/embed/0786066099855315,1.77778,https://thumbs.externulls.com/videos/786066099855315/170.jpg,Businesswoman in Stockings Receives Deep Anal in Changing Room,799,1080p,2026-07-21,,vibewithnoodles;VibeWithMommy,BusinessWoman;Role-Play;Blowjob;Deep Anal;Anal Destruction;Cumshot;Creampie;Big;POV;Anal;Brunette;Stockings;Anal Creampie"
"0741708751016624,https://beeg.link/-0741708751016624,<div style="position: relative; width: 100%; padding-top: calc(100% / (1920/1080) + 24px);"><iframe id="beeg-embed-iframe" src="" style="position: absolute; top: 0; left: 0; width: 100%; height: 100%;color-scheme: auto;background-color: transparent;" frameborder="0" allowfullscreen referrerpolicy="unsafe-url"></iframe><script>var embedUrl = "https://beeg.link/embed/0741708751016624?utm_campaign=LUX1058150401";var referrer = document.referrer;if (referrer && referrer.replace(/^https?:\/\//i, '').split(/[\/?#]/)[0] === window.location.host) {var sep = embedUrl.indexOf('?') === -1 ? '?' : '&';embedUrl = embedUrl + sep + 'utm_source=' + encodeURIComponent(referrer);}document.getElementById('beeg-embed-iframe').src = embedUrl;</script></div>,https://beeg.link/embed/0741708751016624,1.77778,https://thumbs.externulls.com/videos/741708751016624/393.jpg,Bride's Secret Encounter in Adjacent Room,896,1080p,2026-07-21,,Kriss Kiss,Bride;Handjob;Blowjob;Deepthroat;Hardcore;Cowgirl;POV;Veil;Missionary;Cum In Mouth;Reverse Cowgirl"
"0305634650298870,https://beeg.link/-0305634650298870,<div style="position: relative; width: 100%; padding-top: calc(100% / (1920/1080) + 24px);"><iframe id="beeg-embed-iframe" src="" style="position: absolute; top: 0; left: 0; width: 100%; height: 100%;color-scheme: auto;background-color: transparent;" frameborder="0" allowfullscreen referrerpolicy="unsafe-url"></iframe><script>var embedUrl = "https://beeg.link/embed/0305634650298870?utm_campaign=LUX1058150401";var referrer = document.referrer;if (referrer && referrer.replace(/^https?:\/\//i, '').split(/[\/?#]/)[0] === window.location.host) {var sep = embedUrl.indexOf('?') === -1 ? '?' : '&';embedUrl = embedUrl + sep + 'utm_source=' + encodeURIComponent(referrer);}document.getElementById('beeg-embed-iframe').src = embedUrl;</script></div>,https://beeg.link/embed/0305634650298870,1.77778,https://thumbs.externulls.com/videos/305634650298870/0.jpg,Omg!! Best Anal Creampie Ever - Bubble Butt,695,1080p,2026-07-21,,Spicy Booty,PAWG Anal;Big;Blonde;Exclusive;Reality;Anal Creampie;Anal;Creampie;Big;Doggy Anal;Close-Up Pussy;Close-Up Anal"
"0933384894941000,https://beeg.link/-0933384894941000,<div style="position: relative; width: 100%; padding-top: calc(100% / (1920/1080) + 24px);"><iframe id="beeg-embed-iframe" src="" style="position: absolute; top: 0; left: 0; width: 100%; height: 100%;color-scheme: auto;background-color: transparent;" frameborder="0" allowfullscreen referrerpolicy="unsafe-url"></iframe><script>var embedUrl = "https://beeg.link/embed/0933384894941000?utm_campaign=LUX1058150401";var referrer = document.referrer;if (referrer && referrer.replace(/^https?:\/\//i, '').split(/[\/?#]/)[0] === window.location.host) {var sep = embedUrl.indexOf('?') === -1 ? '?' : '&';embedUrl = embedUrl + sep + 'utm_source=' + encodeURIComponent(referrer);}document.getElementById('beeg-embed-iframe').src = embedUrl;</script></div>,https://beeg.link/embed/0933384894941000,1.77778,https://thumbs.externulls.com/videos/933384894941000/0.jpg,Intense POV Sex with Glasses and Facial Finish,873,1080p,2026-07-17,,Hayleyxyz,Slim-Thick;MILF;Missionary;Female Orgasm;POV;Mature;Cum On Glasses;Asian;Blowjob;Dirty Talk;Lingerie;Gloves;Glasses;Cowgirl;Cumshot;Filipina;Exclusive;Big;Facial;Stockings;Reverse Cowgirl"
"0236736621631563,https://beeg.link/-0236736621631563,<div style="position: relative; width: 100%; padding-top: calc(100% / (1920/1080) + 24px);"><iframe id="beeg-embed-iframe" src="" style="position: absolute; top: 0; left: 0; width: 100%; height: 100%;color-scheme: auto;background-color: transparent;" frameborder="0" allowfullscreen referrerpolicy="unsafe-url"></iframe><script>var embedUrl = "https://beeg.link/embed/0236736621631563?utm_campaign=LUX1058150401";var referrer = document.referrer;if (referrer && referrer.replace(/^https?:\/\//i, '').split(/[\/?#]/)[0] === window.location.host) {var sep = embedUrl.indexOf('?') === -1 ? '?' : '&';embedUrl = embedUrl + sep + 'utm_source=' + encodeURIComponent(referrer);}document.getElementById('beeg-embed-iframe').src = embedUrl;</script></div>,https://beeg.link/embed/0236736621631563,1.77778,https://thumbs.externulls.com/videos/236736621631563/0.jpg,Tattooed Woman in Interracial Encounter,616,1080p,2026-07-16,,The Best Milky,BWC;Interracial"
"0293446639530254,https://beeg.link/-0293446639530254,<div style="position: relative; width: 100%; padding-top: calc(100% / (1920/1080) + 24px);"><iframe id="beeg-embed-iframe" src="" style="position: absolute; top: 0; left: 0; width: 100%; height: 100%;color-scheme: auto;background-color: transparent;" frameborder="0" allowfullscreen referrerpolicy="unsafe-url"></iframe><script>var embedUrl = "https://beeg.link/embed/0293446639530254?utm_campaign=LUX1058150401";var referrer = document.referrer;if (referrer && referrer.replace(/^https?:\/\//i, '').split(/[\/?#]/)[0] === window.location.host) {var sep = embedUrl.indexOf('?') === -1 ? '?' : '&';embedUrl = embedUrl + sep + 'utm_source=' + encodeURIComponent(referrer);}document.getElementById('beeg-embed-iframe').src = embedUrl;</script></div>,https://beeg.link/embed/0293446639530254,1.77778,https://thumbs.externulls.com/videos/293446639530254/0.jpg,Dark Ebony Babe Raw,789,1080p,2026-07-16,,The Best Milky,Interracial"
"0635132203966851,https://beeg.link/-0635132203966851,<div style="position: relative; width: 100%; padding-top: calc(100% / (1920/1080) + 24px);"><iframe id="beeg-embed-iframe" src="" style="position: absolute; top: 0; left: 0; width: 100%; height: 100%;color-scheme: auto;background-color: transparent;" frameborder="0" allowfullscreen referrerpolicy="unsafe-url"></iframe><script>var embedUrl = "https://beeg.link/embed/0635132203966851?utm_campaign=LUX1058150401";var referrer = document.referrer;if (referrer && referrer.replace(/^https?:\/\//i, '').split(/[\/?#]/)[0] === window.location.host) {var sep = embedUrl.indexOf('?') === -1 ? '?' : '&';embedUrl = embedUrl + sep + 'utm_source=' + encodeURIComponent(referrer);}document.getElementById('beeg-embed-iframe').src = embedUrl;</script></div>,https://beeg.link/embed/0635132203966851,1.77778,https://thumbs.externulls.com/videos/635132203966851/0.jpg,Caught These 2 Ebony Babes in Bed and had a Threesome Creampie,835,1080p,2026-07-16,,The Best Milky,Creampie;Blowjob;Pussy Licking;Interracial"
"0675638242904875,https://beeg.link/-0675638242904875,<div style="position: relative; width: 100%; padding-top: calc(100% / (1920/1080) + 24px);"><iframe id="beeg-embed-iframe" src="" style="position: absolute; top: 0; left: 0; width: 100%; height: 100%;color-scheme: auto;background-color: transparent;" frameborder="0" allowfullscreen referrerpolicy="unsafe-url"></iframe><script>var embedUrl = "https://beeg.link/embed/0675638242904875?utm_campaign=LUX1058150401";var referrer = document.referrer;if (referrer && referrer.replace(/^https?:\/\//i, '').split(/[\/?#]/)[0] === window.location.host) {var sep = embedUrl.indexOf('?') === -1 ? '?' : '&';embedUrl = embedUrl + sep + 'utm_source=' + encodeURIComponent(referrer);}document.getElementById('beeg-embed-iframe').src = embedUrl;</script></div>,https://beeg.link/embed/0675638242904875,1.77778,https://thumbs.externulls.com/videos/675638242904875/0.jpg,Creampie in a Big Boobs Ebony Teen (part 2),691,1080p,2026-07-16,,The Best Milky,Big;Big;Interracial;POV;Blowjob;Creampie"
"0368832879566994,https://beeg.link/-0368832879566994,<div style="position: relative; width: 100%; padding-top: calc(100% / (1920/1080) + 24px);"><iframe id="beeg-embed-iframe" src="" style="position: absolute; top: 0; left: 0; width: 100%; height: 100%;color-scheme: auto;background-color: transparent;" frameborder="0" allowfullscreen referrerpolicy="unsafe-url"></iframe><script>var embedUrl = "https://beeg.link/embed/0368832879566994?utm_campaign=LUX1058150401";var referrer = document.referrer;if (referrer && referrer.replace(/^https?:\/\//i, '').split(/[\/?#]/)[0] === window.location.host) {var sep = embedUrl.indexOf('?') === -1 ? '?' : '&';embedUrl = embedUrl + sep + 'utm_source=' + encodeURIComponent(referrer);}document.getElementById('beeg-embed-iframe').src = embedUrl;</script></div>,https://beeg.link/embed/0368832879566994,1.77778,https://thumbs.externulls.com/videos/368832879566994/0.jpg,Fun Ebony Babes Threesome,569,1080p,2026-07-16,,The Best Milky,Blowjob;Cumshot;Interracial"
"0386108286556433,https://beeg.link/-0386108286556433,<div style="position: relative; width: 100%; padding-top: calc(100% / (1920/1080) + 24px);"><iframe id="beeg-embed-iframe" src="" style="position: absolute; top: 0; left: 0; width: 100%; height: 100%;color-scheme: auto;background-color: transparent;" frameborder="0" allowfullscreen referrerpolicy="unsafe-url"></iframe><script>var embedUrl = "https://beeg.link/embed/0386108286556433?utm_campaign=LUX1058150401";var referrer = document.referrer;if (referrer && referrer.replace(/^https?:\/\//i, '').split(/[\/?#]/)[0] === window.location.host) {var sep = embedUrl.indexOf('?') === -1 ? '?' : '&';embedUrl = embedUrl + sep + 'utm_source=' + encodeURIComponent(referrer);}document.getElementById('beeg-embed-iframe').src = embedUrl;</script></div>,https://beeg.link/embed/0386108286556433,1.77778,https://thumbs.externulls.com/videos/386108286556433/0.jpg,Cum in My Mouth before My Parents Come!,725,1080p,2026-07-16,,The Best Milky,Deepthroat;Interracial;POV;Blowjob"
"0822174045298321,https://beeg.link/-0822174045298321,<div style="position: relative; width: 100%; padding-top: calc(100% / (1920/1080) + 24px);"><iframe id="beeg-embed-iframe" src="" style="position: absolute; top: 0; left: 0; width: 100%; height: 100%;color-scheme: auto;background-color: transparent;" frameborder="0" allowfullscreen referrerpolicy="unsafe-url"></iframe><script>var embedUrl = "https://beeg.link/embed/0822174045298321?utm_campaign=LUX1058150401";var referrer = document.referrer;if (referrer && referrer.replace(/^https?:\/\//i, '').split(/[\/?#]/)[0] === window.location.host) {var sep = embedUrl.indexOf('?') === -1 ? '?' : '&';embedUrl = embedUrl + sep + 'utm_source=' + encodeURIComponent(referrer);}document.getElementById('beeg-embed-iframe').src = embedUrl;</script></div>,https://beeg.link/embed/0822174045298321,1.77778,https://thumbs.externulls.com/videos/822174045298321/0.jpg,Lusty Ebony Maid,727,1080p,2026-07-16,,The Best Milky,POV;Interracial;Big"
"0774941280076984,https://beeg.link/-0774941280076984,<div style="position: relative; width: 100%; padding-top: calc(100% / (1920/1080) + 24px);"><iframe id="beeg-embed-iframe" src="" style="position: absolute; top: 0; left: 0; width: 100%; height: 100%;color-scheme: auto;background-color: transparent;" frameborder="0" allowfullscreen referrerpolicy="unsafe-url"></iframe><script>var embedUrl = "https://beeg.link/embed/0774941280076984?utm_campaign=LUX1058150401";var referrer = document.referrer;if (referrer && referrer.replace(/^https?:\/\//i, '').split(/[\/?#]/)[0] === window.location.host) {var sep = embedUrl.indexOf('?') === -1 ? '?' : '&';embedUrl = embedUrl + sep + 'utm_source=' + encodeURIComponent(referrer);}document.getElementById('beeg-embed-iframe').src = embedUrl;</script></div>,https://beeg.link/embed/0774941280076984,1.77778,https://thumbs.externulls.com/videos/774941280076984/0.jpg,Crempie in a Big Boobs Ebony Teen,402,1080p,2026-07-16,,The Best Milky,Blowjob;Interracial;Creampie;Deepthroat"
"0206222571658329,https://beeg.link/-0206222571658329,<div style="position: relative; width: 100%; padding-top: calc(100% / (1920/1080) + 24px);"><iframe id="beeg-embed-iframe" src="" style="position: absolute; top: 0; left: 0; width: 100%; height: 100%;color-scheme: auto;background-color: transparent;" frameborder="0" allowfullscreen referrerpolicy="unsafe-url"></iframe><script>var embedUrl = "https://beeg.link/embed/0206222571658329?utm_campaign=LUX1058150401";var referrer = document.referrer;if (referrer && referrer.replace(/^https?:\/\//i, '').split(/[\/?#]/)[0] === window.location.host) {var sep = embedUrl.indexOf('?') === -1 ? '?' : '&';embedUrl = embedUrl + sep + 'utm_source=' + encodeURIComponent(referrer);}document.getElementById('beeg-embed-iframe').src = embedUrl;</script></div>,https://beeg.link/embed/0206222571658329,1.77778,https://thumbs.externulls.com/videos/206222571658329/0.jpg,Interracial POV with Blowjob, Doggy, Missionary,957,1080p,2026-07-16,,The Best Milky,Interracial;Missionary;Doggy;Big;BWC;Blowjob;POV"
"0540056353018707,https://beeg.link/-0540056353018707,<div style="position: relative; width: 100%; padding-top: calc(100% / (1920/1080) + 24px);"><iframe id="beeg-embed-iframe" src="" style="position: absolute; top: 0; left: 0; width: 100%; height: 100%;color-scheme: auto;background-color: transparent;" frameborder="0" allowfullscreen referrerpolicy="unsafe-url"></iframe><script>var embedUrl = "https://beeg.link/embed/0540056353018707?utm_campaign=LUX1058150401";var referrer = document.referrer;if (referrer && referrer.replace(/^https?:\/\//i, '').split(/[\/?#]/)[0] === window.location.host) {var sep = embedUrl.indexOf('?') === -1 ? '?' : '&';embedUrl = embedUrl + sep + 'utm_source=' + encodeURIComponent(referrer);}document.getElementById('beeg-embed-iframe').src = embedUrl;</script></div>,https://beeg.link/embed/0540056353018707,1.77778,https://thumbs.externulls.com/videos/540056353018707/0.jpg,Threesome with Ebony Teens,914,1080p,2026-07-16,,The Best Milky,Pussy Licking;Blowjob;Creampie;Interracial;Deepthroat"
"0528517010494566,https://beeg.link/-0528517010494566,<div style="position: relative; width: 100%; padding-top: calc(100% / (1920/1080) + 24px);"><iframe id="beeg-embed-iframe" src="" style="position: absolute; top: 0; left: 0; width: 100%; height: 100%;color-scheme: auto;background-color: transparent;" frameborder="0" allowfullscreen referrerpolicy="unsafe-url"></iframe><script>var embedUrl = "https://beeg.link/embed/0528517010494566?utm_campaign=LUX1058150401";var referrer = document.referrer;if (referrer && referrer.replace(/^https?:\/\//i, '').split(/[\/?#]/)[0] === window.location.host) {var sep = embedUrl.indexOf('?') === -1 ? '?' : '&';embedUrl = embedUrl + sep + 'utm_source=' + encodeURIComponent(referrer);}document.getElementById('beeg-embed-iframe').src = embedUrl;</script></div>,https://beeg.link/embed/0528517010494566,1.77778,https://thumbs.externulls.com/videos/528517010494566/0.jpg,Model Ebony Dream Girl Raw,859,1080p,2026-07-16,,The Best Milky,POV;Deepthroat;Interracial"
"0512233473015847,https://beeg.link/-0512233473015847,<div style="position: relative; width: 100%; padding-top: calc(100% / (1920/1080) + 24px);"><iframe id="beeg-embed-iframe" src="" style="position: absolute; top: 0; left: 0; width: 100%; height: 100%;color-scheme: auto;background-color: transparent;" frameborder="0" allowfullscreen referrerpolicy="unsafe-url"></iframe><script>var embedUrl = "https://beeg.link/embed/0512233473015847?utm_campaign=LUX1058150401";var referrer = document.referrer;if (referrer && referrer.replace(/^https?:\/\//i, '').split(/[\/?#]/)[0] === window.location.host) {var sep = embedUrl.indexOf('?') === -1 ? '?' : '&';embedUrl = embedUrl + sep + 'utm_source=' + encodeURIComponent(referrer);}document.getElementById('beeg-embed-iframe').src = embedUrl;</script></div>,https://beeg.link/embed/0512233473015847,1.77778,https://thumbs.externulls.com/videos/512233473015847/0.jpg,Creampied My Girl's Best Friend,595,1080p,2026-07-16,,The Best Milky,POV;Blowjob;Creampie;Interracial;Big"
"0891220687761817,https://beeg.link/-0891220687761817,<div style="position: relative; width: 100%; padding-top: calc(100% / (1920/1080) + 24px);"><iframe id="beeg-embed-iframe" src="" style="position: absolute; top: 0; left: 0; width: 100%; height: 100%;color-scheme: auto;background-color: transparent;" frameborder="0" allowfullscreen referrerpolicy="unsafe-url"></iframe><script>var embedUrl = "https://beeg.link/embed/0891220687761817?utm_campaign=LUX1058150401";var referrer = document.referrer;if (referrer && referrer.replace(/^https?:\/\//i, '').split(/[\/?#]/)[0] === window.location.host) {var sep = embedUrl.indexOf('?') === -1 ? '?' : '&';embedUrl = embedUrl + sep + 'utm_source=' + encodeURIComponent(referrer);}document.getElementById('beeg-embed-iframe').src = embedUrl;</script></div>,https://beeg.link/embed/0891220687761817,1.77778,https://thumbs.externulls.com/videos/891220687761817/0.jpg,Careless Step-daughter Ruined My Orgasam - Tgirl Fucked into the Bed for Roun...,675,1080p,2026-07-15,,PuppyGirlXO,Small;Rough;Slut;Feet;Cowgirl;Babe;Creampie;Anal;Anal Creampie"
"0642161684732339,https://beeg.link/-0642161684732339,<div style="position: relative; width: 100%; padding-top: calc(100% / (1920/1080) + 24px);"><iframe id="beeg-embed-iframe" src="" style="position: absolute; top: 0; left: 0; width: 100%; height: 100%;color-scheme: auto;background-color: transparent;" frameborder="0" allowfullscreen referrerpolicy="unsafe-url"></iframe><script>var embedUrl = "https://beeg.link/embed/0642161684732339?utm_campaign=LUX1058150401";var referrer = document.referrer;if (referrer && referrer.replace(/^https?:\/\//i, '').split(/[\/?#]/)[0] === window.location.host) {var sep = embedUrl.indexOf('?') === -1 ? '?' : '&';embedUrl = embedUrl + sep + 'utm_source=' + encodeURIComponent(referrer);}document.getElementById('beeg-embed-iframe').src = embedUrl;</script></div>,https://beeg.link/embed/0642161684732339,1.77778,https://thumbs.externulls.com/videos/642161684732339/0.jpg,Hot Milf Stepmom Caught Stepson Jerking off while Her Husband was Away at Work,773,1080p,2026-07-15,,Anna Rey Horny,Caught Masturbating;Blonde;Mature;MILF;Role-Play;Blowjob;Cumshot;Big"
"0681761809412547,https://beeg.link/-0681761809412547,<div style="position: relative; width: 100%; padding-top: calc(100% / (1920/1080) + 24px);"><iframe id="beeg-embed-iframe" src="" style="position: absolute; top: 0; left: 0; width: 100%; height: 100%;color-scheme: auto;background-color: transparent;" frameborder="0" allowfullscreen referrerpolicy="unsafe-url"></iframe><script>var embedUrl = "https://beeg.link/embed/0681761809412547?utm_campaign=LUX1058150401";var referrer = document.referrer;if (referrer && referrer.replace(/^https?:\/\//i, '').split(/[\/?#]/)[0] === window.location.host) {var sep = embedUrl.indexOf('?') === -1 ? '?' : '&';embedUrl = embedUrl + sep + 'utm_source=' + encodeURIComponent(referrer);}document.getElementById('beeg-embed-iframe').src = embedUrl;</script></div>,https://beeg.link/embed/0681761809412547,1.77778,https://thumbs.externulls.com/videos/681761809412547/62.jpg,Blonde Receives Intense Stimulation in Missionary,982,1080p,2026-07-14,LetsDoeIt!;White Boxxx,Charlie Dean,Pussy Licking;Big;Legs Up Missionary;Babe;Blonde;Hardcore;Fingering"
"0779289286449204,https://beeg.link/-0779289286449204,<div style="position: relative; width: 100%; padding-top: calc(100% / (1920/1080) + 24px);"><iframe id="beeg-embed-iframe" src="" style="position: absolute; top: 0; left: 0; width: 100%; height: 100%;color-scheme: auto;background-color: transparent;" frameborder="0" allowfullscreen referrerpolicy="unsafe-url"></iframe><script>var embedUrl = "https://beeg.link/embed/0779289286449204?utm_campaign=LUX1058150401";var referrer = document.referrer;if (referrer && referrer.replace(/^https?:\/\//i, '').split(/[\/?#]/)[0] === window.location.host) {var sep = embedUrl.indexOf('?') === -1 ? '?' : '&';embedUrl = embedUrl + sep + 'utm_source=' + encodeURIComponent(referrer);}document.getElementById('beeg-embed-iframe').src = embedUrl;</script></div>,https://beeg.link/embed/0779289286449204,1.77778,https://thumbs.externulls.com/videos/779289286449204/188.jpg,Blonde woman and partner on couch,930,1080p,2026-07-14,Ultra Films,Eva Elfie,Blowjob;Big;Blonde;Hardcore"
"0429760508143180,https://beeg.link/-0429760508143180,<div style="position: relative; width: 100%; padding-top: calc(100% / (1920/1080) + 24px);"><iframe id="beeg-embed-iframe" src="" style="position: absolute; top: 0; left: 0; width: 100%; height: 100%;color-scheme: auto;background-color: transparent;" frameborder="0" allowfullscreen referrerpolicy="unsafe-url"></iframe><script>var embedUrl = "https://beeg.link/embed/0429760508143180?utm_campaign=LUX1058150401";var referrer = document.referrer;if (referrer && referrer.replace(/^https?:\/\//i, '').split(/[\/?#]/)[0] === window.location.host) {var sep = embedUrl.indexOf('?') === -1 ? '?' : '&';embedUrl = embedUrl + sep + 'utm_source=' + encodeURIComponent(referrer);}document.getElementById('beeg-embed-iframe').src = embedUrl;</script></div>,https://beeg.link/embed/0429760508143180,1.77778,https://thumbs.externulls.com/videos/429760508143180/79.jpg,Stepmother and Stepson Share Intimate Encounter,1685,1080p,2026-07-14,Family XXX,Logan Pierce;Eva Notty,Pussy Licking;Blowjob;Mom;Taboo;Hardcore;Big;MILF;Cumshot"
"0442178521344977,https://beeg.link/-0442178521344977,<div style="position: relative; width: 100%; padding-top: calc(100% / (1920/1080) + 24px);"><iframe id="beeg-embed-iframe" src="" style="position: absolute; top: 0; left: 0; width: 100%; height: 100%;color-scheme: auto;background-color: transparent;" frameborder="0" allowfullscreen referrerpolicy="unsafe-url"></iframe><script>var embedUrl = "https://beeg.link/embed/0442178521344977?utm_campaign=LUX1058150401";var referrer = document.referrer;if (referrer && referrer.replace(/^https?:\/\//i, '').split(/[\/?#]/)[0] === window.location.host) {var sep = embedUrl.indexOf('?') === -1 ? '?' : '&';embedUrl = embedUrl + sep + 'utm_source=' + encodeURIComponent(referrer);}document.getElementById('beeg-embed-iframe').src = embedUrl;</script></div>,https://beeg.link/embed/0442178521344977,1.77778,https://thumbs.externulls.com/videos/442178521344977/65.jpg,Stranger offers sensual encounter and a ride home,617,1080p,2026-07-14,,Anna Rey Horny,Cum On Tits;Public;Big;POV;Sensual Blowjob;Cumshot;MILF;Sloppy Blowjob;Big;POV Blowjob;Deepthroat;Role-Play"
"0909485150968281,https://beeg.link/-0909485150968281,<div style="position: relative; width: 100%; padding-top: calc(100% / (1920/1080) + 24px);"><iframe id="beeg-embed-iframe" src="" style="position: absolute; top: 0; left: 0; width: 100%; height: 100%;color-scheme: auto;background-color: transparent;" frameborder="0" allowfullscreen referrerpolicy="unsafe-url"></iframe><script>var embedUrl = "https://beeg.link/embed/0909485150968281?utm_campaign=LUX1058150401";var referrer = document.referrer;if (referrer && referrer.replace(/^https?:\/\//i, '').split(/[\/?#]/)[0] === window.location.host) {var sep = embedUrl.indexOf('?') === -1 ? '?' : '&';embedUrl = embedUrl + sep + 'utm_source=' + encodeURIComponent(referrer);}document.getElementById('beeg-embed-iframe').src = embedUrl;</script></div>,https://beeg.link/embed/0909485150968281,1.77778,https://thumbs.externulls.com/videos/909485150968281/69.jpg,Curvy Woman Displays Gaping After Intense Anal,1445,1080p,2026-07-14,,Martin Spell,Natural;Deepthroat;Slut Training;Painal;Hardcore;Latina;Anal;Anal Orgasm;Big"
"0515480519359664,https://beeg.link/-0515480519359664,<div style="position: relative; width: 100%; padding-top: calc(100% / (1920/1080) + 24px);"><iframe id="beeg-embed-iframe" src="" style="position: absolute; top: 0; left: 0; width: 100%; height: 100%;color-scheme: auto;background-color: transparent;" frameborder="0" allowfullscreen referrerpolicy="unsafe-url"></iframe><script>var embedUrl = "https://beeg.link/embed/0515480519359664?utm_campaign=LUX1058150401";var referrer = document.referrer;if (referrer && referrer.replace(/^https?:\/\//i, '').split(/[\/?#]/)[0] === window.location.host) {var sep = embedUrl.indexOf('?') === -1 ? '?' : '&';embedUrl = embedUrl + sep + 'utm_source=' + encodeURIComponent(referrer);}document.getElementById('beeg-embed-iframe').src = embedUrl;</script></div>,https://beeg.link/embed/0515480519359664,1.77778,https://thumbs.externulls.com/videos/515480519359664/126.jpg,Steamy Shower Encounter with Wife and Stepsister,421,1080p,2026-07-14,,Yasmina Khan;Brady Bud;Catherine Knight;Victor Ray,Asian;Hardcore;Big;Big;Indian;Huge;Shower Sex"
"0464985387034059,https://beeg.link/-0464985387034059,<div style="position: relative; width: 100%; padding-top: calc(100% / (1920/1080) + 24px);"><iframe id="beeg-embed-iframe" src="" style="position: absolute; top: 0; left: 0; width: 100%; height: 100%;color-scheme: auto;background-color: transparent;" frameborder="0" allowfullscreen referrerpolicy="unsafe-url"></iframe><script>var embedUrl = "https://beeg.link/embed/0464985387034059?utm_campaign=LUX1058150401";var referrer = document.referrer;if (referrer && referrer.replace(/^https?:\/\//i, '').split(/[\/?#]/)[0] === window.location.host) {var sep = embedUrl.indexOf('?') === -1 ? '?' : '&';embedUrl = embedUrl + sep + 'utm_source=' + encodeURIComponent(referrer);}document.getElementById('beeg-embed-iframe').src = embedUrl;</script></div>,https://beeg.link/embed/0464985387034059,1.77778,https://thumbs.externulls.com/videos/464985387034059/72.jpg,Secret Encounter Prevents Betrayal,922,1080p,2026-07-14,Oops Family,Anna Claire Clouds,Deepthroat;Puffy;Uncensored;Masturbation;Cowgirl;Big;Tattoo;Blowjob;Taboo;Hardcore;Blonde;Young;Big"
"0325785951414414,https://beeg.link/-0325785951414414,<div style="position: relative; width: 100%; padding-top: calc(100% / (1920/1080) + 24px);"><iframe id="beeg-embed-iframe" src="" style="position: absolute; top: 0; left: 0; width: 100%; height: 100%;color-scheme: auto;background-color: transparent;" frameborder="0" allowfullscreen referrerpolicy="unsafe-url"></iframe><script>var embedUrl = "https://beeg.link/embed/0325785951414414?utm_campaign=LUX1058150401";var referrer = document.referrer;if (referrer && referrer.replace(/^https?:\/\//i, '').split(/[\/?#]/)[0] === window.location.host) {var sep = embedUrl.indexOf('?') === -1 ? '?' : '&';embedUrl = embedUrl + sep + 'utm_source=' + encodeURIComponent(referrer);}document.getElementById('beeg-embed-iframe').src = embedUrl;</script></div>,https://beeg.link/embed/0325785951414414,1.77778,https://thumbs.externulls.com/videos/325785951414414/91.jpg,Morning intimacy with a curvy blonde in close-up,765,1080p,2026-07-14,,Anastangel,Close-Up Pussy;Taboo;Homemade;Curvy;Exclusive;Big;POV;Big;Real Couple;Babe;Blonde;Fetish"
"0892506758670651,https://beeg.link/-0892506758670651,<div style="position: relative; width: 100%; padding-top: calc(100% / (1920/1080) + 24px);"><iframe id="beeg-embed-iframe" src="" style="position: absolute; top: 0; left: 0; width: 100%; height: 100%;color-scheme: auto;background-color: transparent;" frameborder="0" allowfullscreen referrerpolicy="unsafe-url"></iframe><script>var embedUrl = "https://beeg.link/embed/0892506758670651?utm_campaign=LUX1058150401";var referrer = document.referrer;if (referrer && referrer.replace(/^https?:\/\//i, '').split(/[\/?#]/)[0] === window.location.host) {var sep = embedUrl.indexOf('?') === -1 ? '?' : '&';embedUrl = embedUrl + sep + 'utm_source=' + encodeURIComponent(referrer);}document.getElementById('beeg-embed-iframe').src = embedUrl;</script></div>,https://beeg.link/embed/0892506758670651,1.77778,https://thumbs.externulls.com/videos/892506758670651/409.jpg,Sharing a Bed with Stepsister,910,1080p,2026-07-14,,Anny Walker,Big;Babe;POV;Doggy;Rough;Blowjob;Pink;Missionary;Brunette;Homemade"
"0706393832411252,https://beeg.link/-0706393832411252,<div style="position: relative; width: 100%; padding-top: calc(100% / (1920/1080) + 24px);"><iframe id="beeg-embed-iframe" src="" style="position: absolute; top: 0; left: 0; width: 100%; height: 100%;color-scheme: auto;background-color: transparent;" frameborder="0" allowfullscreen referrerpolicy="unsafe-url"></iframe><script>var embedUrl = "https://beeg.link/embed/0706393832411252?utm_campaign=LUX1058150401";var referrer = document.referrer;if (referrer && referrer.replace(/^https?:\/\//i, '').split(/[\/?#]/)[0] === window.location.host) {var sep = embedUrl.indexOf('?') === -1 ? '?' : '&';embedUrl = embedUrl + sep + 'utm_source=' + encodeURIComponent(referrer);}document.getElementById('beeg-embed-iframe').src = embedUrl;</script></div>,https://beeg.link/embed/0706393832411252,1.77778,https://thumbs.externulls.com/videos/706393832411252/297.jpg,Hotel Room Encounter,1256,1080p,2026-07-14,,Comatozze,POV;Big;Big;Reality;Hotel;Blonde;Dress;Creampie;Cumshot;Homemade"
"0595589058088557,https://beeg.link/-0595589058088557,<div style="position: relative; width: 100%; padding-top: calc(100% / (1920/1080) + 24px);"><iframe id="beeg-embed-iframe" src="" style="position: absolute; top: 0; left: 0; width: 100%; height: 100%;color-scheme: auto;background-color: transparent;" frameborder="0" allowfullscreen referrerpolicy="unsafe-url"></iframe><script>var embedUrl = "https://beeg.link/embed/0595589058088557?utm_campaign=LUX1058150401";var referrer = document.referrer;if (referrer && referrer.replace(/^https?:\/\//i, '').split(/[\/?#]/)[0] === window.location.host) {var sep = embedUrl.indexOf('?') === -1 ? '?' : '&';embedUrl = embedUrl + sep + 'utm_source=' + encodeURIComponent(referrer);}document.getElementById('beeg-embed-iframe').src = embedUrl;</script></div>,https://beeg.link/embed/0595589058088557,1.77778,https://thumbs.externulls.com/videos/595589058088557/83.jpg,Neighborly Visit Turns Intimate,975,1080p,2026-07-14,,Sweetie Fox,Gag;Doggy;POV;Blowjob;Deepthroat;Sloppy Blowjob;Big;Big;Anal"
"0939503485292955,https://beeg.link/-0939503485292955,<div style="position: relative; width: 100%; padding-top: calc(100% / (1920/1080) + 24px);"><iframe id="beeg-embed-iframe" src="" style="position: absolute; top: 0; left: 0; width: 100%; height: 100%;color-scheme: auto;background-color: transparent;" frameborder="0" allowfullscreen referrerpolicy="unsafe-url"></iframe><script>var embedUrl = "https://beeg.link/embed/0939503485292955?utm_campaign=LUX1058150401";var referrer = document.referrer;if (referrer && referrer.replace(/^https?:\/\//i, '').split(/[\/?#]/)[0] === window.location.host) {var sep = embedUrl.indexOf('?') === -1 ? '?' : '&';embedUrl = embedUrl + sep + 'utm_source=' + encodeURIComponent(referrer);}document.getElementById('beeg-embed-iframe').src = embedUrl;</script></div>,https://beeg.link/embed/0939503485292955,1.77778,https://thumbs.externulls.com/videos/939503485292955/0.jpg,Girlfriend Locks Up Porn-addicted Boyfriend - Goddess Valentina Fox - Ineedva...,587,1080p,2026-07-13,,Goddess Valentina Fox,Role-Play;Latina;Babe;Fetish;Brunette"
"0351235915387624,https://beeg.link/-0351235915387624,<div style="position: relative; width: 100%; padding-top: calc(100% / (1920/1080) + 24px);"><iframe id="beeg-embed-iframe" src="" style="position: absolute; top: 0; left: 0; width: 100%; height: 100%;color-scheme: auto;background-color: transparent;" frameborder="0" allowfullscreen referrerpolicy="unsafe-url"></iframe><script>var embedUrl = "https://beeg.link/embed/0351235915387624?utm_campaign=LUX1058150401";var referrer = document.referrer;if (referrer && referrer.replace(/^https?:\/\//i, '').split(/[\/?#]/)[0] === window.location.host) {var sep = embedUrl.indexOf('?') === -1 ? '?' : '&';embedUrl = embedUrl + sep + 'utm_source=' + encodeURIComponent(referrer);}document.getElementById('beeg-embed-iframe').src = embedUrl;</script></div>,https://beeg.link/embed/0351235915387624,1.77778,https://thumbs.externulls.com/videos/351235915387624/0.jpg,Fry Your Brain- Femdom Mindfuck Joi Goon,755,1080p,2026-07-13,,Goddess Valentina Fox,Babe;Brunette;Latina;Fetish"
"0606979993944010,https://beeg.link/-0606979993944010,<div style="position: relative; width: 100%; padding-top: calc(100% / (2048/1080) + 24px);"><iframe id="beeg-embed-iframe" src="" style="position: absolute; top: 0; left: 0; width: 100%; height: 100%;color-scheme: auto;background-color: transparent;" frameborder="0" allowfullscreen referrerpolicy="unsafe-url"></iframe><script>var embedUrl = "https://beeg.link/embed/0606979993944010?utm_campaign=LUX1058150401";var referrer = document.referrer;if (referrer && referrer.replace(/^https?:\/\//i, '').split(/[\/?#]/)[0] === window.location.host) {var sep = embedUrl.indexOf('?') === -1 ? '?' : '&';embedUrl = embedUrl + sep + 'utm_source=' + encodeURIComponent(referrer);}document.getElementById('beeg-embed-iframe').src = embedUrl;</script></div>,https://beeg.link/embed/0606979993944010,1.89630,https://thumbs.externulls.com/videos/606979993944010/0.jpg,Exploiting Your Porn Addiction Joi,542,1080p,2026-07-13,,Goddess Valentina Fox,Latina;Fetish;Babe;Brunette;POV"
"0609412059151498,https://beeg.link/-0609412059151498,<div style="position: relative; width: 100%; padding-top: calc(100% / (1920/1080) + 24px);"><iframe id="beeg-embed-iframe" src="" style="position: absolute; top: 0; left: 0; width: 100%; height: 100%;color-scheme: auto;background-color: transparent;" frameborder="0" allowfullscreen referrerpolicy="unsafe-url"></iframe><script>var embedUrl = "https://beeg.link/embed/0609412059151498?utm_campaign=LUX1058150401";var referrer = document.referrer;if (referrer && referrer.replace(/^https?:\/\//i, '').split(/[\/?#]/)[0] === window.location.host) {var sep = embedUrl.indexOf('?') === -1 ? '?' : '&';embedUrl = embedUrl + sep + 'utm_source=' + encodeURIComponent(referrer);}document.getElementById('beeg-embed-iframe').src = embedUrl;</script></div>,https://beeg.link/embed/0609412059151498,1.77778,https://thumbs.externulls.com/videos/609412059151498/0.jpg,Porn Addicts Anonymous: the 12 Steps to Recovery: Step 1- Femdom Pov,805,1080p,2026-07-13,,Goddess Valentina Fox,Big;Latina;Babe;Big;Fetish;POV;Role-Play"
"0696063131812150,https://beeg.link/-0696063131812150,<div style="position: relative; width: 100%; padding-top: calc(100% / (1920/1080) + 24px);"><iframe id="beeg-embed-iframe" src="" style="position: absolute; top: 0; left: 0; width: 100%; height: 100%;color-scheme: auto;background-color: transparent;" frameborder="0" allowfullscreen referrerpolicy="unsafe-url"></iframe><script>var embedUrl = "https://beeg.link/embed/0696063131812150?utm_campaign=LUX1058150401";var referrer = document.referrer;if (referrer && referrer.replace(/^https?:\/\//i, '').split(/[\/?#]/)[0] === window.location.host) {var sep = embedUrl.indexOf('?') === -1 ? '?' : '&';embedUrl = embedUrl + sep + 'utm_source=' + encodeURIComponent(referrer);}document.getElementById('beeg-embed-iframe').src = embedUrl;</script></div>,https://beeg.link/embed/0696063131812150,1.77778,https://thumbs.externulls.com/videos/696063131812150/0.jpg,Porn Prisoner,613,1080p,2026-07-13,,Goddess Valentina Fox,POV;Reality;Fetish;Latina"
"0666408172860527,https://beeg.link/-0666408172860527,<div style="position: relative; width: 100%; padding-top: calc(100% / (1920/1080) + 24px);"><iframe id="beeg-embed-iframe" src="" style="position: absolute; top: 0; left: 0; width: 100%; height: 100%;color-scheme: auto;background-color: transparent;" frameborder="0" allowfullscreen referrerpolicy="unsafe-url"></iframe><script>var embedUrl = "https://beeg.link/embed/0666408172860527?utm_campaign=LUX1058150401";var referrer = document.referrer;if (referrer && referrer.replace(/^https?:\/\//i, '').split(/[\/?#]/)[0] === window.location.host) {var sep = embedUrl.indexOf('?') === -1 ? '?' : '&';embedUrl = embedUrl + sep + 'utm_source=' + encodeURIComponent(referrer);}document.getElementById('beeg-embed-iframe').src = embedUrl;</script></div>,https://beeg.link/embed/0666408172860527,1.77778,https://thumbs.externulls.com/videos/666408172860527/0.jpg,Femdom Joi- Devil on Your Shoulder Valentina Fox Mindfuck,549,1080p,2026-07-13,,Goddess Valentina Fox,Latina;Role-Play;Babe;Fetish"
"0253147182839000,https://beeg.link/-0253147182839000,<div style="position: relative; width: 100%; padding-top: calc(100% / (1920/1080) + 24px);"><iframe id="beeg-embed-iframe" src="" style="position: absolute; top: 0; left: 0; width: 100%; height: 100%;color-scheme: auto;background-color: transparent;" frameborder="0" allowfullscreen referrerpolicy="unsafe-url"></iframe><script>var embedUrl = "https://beeg.link/embed/0253147182839000?utm_campaign=LUX1058150401";var referrer = document.referrer;if (referrer && referrer.replace(/^https?:\/\//i, '').split(/[\/?#]/)[0] === window.location.host) {var sep = embedUrl.indexOf('?') === -1 ? '?' : '&';embedUrl = embedUrl + sep + 'utm_source=' + encodeURIComponent(referrer);}document.getElementById('beeg-embed-iframe').src = embedUrl;</script></div>,https://beeg.link/embed/0253147182839000,1.77778,https://thumbs.externulls.com/videos/253147182839000/0.jpg,Sexy Latina Makes You Beg for Chastity - Goddess Valentina Fox - Ineedvalenti...,634,1080p,2026-07-13,,Goddess Valentina Fox,Babe;Brunette;Role-Play;Latina;Fetish"
"0210000596168181,https://beeg.link/-0210000596168181,<div style="position: relative; width: 100%; padding-top: calc(100% / (1920/1080) + 24px);"><iframe id="beeg-embed-iframe" src="" style="position: absolute; top: 0; left: 0; width: 100%; height: 100%;color-scheme: auto;background-color: transparent;" frameborder="0" allowfullscreen referrerpolicy="unsafe-url"></iframe><script>var embedUrl = "https://beeg.link/embed/0210000596168181?utm_campaign=LUX1058150401";var referrer = document.referrer;if (referrer && referrer.replace(/^https?:\/\//i, '').split(/[\/?#]/)[0] === window.location.host) {var sep = embedUrl.indexOf('?') === -1 ? '?' : '&';embedUrl = embedUrl + sep + 'utm_source=' + encodeURIComponent(referrer);}document.getElementById('beeg-embed-iframe').src = embedUrl;</script></div>,https://beeg.link/embed/0210000596168181,1.77778,https://thumbs.externulls.com/videos/210000596168181/0.jpg,Brainless Bliss Femdom Goon Joi-,636,1080p,2026-07-13,,Goddess Valentina Fox,Fetish;Brunette;Latina;Babe"
"0702811428340846,https://beeg.link/-0702811428340846,<div style="position: relative; width: 100%; padding-top: calc(100% / (1920/1080) + 24px);"><iframe id="beeg-embed-iframe" src="" style="position: absolute; top: 0; left: 0; width: 100%; height: 100%;color-scheme: auto;background-color: transparent;" frameborder="0" allowfullscreen referrerpolicy="unsafe-url"></iframe><script>var embedUrl = "https://beeg.link/embed/0702811428340846?utm_campaign=LUX1058150401";var referrer = document.referrer;if (referrer && referrer.replace(/^https?:\/\//i, '').split(/[\/?#]/)[0] === window.location.host) {var sep = embedUrl.indexOf('?') === -1 ? '?' : '&';embedUrl = embedUrl + sep + 'utm_source=' + encodeURIComponent(referrer);}document.getElementById('beeg-embed-iframe').src = embedUrl;</script></div>,https://beeg.link/embed/0702811428340846,1.77778,https://thumbs.externulls.com/videos/702811428340846/0.jpg,You and Your Hand Forever- Humiliation Joi Ft,553,1080p,2026-07-13,,Goddess Valentina Fox,Babe;Brunette;Latina;Fetish"
"0133306723275680,https://beeg.link/-0133306723275680,<div style="position: relative; width: 100%; padding-top: calc(100% / (1920/1080) + 24px);"><iframe id="beeg-embed-iframe" src="" style="position: absolute; top: 0; left: 0; width: 100%; height: 100%;color-scheme: auto;background-color: transparent;" frameborder="0" allowfullscreen referrerpolicy="unsafe-url"></iframe><script>var embedUrl = "https://beeg.link/embed/0133306723275680?utm_campaign=LUX1058150401";var referrer = document.referrer;if (referrer && referrer.replace(/^https?:\/\//i, '').split(/[\/?#]/)[0] === window.location.host) {var sep = embedUrl.indexOf('?') === -1 ? '?' : '&';embedUrl = embedUrl + sep + 'utm_source=' + encodeURIComponent(referrer);}document.getElementById('beeg-embed-iframe').src = embedUrl;</script></div>,https://beeg.link/embed/0133306723275680,1.77778,https://thumbs.externulls.com/videos/133306723275680/0.jpg,Valentina Fox - get Worse for Me, Porn Addict! Joi,788,1080p,2026-07-13,,Goddess Valentina Fox,Babe;Brunette;Latina;Fetish;Big"
"0419284881106508,https://beeg.link/-0419284881106508,<div style="position: relative; width: 100%; padding-top: calc(100% / (1920/1080) + 24px);"><iframe id="beeg-embed-iframe" src="" style="position: absolute; top: 0; left: 0; width: 100%; height: 100%;color-scheme: auto;background-color: transparent;" frameborder="0" allowfullscreen referrerpolicy="unsafe-url"></iframe><script>var embedUrl = "https://beeg.link/embed/0419284881106508?utm_campaign=LUX1058150401";var referrer = document.referrer;if (referrer && referrer.replace(/^https?:\/\//i, '').split(/[\/?#]/)[0] === window.location.host) {var sep = embedUrl.indexOf('?') === -1 ? '?' : '&';embedUrl = embedUrl + sep + 'utm_source=' + encodeURIComponent(referrer);}document.getElementById('beeg-embed-iframe').src = embedUrl;</script></div>,https://beeg.link/embed/0419284881106508,1.77778,https://thumbs.externulls.com/videos/419284881106508/0.jpg,Hot Girl with Thick Cock Encourages You to Crave It- Goddess Valentina Fox - ...,624,1080p,2026-07-13,,Goddess Valentina Fox,Fetish;Babe;Brunette;Role-Play;Latina"
"0820786135650461,https://beeg.link/-0820786135650461,<div style="position: relative; width: 100%; padding-top: calc(100% / (1920/1080) + 24px);"><iframe id="beeg-embed-iframe" src="" style="position: absolute; top: 0; left: 0; width: 100%; height: 100%;color-scheme: auto;background-color: transparent;" frameborder="0" allowfullscreen referrerpolicy="unsafe-url"></iframe><script>var embedUrl = "https://beeg.link/embed/0820786135650461?utm_campaign=LUX1058150401";var referrer = document.referrer;if (referrer && referrer.replace(/^https?:\/\//i, '').split(/[\/?#]/)[0] === window.location.host) {var sep = embedUrl.indexOf('?') === -1 ? '?' : '&';embedUrl = embedUrl + sep + 'utm_source=' + encodeURIComponent(referrer);}document.getElementById('beeg-embed-iframe').src = embedUrl;</script></div>,https://beeg.link/embed/0820786135650461,1.77778,https://thumbs.externulls.com/videos/820786135650461/0.jpg,Pussy-Free Addiction in Findom JOI POV,599,1080p,2026-07-13,,Goddess Valentina Fox,Findom;JOI;Latina;POV"
"0776687018388989,https://beeg.link/-0776687018388989,<div style="position: relative; width: 100%; padding-top: calc(100% / (1920/1080) + 24px);"><iframe id="beeg-embed-iframe" src="" style="position: absolute; top: 0; left: 0; width: 100%; height: 100%;color-scheme: auto;background-color: transparent;" frameborder="0" allowfullscreen referrerpolicy="unsafe-url"></iframe><script>var embedUrl = "https://beeg.link/embed/0776687018388989?utm_campaign=LUX1058150401";var referrer = document.referrer;if (referrer && referrer.replace(/^https?:\/\//i, '').split(/[\/?#]/)[0] === window.location.host) {var sep = embedUrl.indexOf('?') === -1 ? '?' : '&';embedUrl = embedUrl + sep + 'utm_source=' + encodeURIComponent(referrer);}document.getElementById('beeg-embed-iframe').src = embedUrl;</script></div>,https://beeg.link/embed/0776687018388989,1.77778,https://thumbs.externulls.com/videos/776687018388989/0.jpg,Slave to Your Dick Femdom Joi,586,1080p,2026-07-13,,Goddess Valentina Fox,Babe;Fetish;Latina;Brunette"
"0924370529057584,https://beeg.link/-0924370529057584,<div style="position: relative; width: 100%; padding-top: calc(100% / (1920/1080) + 24px);"><iframe id="beeg-embed-iframe" src="" style="position: absolute; top: 0; left: 0; width: 100%; height: 100%;color-scheme: auto;background-color: transparent;" frameborder="0" allowfullscreen referrerpolicy="unsafe-url"></iframe><script>var embedUrl = "https://beeg.link/embed/0924370529057584?utm_campaign=LUX1058150401";var referrer = document.referrer;if (referrer && referrer.replace(/^https?:\/\//i, '').split(/[\/?#]/)[0] === window.location.host) {var sep = embedUrl.indexOf('?') === -1 ? '?' : '&';embedUrl = embedUrl + sep + 'utm_source=' + encodeURIComponent(referrer);}document.getElementById('beeg-embed-iframe').src = embedUrl;</script></div>,https://beeg.link/embed/0924370529057584,1.77778,https://thumbs.externulls.com/videos/924370529057584/0.jpg,POV with Fitness Trainer: 10+ Minutes,622,1080p,2026-07-11,,Robbie OZ,Babe;Exclusive;POV;Blowjob;Cumshot;Brunette;Asian"
"0301692747589814,https://beeg.link/-0301692747589814,<div style="position: relative; width: 100%; padding-top: calc(100% / (1920/1080) + 24px);"><iframe id="beeg-embed-iframe" src="" style="position: absolute; top: 0; left: 0; width: 100%; height: 100%;color-scheme: auto;background-color: transparent;" frameborder="0" allowfullscreen referrerpolicy="unsafe-url"></iframe><script>var embedUrl = "https://beeg.link/embed/0301692747589814?utm_campaign=LUX1058150401";var referrer = document.referrer;if (referrer && referrer.replace(/^https?:\/\//i, '').split(/[\/?#]/)[0] === window.location.host) {var sep = embedUrl.indexOf('?') === -1 ? '?' : '&';embedUrl = embedUrl + sep + 'utm_source=' + encodeURIComponent(referrer);}document.getElementById('beeg-embed-iframe').src = embedUrl;</script></div>,https://beeg.link/embed/0301692747589814,1.77778,https://thumbs.externulls.com/videos/301692747589814/0.jpg,Wife Shared in Double Penetration Orgy,2142,1080p,2026-07-11,,Robbie OZ,Orgy;Exclusive;Amateur Couple;Real Couple;Hardcore;Cumshot;Asian;Anal"
"0305803833770798,https://beeg.link/-0305803833770798,<div style="position: relative; width: 100%; padding-top: calc(100% / (1920/1080) + 24px);"><iframe id="beeg-embed-iframe" src="" style="position: absolute; top: 0; left: 0; width: 100%; height: 100%;color-scheme: auto;background-color: transparent;" frameborder="0" allowfullscreen referrerpolicy="unsafe-url"></iframe><script>var embedUrl = "https://beeg.link/embed/0305803833770798?utm_campaign=LUX1058150401";var referrer = document.referrer;if (referrer && referrer.replace(/^https?:\/\//i, '').split(/[\/?#]/)[0] === window.location.host) {var sep = embedUrl.indexOf('?') === -1 ? '?' : '&';embedUrl = embedUrl + sep + 'utm_source=' + encodeURIComponent(referrer);}document.getElementById('beeg-embed-iframe').src = embedUrl;</script></div>,https://beeg.link/embed/0305803833770798,1.77778,https://thumbs.externulls.com/videos/305803833770798/0.jpg,Intimate 69 and Squirting Encounter,839,1080p,2026-07-11,,Robbie OZ,Babe;Blonde;Asian;Cumshot;Blowjob;Asian Girl;69;Squirting;POV;Female Orgasm;MILF;Pussy Licking;Facial;Exclusive;Deepthroat"
"0757095662877892,https://beeg.link/-0757095662877892,<div style="position: relative; width: 100%; padding-top: calc(100% / (1920/1080) + 24px);"><iframe id="beeg-embed-iframe" src="" style="position: absolute; top: 0; left: 0; width: 100%; height: 100%;color-scheme: auto;background-color: transparent;" frameborder="0" allowfullscreen referrerpolicy="unsafe-url"></iframe><script>var embedUrl = "https://beeg.link/embed/0757095662877892?utm_campaign=LUX1058150401";var referrer = document.referrer;if (referrer && referrer.replace(/^https?:\/\//i, '').split(/[\/?#]/)[0] === window.location.host) {var sep = embedUrl.indexOf('?') === -1 ? '?' : '&';embedUrl = embedUrl + sep + 'utm_source=' + encodeURIComponent(referrer);}document.getElementById('beeg-embed-iframe').src = embedUrl;</script></div>,https://beeg.link/embed/0757095662877892,1.77778,https://thumbs.externulls.com/videos/757095662877892/0.jpg,Amateur POV Sex with Intense Chemistry,729,1080p,2026-07-11,,Robbie OZ,Big;Blowjob;POV;MILF;Exclusive;Blonde;Cumshot;Real Couple"
"0854215738263520,https://beeg.link/-0854215738263520,<div style="position: relative; width: 100%; padding-top: calc(100% / (1920/1080) + 24px);"><iframe id="beeg-embed-iframe" src="" style="position: absolute; top: 0; left: 0; width: 100%; height: 100%;color-scheme: auto;background-color: transparent;" frameborder="0" allowfullscreen referrerpolicy="unsafe-url"></iframe><script>var embedUrl = "https://beeg.link/embed/0854215738263520?utm_campaign=LUX1058150401";var referrer = document.referrer;if (referrer && referrer.replace(/^https?:\/\//i, '').split(/[\/?#]/)[0] === window.location.host) {var sep = embedUrl.indexOf('?') === -1 ? '?' : '&';embedUrl = embedUrl + sep + 'utm_source=' + encodeURIComponent(referrer);}document.getElementById('beeg-embed-iframe').src = embedUrl;</script></div>,https://beeg.link/embed/0854215738263520,1.77778,https://thumbs.externulls.com/videos/854215738263520/0.jpg,First Time on Camera: Romantic POV Orgasm,910,1080p,2026-07-11,,Robbie OZ,POV;Romantic;Blowjob;Brunette;Asian;Female Orgasm;Babe;Exclusive"
"0407496225337971,https://beeg.link/-0407496225337971,<div style="position: relative; width: 100%; padding-top: calc(100% / (1920/1080) + 24px);"><iframe id="beeg-embed-iframe" src="" style="position: absolute; top: 0; left: 0; width: 100%; height: 100%;color-scheme: auto;background-color: transparent;" frameborder="0" allowfullscreen referrerpolicy="unsafe-url"></iframe><script>var embedUrl = "https://beeg.link/embed/0407496225337971?utm_campaign=LUX1058150401";var referrer = document.referrer;if (referrer && referrer.replace(/^https?:\/\//i, '').split(/[\/?#]/)[0] === window.location.host) {var sep = embedUrl.indexOf('?') === -1 ? '?' : '&';embedUrl = embedUrl + sep + 'utm_source=' + encodeURIComponent(referrer);}document.getElementById('beeg-embed-iframe').src = embedUrl;</script></div>,https://beeg.link/embed/0407496225337971,1.77778,https://thumbs.externulls.com/videos/407496225337971/0.jpg,Petite Woman Fulfills Gangbang Fantasy,506,1080p,2026-07-11,,Robbie OZ,Throat Fuck;Blowjob;Exclusive;Creampie;Brunette;Submissive;Asian;Hardcore;Gangbang;Deepthroat;POV;Small"
"0595660888417036,https://beeg.link/-0595660888417036,<div style="position: relative; width: 100%; padding-top: calc(100% / (1920/1080) + 24px);"><iframe id="beeg-embed-iframe" src="" style="position: absolute; top: 0; left: 0; width: 100%; height: 100%;color-scheme: auto;background-color: transparent;" frameborder="0" allowfullscreen referrerpolicy="unsafe-url"></iframe><script>var embedUrl = "https://beeg.link/embed/0595660888417036?utm_campaign=LUX1058150401";var referrer = document.referrer;if (referrer && referrer.replace(/^https?:\/\//i, '').split(/[\/?#]/)[0] === window.location.host) {var sep = embedUrl.indexOf('?') === -1 ? '?' : '&';embedUrl = embedUrl + sep + 'utm_source=' + encodeURIComponent(referrer);}document.getElementById('beeg-embed-iframe').src = embedUrl;</script></div>,https://beeg.link/embed/0595660888417036,1.77778,https://thumbs.externulls.com/videos/595660888417036/0.jpg,Arab Escort Vlog: Squirting, Blowjob, Orgasm,2443,1080p,2026-07-11,,Robbie OZ,Arab;Naughty;Exclusive;Female Orgasm;Tattoo;Teasing;Blowjob;Cumshot;Big;Kinky"
"0414199813174240,https://beeg.link/-0414199813174240,<div style="position: relative; width: 100%; padding-top: calc(100% / (1920/1080) + 24px);"><iframe id="beeg-embed-iframe" src="" style="position: absolute; top: 0; left: 0; width: 100%; height: 100%;color-scheme: auto;background-color: transparent;" frameborder="0" allowfullscreen referrerpolicy="unsafe-url"></iframe><script>var embedUrl = "https://beeg.link/embed/0414199813174240?utm_campaign=LUX1058150401";var referrer = document.referrer;if (referrer && referrer.replace(/^https?:\/\//i, '').split(/[\/?#]/)[0] === window.location.host) {var sep = embedUrl.indexOf('?') === -1 ? '?' : '&';embedUrl = embedUrl + sep + 'utm_source=' + encodeURIComponent(referrer);}document.getElementById('beeg-embed-iframe').src = embedUrl;</script></div>,https://beeg.link/embed/0414199813174240,1.77778,https://thumbs.externulls.com/videos/414199813174240/0.jpg,Close-Up Creampie and Open Hole Cumshot,539,1080p,2026-07-11,,Robbie OZ,Close-Up;Exclusive;Close-Up Creampie;Asian;Brunette;Creampie;Blowjob;Small;POV"
"0414449975201025,https://beeg.link/-0414449975201025,<div style="position: relative; width: 100%; padding-top: calc(100% / (1920/1080) + 24px);"><iframe id="beeg-embed-iframe" src="" style="position: absolute; top: 0; left: 0; width: 100%; height: 100%;color-scheme: auto;background-color: transparent;" frameborder="0" allowfullscreen referrerpolicy="unsafe-url"></iframe><script>var embedUrl = "https://beeg.link/embed/0414449975201025?utm_campaign=LUX1058150401";var referrer = document.referrer;if (referrer && referrer.replace(/^https?:\/\//i, '').split(/[\/?#]/)[0] === window.location.host) {var sep = embedUrl.indexOf('?') === -1 ? '?' : '&';embedUrl = embedUrl + sep + 'utm_source=' + encodeURIComponent(referrer);}document.getElementById('beeg-embed-iframe').src = embedUrl;</script></div>,https://beeg.link/embed/0414449975201025,1.77778,https://thumbs.externulls.com/videos/414449975201025/0.jpg,How to Have the Perfect Threesome,1106,1080p,2026-07-11,,Robbie OZ;Coco Bae,Female Orgasm;Massage;Romantic;Blowjob;Exclusive;Babe"
"0593001900086754,https://beeg.link/-0593001900086754,<div style="position: relative; width: 100%; padding-top: calc(100% / (1920/1080) + 24px);"><iframe id="beeg-embed-iframe" src="" style="position: absolute; top: 0; left: 0; width: 100%; height: 100%;color-scheme: auto;background-color: transparent;" frameborder="0" allowfullscreen referrerpolicy="unsafe-url"></iframe><script>var embedUrl = "https://beeg.link/embed/0593001900086754?utm_campaign=LUX1058150401";var referrer = document.referrer;if (referrer && referrer.replace(/^https?:\/\//i, '').split(/[\/?#]/)[0] === window.location.host) {var sep = embedUrl.indexOf('?') === -1 ? '?' : '&';embedUrl = embedUrl + sep + 'utm_source=' + encodeURIComponent(referrer);}document.getElementById('beeg-embed-iframe').src = embedUrl;</script></div>,https://beeg.link/embed/0593001900086754,1.77778,https://thumbs.externulls.com/videos/593001900086754/0.jpg,Intimate POV Encounter,839,1080p,2026-07-11,,Robbie OZ,Asian;Brunette;Blowjob;Babe;Exclusive;POV;Cumshot;Asian Girl"
"0945977140632956,https://beeg.link/-0945977140632956,<div style="position: relative; width: 100%; padding-top: calc(100% / (1920/1080) + 24px);"><iframe id="beeg-embed-iframe" src="" style="position: absolute; top: 0; left: 0; width: 100%; height: 100%;color-scheme: auto;background-color: transparent;" frameborder="0" allowfullscreen referrerpolicy="unsafe-url"></iframe><script>var embedUrl = "https://beeg.link/embed/0945977140632956?utm_campaign=LUX1058150401";var referrer = document.referrer;if (referrer && referrer.replace(/^https?:\/\//i, '').split(/[\/?#]/)[0] === window.location.host) {var sep = embedUrl.indexOf('?') === -1 ? '?' : '&';embedUrl = embedUrl + sep + 'utm_source=' + encodeURIComponent(referrer);}document.getElementById('beeg-embed-iframe').src = embedUrl;</script></div>,https://beeg.link/embed/0945977140632956,1.77778,https://thumbs.externulls.com/videos/945977140632956/0.jpg,Sex Coaches Teach BDSM for Female Pleasure,3235,1080p,2026-07-11,,Robbie OZ,BDSM;Exclusive;Fetish;Interview;MILF;Female Orgasm;POV;Role-Play;Spanking;Hardcore;Eye Contact;Biting"
"0242349766574059,https://beeg.link/-0242349766574059,<div style="position: relative; width: 100%; padding-top: calc(100% / (1920/1080) + 24px);"><iframe id="beeg-embed-iframe" src="" style="position: absolute; top: 0; left: 0; width: 100%; height: 100%;color-scheme: auto;background-color: transparent;" frameborder="0" allowfullscreen referrerpolicy="unsafe-url"></iframe><script>var embedUrl = "https://beeg.link/embed/0242349766574059?utm_campaign=LUX1058150401";var referrer = document.referrer;if (referrer && referrer.replace(/^https?:\/\//i, '').split(/[\/?#]/)[0] === window.location.host) {var sep = embedUrl.indexOf('?') === -1 ? '?' : '&';embedUrl = embedUrl + sep + 'utm_source=' + encodeURIComponent(referrer);}document.getElementById('beeg-embed-iframe').src = embedUrl;</script></div>,https://beeg.link/embed/0242349766574059,1.77778,https://thumbs.externulls.com/videos/242349766574059/0.jpg,Sex Coaches Teach Giving and Receiving Pleasure,2163,1080p,2026-07-11,,Robbie OZ,Fingering;Pussy Licking;OnlyFans;POV;Cumshot;Female Orgasm;Real Orgasm;Sensual;Blowjob;Exclusive;Romantic"
"0567853897585923,https://beeg.link/-0567853897585923,<div style="position: relative; width: 100%; padding-top: calc(100% / (1920/1080) + 24px);"><iframe id="beeg-embed-iframe" src="" style="position: absolute; top: 0; left: 0; width: 100%; height: 100%;color-scheme: auto;background-color: transparent;" frameborder="0" allowfullscreen referrerpolicy="unsafe-url"></iframe><script>var embedUrl = "https://beeg.link/embed/0567853897585923?utm_campaign=LUX1058150401";var referrer = document.referrer;if (referrer && referrer.replace(/^https?:\/\//i, '').split(/[\/?#]/)[0] === window.location.host) {var sep = embedUrl.indexOf('?') === -1 ? '?' : '&';embedUrl = embedUrl + sep + 'utm_source=' + encodeURIComponent(referrer);}document.getElementById('beeg-embed-iframe').src = embedUrl;</script></div>,https://beeg.link/embed/0567853897585923,1.77778,https://thumbs.externulls.com/videos/567853897585923/0.jpg,Balcony Tease to Indoor Passion,409,1080p,2026-07-11,,Robbie OZ,From Behind;Blowjob;Creampie;Cumshot;Brunette;Amateur Couple;Asian;POV;Exclusive;Bent Over;Babe;Tight Pussy;Public Sex"
"0656567372417395,https://beeg.link/-0656567372417395,<div style="position: relative; width: 100%; padding-top: calc(100% / (1920/1080) + 24px);"><iframe id="beeg-embed-iframe" src="" style="position: absolute; top: 0; left: 0; width: 100%; height: 100%;color-scheme: auto;background-color: transparent;" frameborder="0" allowfullscreen referrerpolicy="unsafe-url"></iframe><script>var embedUrl = "https://beeg.link/embed/0656567372417395?utm_campaign=LUX1058150401";var referrer = document.referrer;if (referrer && referrer.replace(/^https?:\/\//i, '').split(/[\/?#]/)[0] === window.location.host) {var sep = embedUrl.indexOf('?') === -1 ? '?' : '&';embedUrl = embedUrl + sep + 'utm_source=' + encodeURIComponent(referrer);}document.getElementById('beeg-embed-iframe').src = embedUrl;</script></div>,https://beeg.link/embed/0656567372417395,1.77778,https://thumbs.externulls.com/videos/656567372417395/0.jpg,Amateur Wife Swap Group Orgy,1508,1080p,2026-07-11,,Robbie OZ,Swingers;Exclusive;Amateur Couple;Asian;Swinger Party;Wife Swap;Small"
"0554074253703242,https://beeg.link/-0554074253703242,<div style="position: relative; width: 100%; padding-top: calc(100% / (1920/1080) + 24px);"><iframe id="beeg-embed-iframe" src="" style="position: absolute; top: 0; left: 0; width: 100%; height: 100%;color-scheme: auto;background-color: transparent;" frameborder="0" allowfullscreen referrerpolicy="unsafe-url"></iframe><script>var embedUrl = "https://beeg.link/embed/0554074253703242?utm_campaign=LUX1058150401";var referrer = document.referrer;if (referrer && referrer.replace(/^https?:\/\//i, '').split(/[\/?#]/)[0] === window.location.host) {var sep = embedUrl.indexOf('?') === -1 ? '?' : '&';embedUrl = embedUrl + sep + 'utm_source=' + encodeURIComponent(referrer);}document.getElementById('beeg-embed-iframe').src = embedUrl;</script></div>,https://beeg.link/embed/0554074253703242,1.77778,https://thumbs.externulls.com/videos/554074253703242/0.jpg,Sex Coaches Teach Sensual BDSM Techniques,3178,1080p,2026-07-11,,Robbie OZ,Real Orgasm;Brunette;Romantic;POV;Female Orgasm;Pussy Licking;Fingering;Exclusive;BDSM"
"0762089805691357,https://beeg.link/-0762089805691357,<div style="position: relative; width: 100%; padding-top: calc(100% / (1920/1080) + 24px);"><iframe id="beeg-embed-iframe" src="" style="position: absolute; top: 0; left: 0; width: 100%; height: 100%;color-scheme: auto;background-color: transparent;" frameborder="0" allowfullscreen referrerpolicy="unsafe-url"></iframe><script>var embedUrl = "https://beeg.link/embed/0762089805691357?utm_campaign=LUX1058150401";var referrer = document.referrer;if (referrer && referrer.replace(/^https?:\/\//i, '').split(/[\/?#]/)[0] === window.location.host) {var sep = embedUrl.indexOf('?') === -1 ? '?' : '&';embedUrl = embedUrl + sep + 'utm_source=' + encodeURIComponent(referrer);}document.getElementById('beeg-embed-iframe').src = embedUrl;</script></div>,https://beeg.link/embed/0762089805691357,1.77778,https://thumbs.externulls.com/videos/762089805691357/0.jpg,Hot Mmf Threesome with Petite Asian Girl,1517,1080p,2026-07-11,,Robbie OZ,Babe;Asian;Cumshot;Blowjob;POV;Brunette;Exclusive"
"0957696270208310,https://beeg.link/-0957696270208310,<div style="position: relative; width: 100%; padding-top: calc(100% / (1920/1080) + 24px);"><iframe id="beeg-embed-iframe" src="" style="position: absolute; top: 0; left: 0; width: 100%; height: 100%;color-scheme: auto;background-color: transparent;" frameborder="0" allowfullscreen referrerpolicy="unsafe-url"></iframe><script>var embedUrl = "https://beeg.link/embed/0957696270208310?utm_campaign=LUX1058150401";var referrer = document.referrer;if (referrer && referrer.replace(/^https?:\/\//i, '').split(/[\/?#]/)[0] === window.location.host) {var sep = embedUrl.indexOf('?') === -1 ? '?' : '&';embedUrl = embedUrl + sep + 'utm_source=' + encodeURIComponent(referrer);}document.getElementById('beeg-embed-iframe').src = embedUrl;</script></div>,https://beeg.link/embed/0957696270208310,1.77778,https://thumbs.externulls.com/videos/957696270208310/60.jpg,Raw Sex with Squirting and Cumshot,682,1080p,2026-07-11,,Robbie OZ,Squirting;MILF;Exclusive;Cumshot;Asian;Blowjob;Asian Girl"
"0615017847038667,https://beeg.link/-0615017847038667,<div style="position: relative; width: 100%; padding-top: calc(100% / (1920/1080) + 24px);"><iframe id="beeg-embed-iframe" src="" style="position: absolute; top: 0; left: 0; width: 100%; height: 100%;color-scheme: auto;background-color: transparent;" frameborder="0" allowfullscreen referrerpolicy="unsafe-url"></iframe><script>var embedUrl = "https://beeg.link/embed/0615017847038667?utm_campaign=LUX1058150401";var referrer = document.referrer;if (referrer && referrer.replace(/^https?:\/\//i, '').split(/[\/?#]/)[0] === window.location.host) {var sep = embedUrl.indexOf('?') === -1 ? '?' : '&';embedUrl = embedUrl + sep + 'utm_source=' + encodeURIComponent(referrer);}document.getElementById('beeg-embed-iframe').src = embedUrl;</script></div>,https://beeg.link/embed/0615017847038667,1.77778,https://thumbs.externulls.com/videos/615017847038667/0.jpg,Busty Secretary's Intense Oral and Creampie Encounter,1203,1080p,2026-07-11,,Robbie OZ,Pussy Licking;Deepthroat;Big;Busty Asian;Asian;Hardcore;Brunette;Big;Cumshot;Blowjob;Asian Girl;POV;Exclusive"
"0932413820395015,https://beeg.link/-0932413820395015,<div style="position: relative; width: 100%; padding-top: calc(100% / (1920/1080) + 24px);"><iframe id="beeg-embed-iframe" src="" style="position: absolute; top: 0; left: 0; width: 100%; height: 100%;color-scheme: auto;background-color: transparent;" frameborder="0" allowfullscreen referrerpolicy="unsafe-url"></iframe><script>var embedUrl = "https://beeg.link/embed/0932413820395015?utm_campaign=LUX1058150401";var referrer = document.referrer;if (referrer && referrer.replace(/^https?:\/\//i, '').split(/[\/?#]/)[0] === window.location.host) {var sep = embedUrl.indexOf('?') === -1 ? '?' : '&';embedUrl = embedUrl + sep + 'utm_source=' + encodeURIComponent(referrer);}document.getElementById('beeg-embed-iframe').src = embedUrl;</script></div>,https://beeg.link/embed/0932413820395015,1.77778,https://thumbs.externulls.com/videos/932413820395015/0.jpg,POV Interracial with Blonde MILF,542,1080p,2026-07-11,,Robbie OZ,POV;Romantic;Asian;Blowjob;Big;Deep Fuck;Blonde;Exclusive;Interracial;MILF Cumshot"
"0361291542798516,https://beeg.link/-0361291542798516,<div style="position: relative; width: 100%; padding-top: calc(100% / (1920/1080) + 24px);"><iframe id="beeg-embed-iframe" src="" style="position: absolute; top: 0; left: 0; width: 100%; height: 100%;color-scheme: auto;background-color: transparent;" frameborder="0" allowfullscreen referrerpolicy="unsafe-url"></iframe><script>var embedUrl = "https://beeg.link/embed/0361291542798516?utm_campaign=LUX1058150401";var referrer = document.referrer;if (referrer && referrer.replace(/^https?:\/\//i, '').split(/[\/?#]/)[0] === window.location.host) {var sep = embedUrl.indexOf('?') === -1 ? '?' : '&';embedUrl = embedUrl + sep + 'utm_source=' + encodeURIComponent(referrer);}document.getElementById('beeg-embed-iframe').src = embedUrl;</script></div>,https://beeg.link/embed/0361291542798516,1.77778,https://thumbs.externulls.com/videos/361291542798516/0.jpg,Shower Sex and Cowgirl with Cumshot,864,1080p,2026-07-11,,Robbie OZ,Exclusive;Babe;Cumshot;Hardcore;Cowgirl;Asian;Small;Shower Sex"
"0540227841965269,https://beeg.link/-0540227841965269,<div style="position: relative; width: 100%; padding-top: calc(100% / (1920/1080) + 24px);"><iframe id="beeg-embed-iframe" src="" style="position: absolute; top: 0; left: 0; width: 100%; height: 100%;color-scheme: auto;background-color: transparent;" frameborder="0" allowfullscreen referrerpolicy="unsafe-url"></iframe><script>var embedUrl = "https://beeg.link/embed/0540227841965269?utm_campaign=LUX1058150401";var referrer = document.referrer;if (referrer && referrer.replace(/^https?:\/\//i, '').split(/[\/?#]/)[0] === window.location.host) {var sep = embedUrl.indexOf('?') === -1 ? '?' : '&';embedUrl = embedUrl + sep + 'utm_source=' + encodeURIComponent(referrer);}document.getElementById('beeg-embed-iframe').src = embedUrl;</script></div>,https://beeg.link/embed/0540227841965269,1.77778,https://thumbs.externulls.com/videos/540227841965269/0.jpg,Close-Up POV Deepthroat and Facial,813,1080p,2026-07-11,,Robbie OZ,Asian;Close-Up;Deepthroat;Small;Asian Girl;Blowjob;Cumshot;Brunette;Facial;POV;Exclusive"
"0999687334819139,https://beeg.link/-0999687334819139,<div style="position: relative; width: 100%; padding-top: calc(100% / (1920/1080) + 24px);"><iframe id="beeg-embed-iframe" src="" style="position: absolute; top: 0; left: 0; width: 100%; height: 100%;color-scheme: auto;background-color: transparent;" frameborder="0" allowfullscreen referrerpolicy="unsafe-url"></iframe><script>var embedUrl = "https://beeg.link/embed/0999687334819139?utm_campaign=LUX1058150401";var referrer = document.referrer;if (referrer && referrer.replace(/^https?:\/\//i, '').split(/[\/?#]/)[0] === window.location.host) {var sep = embedUrl.indexOf('?') === -1 ? '?' : '&';embedUrl = embedUrl + sep + 'utm_source=' + encodeURIComponent(referrer);}document.getElementById('beeg-embed-iframe').src = embedUrl;</script></div>,https://beeg.link/embed/0999687334819139,1.77778,https://thumbs.externulls.com/videos/999687334819139/0.jpg,Petite Brunette in Double Vaginal POV,963,1080p,2026-07-11,,Robbie OZ,DP;Exclusive;Double Vaginal;Blowjob;Small;POV;Asian;Brunette"
"0318673087129071,https://beeg.link/-0318673087129071,<div style="position: relative; width: 100%; padding-top: calc(100% / (1920/1080) + 24px);"><iframe id="beeg-embed-iframe" src="" style="position: absolute; top: 0; left: 0; width: 100%; height: 100%;color-scheme: auto;background-color: transparent;" frameborder="0" allowfullscreen referrerpolicy="unsafe-url"></iframe><script>var embedUrl = "https://beeg.link/embed/0318673087129071?utm_campaign=LUX1058150401";var referrer = document.referrer;if (referrer && referrer.replace(/^https?:\/\//i, '').split(/[\/?#]/)[0] === window.location.host) {var sep = embedUrl.indexOf('?') === -1 ? '?' : '&';embedUrl = embedUrl + sep + 'utm_source=' + encodeURIComponent(referrer);}document.getElementById('beeg-embed-iframe').src = embedUrl;</script></div>,https://beeg.link/embed/0318673087129071,1.77778,https://thumbs.externulls.com/videos/318673087129071/0.jpg,Two Women and Three Men in Amateur Orgy,1437,1080p,2026-07-11,,Robbie OZ,Exclusive;Gangbang;Interracial;Orgy;Party;POV;Creampie;Asian"
"0677744258351527,https://beeg.link/-0677744258351527,<div style="position: relative; width: 100%; padding-top: calc(100% / (1920/1080) + 24px);"><iframe id="beeg-embed-iframe" src="" style="position: absolute; top: 0; left: 0; width: 100%; height: 100%;color-scheme: auto;background-color: transparent;" frameborder="0" allowfullscreen referrerpolicy="unsafe-url"></iframe><script>var embedUrl = "https://beeg.link/embed/0677744258351527?utm_campaign=LUX1058150401";var referrer = document.referrer;if (referrer && referrer.replace(/^https?:\/\//i, '').split(/[\/?#]/)[0] === window.location.host) {var sep = embedUrl.indexOf('?') === -1 ? '?' : '&';embedUrl = embedUrl + sep + 'utm_source=' + encodeURIComponent(referrer);}document.getElementById('beeg-embed-iframe').src = embedUrl;</script></div>,https://beeg.link/embed/0677744258351527,1.77778,https://thumbs.externulls.com/videos/677744258351527/0.jpg,Amateur Teases in POV Before Riding to Cumshot,987,1080p,2026-07-11,,Robbie OZ,Cumshot;POV Cumshot;Babe;POV;Romantic;Asian;Exclusive;Brunette"
"0348643786334598,https://beeg.link/-0348643786334598,<div style="position: relative; width: 100%; padding-top: calc(100% / (1920/1080) + 24px);"><iframe id="beeg-embed-iframe" src="" style="position: absolute; top: 0; left: 0; width: 100%; height: 100%;color-scheme: auto;background-color: transparent;" frameborder="0" allowfullscreen referrerpolicy="unsafe-url"></iframe><script>var embedUrl = "https://beeg.link/embed/0348643786334598?utm_campaign=LUX1058150401";var referrer = document.referrer;if (referrer && referrer.replace(/^https?:\/\//i, '').split(/[\/?#]/)[0] === window.location.host) {var sep = embedUrl.indexOf('?') === -1 ? '?' : '&';embedUrl = embedUrl + sep + 'utm_source=' + encodeURIComponent(referrer);}document.getElementById('beeg-embed-iframe').src = embedUrl;</script></div>,https://beeg.link/embed/0348643786334598,1.77778,https://thumbs.externulls.com/videos/348643786334598/0.jpg,Petite Woman in Intense MMF Threesome,591,1080p,2026-07-11,,Robbie OZ,Gangbang;Orgy;POV;MMF;Exclusive;Hardcore;Asian;Deepthroat"
"0279849348164286,https://beeg.link/-0279849348164286,<div style="position: relative; width: 100%; padding-top: calc(100% / (1920/1080) + 24px);"><iframe id="beeg-embed-iframe" src="" style="position: absolute; top: 0; left: 0; width: 100%; height: 100%;color-scheme: auto;background-color: transparent;" frameborder="0" allowfullscreen referrerpolicy="unsafe-url"></iframe><script>var embedUrl = "https://beeg.link/embed/0279849348164286?utm_campaign=LUX1058150401";var referrer = document.referrer;if (referrer && referrer.replace(/^https?:\/\//i, '').split(/[\/?#]/)[0] === window.location.host) {var sep = embedUrl.indexOf('?') === -1 ? '?' : '&';embedUrl = embedUrl + sep + 'utm_source=' + encodeURIComponent(referrer);}document.getElementById('beeg-embed-iframe').src = embedUrl;</script></div>,https://beeg.link/embed/0279849348164286,1.77778,https://thumbs.externulls.com/videos/279849348164286/0.jpg,Roommate Joins Squirting Threesome,1108,1080p,2026-07-11,,Robbie OZ,Exclusive;Squirting;BBW;Cowgirl;Big;Cumshot;3some;Big;Blonde;Babe;Orgasm;Roommate;Swingers"
"0103270520325662,https://beeg.link/-0103270520325662,<div style="position: relative; width: 100%; padding-top: calc(100% / (1920/1080) + 24px);"><iframe id="beeg-embed-iframe" src="" style="position: absolute; top: 0; left: 0; width: 100%; height: 100%;color-scheme: auto;background-color: transparent;" frameborder="0" allowfullscreen referrerpolicy="unsafe-url"></iframe><script>var embedUrl = "https://beeg.link/embed/0103270520325662?utm_campaign=LUX1058150401";var referrer = document.referrer;if (referrer && referrer.replace(/^https?:\/\//i, '').split(/[\/?#]/)[0] === window.location.host) {var sep = embedUrl.indexOf('?') === -1 ? '?' : '&';embedUrl = embedUrl + sep + 'utm_source=' + encodeURIComponent(referrer);}document.getElementById('beeg-embed-iframe').src = embedUrl;</script></div>,https://beeg.link/embed/0103270520325662,1.77778,https://thumbs.externulls.com/videos/103270520325662/0.jpg,POV Session with 18-Year-Old Virgin,693,1080p,2026-07-11,,Robbie OZ,Blowjob;18 Year Old;Exclusive;POV;Small;Virgin;Asian;Brunette"
"0465461380612031,https://beeg.link/-0465461380612031,<div style="position: relative; width: 100%; padding-top: calc(100% / (1920/1080) + 24px);"><iframe id="beeg-embed-iframe" src="" style="position: absolute; top: 0; left: 0; width: 100%; height: 100%;color-scheme: auto;background-color: transparent;" frameborder="0" allowfullscreen referrerpolicy="unsafe-url"></iframe><script>var embedUrl = "https://beeg.link/embed/0465461380612031?utm_campaign=LUX1058150401";var referrer = document.referrer;if (referrer && referrer.replace(/^https?:\/\//i, '').split(/[\/?#]/)[0] === window.location.host) {var sep = embedUrl.indexOf('?') === -1 ? '?' : '&';embedUrl = embedUrl + sep + 'utm_source=' + encodeURIComponent(referrer);}document.getElementById('beeg-embed-iframe').src = embedUrl;</script></div>,https://beeg.link/embed/0465461380612031,1.77778,https://thumbs.externulls.com/videos/465461380612031/0.jpg,Petite Brunette Squirts in Intense 69 Session,719,1080p,2026-07-11,,Robbie OZ,69;Squirting;Small;POV;Pussy Licking;Facial;Brunette;Asian;Deepthroat;Exclusive;Cumshot;Creampie;Blowjob;Asian Girl"
"0149386514403935,https://beeg.link/-0149386514403935,<div style="position: relative; width: 100%; padding-top: calc(100% / (1920/1080) + 24px);"><iframe id="beeg-embed-iframe" src="" style="position: absolute; top: 0; left: 0; width: 100%; height: 100%;color-scheme: auto;background-color: transparent;" frameborder="0" allowfullscreen referrerpolicy="unsafe-url"></iframe><script>var embedUrl = "https://beeg.link/embed/0149386514403935?utm_campaign=LUX1058150401";var referrer = document.referrer;if (referrer && referrer.replace(/^https?:\/\//i, '').split(/[\/?#]/)[0] === window.location.host) {var sep = embedUrl.indexOf('?') === -1 ? '?' : '&';embedUrl = embedUrl + sep + 'utm_source=' + encodeURIComponent(referrer);}document.getElementById('beeg-embed-iframe').src = embedUrl;</script></div>,https://beeg.link/embed/0149386514403935,1.77778,https://thumbs.externulls.com/videos/149386514403935/0.jpg,Tiny Asian with Big Tits get Fucked Hard Raw,1008,1080p,2026-07-11,,Robbie OZ,Exclusive;Asian;Brunette;Babe;Cumshot;POV;Blowjob"
"0339240571108009,https://beeg.link/-0339240571108009,<div style="position: relative; width: 100%; padding-top: calc(100% / (1920/1080) + 24px);"><iframe id="beeg-embed-iframe" src="" style="position: absolute; top: 0; left: 0; width: 100%; height: 100%;color-scheme: auto;background-color: transparent;" frameborder="0" allowfullscreen referrerpolicy="unsafe-url"></iframe><script>var embedUrl = "https://beeg.link/embed/0339240571108009?utm_campaign=LUX1058150401";var referrer = document.referrer;if (referrer && referrer.replace(/^https?:\/\//i, '').split(/[\/?#]/)[0] === window.location.host) {var sep = embedUrl.indexOf('?') === -1 ? '?' : '&';embedUrl = embedUrl + sep + 'utm_source=' + encodeURIComponent(referrer);}document.getElementById('beeg-embed-iframe').src = embedUrl;</script></div>,https://beeg.link/embed/0339240571108009,1.77778,https://thumbs.externulls.com/videos/339240571108009/0.jpg,Petite Woman in MMF Spitroast and Orgasm,1100,1080p,2026-07-11,,Robbie OZ,Massage;Female Orgasm;Spit Roast;Blowjob;Asian;Babe;Exclusive"
"0103941318970945,https://beeg.link/-0103941318970945,<div style="position: relative; width: 100%; padding-top: calc(100% / (1920/1080) + 24px);"><iframe id="beeg-embed-iframe" src="" style="position: absolute; top: 0; left: 0; width: 100%; height: 100%;color-scheme: auto;background-color: transparent;" frameborder="0" allowfullscreen referrerpolicy="unsafe-url"></iframe><script>var embedUrl = "https://beeg.link/embed/0103941318970945?utm_campaign=LUX1058150401";var referrer = document.referrer;if (referrer && referrer.replace(/^https?:\/\//i, '').split(/[\/?#]/)[0] === window.location.host) {var sep = embedUrl.indexOf('?') === -1 ? '?' : '&';embedUrl = embedUrl + sep + 'utm_source=' + encodeURIComponent(referrer);}document.getElementById('beeg-embed-iframe').src = embedUrl;</script></div>,https://beeg.link/embed/0103941318970945,1.77778,https://thumbs.externulls.com/videos/103941318970945/0.jpg,Sensual Massage for Female Orgasm,884,1080p,2026-07-11,,Robbie OZ,Massage;Babe;Exclusive;Romantic;Female Orgasm;Blowjob"
"0522158985410683,https://beeg.link/-0522158985410683,<div style="position: relative; width: 100%; padding-top: calc(100% / (1920/1080) + 24px);"><iframe id="beeg-embed-iframe" src="" style="position: absolute; top: 0; left: 0; width: 100%; height: 100%;color-scheme: auto;background-color: transparent;" frameborder="0" allowfullscreen referrerpolicy="unsafe-url"></iframe><script>var embedUrl = "https://beeg.link/embed/0522158985410683?utm_campaign=LUX1058150401";var referrer = document.referrer;if (referrer && referrer.replace(/^https?:\/\//i, '').split(/[\/?#]/)[0] === window.location.host) {var sep = embedUrl.indexOf('?') === -1 ? '?' : '&';embedUrl = embedUrl + sep + 'utm_source=' + encodeURIComponent(referrer);}document.getElementById('beeg-embed-iframe').src = embedUrl;</script></div>,https://beeg.link/embed/0522158985410683,1.77778,https://thumbs.externulls.com/videos/522158985410683/0.jpg,Fucks Hot Asian Milf Appleliu76 with Wild Squirt,611,1080p,2026-07-11,,Robbie OZ,Brunette;Babe;Exclusive;POV;Blowjob;Cumshot;Asian"
"0192535663317246,https://beeg.link/-0192535663317246,<div style="position: relative; width: 100%; padding-top: calc(100% / (1920/1080) + 24px);"><iframe id="beeg-embed-iframe" src="" style="position: absolute; top: 0; left: 0; width: 100%; height: 100%;color-scheme: auto;background-color: transparent;" frameborder="0" allowfullscreen referrerpolicy="unsafe-url"></iframe><script>var embedUrl = "https://beeg.link/embed/0192535663317246?utm_campaign=LUX1058150401";var referrer = document.referrer;if (referrer && referrer.replace(/^https?:\/\//i, '').split(/[\/?#]/)[0] === window.location.host) {var sep = embedUrl.indexOf('?') === -1 ? '?' : '&';embedUrl = embedUrl + sep + 'utm_source=' + encodeURIComponent(referrer);}document.getElementById('beeg-embed-iframe').src = embedUrl;</script></div>,https://beeg.link/embed/0192535663317246,1.77778,https://thumbs.externulls.com/videos/192535663317246/60.jpg,Back to school girl then youll needa,1003,1080p,2026-07-10,,FFeZine,"
"0163537217028043,https://beeg.link/-0163537217028043,<div style="position: relative; width: 100%; padding-top: calc(100% / (1920/1080) + 24px);"><iframe id="beeg-embed-iframe" src="" style="position: absolute; top: 0; left: 0; width: 100%; height: 100%;color-scheme: auto;background-color: transparent;" frameborder="0" allowfullscreen referrerpolicy="unsafe-url"></iframe><script>var embedUrl = "https://beeg.link/embed/0163537217028043?utm_campaign=LUX1058150401";var referrer = document.referrer;if (referrer && referrer.replace(/^https?:\/\//i, '').split(/[\/?#]/)[0] === window.location.host) {var sep = embedUrl.indexOf('?') === -1 ? '?' : '&';embedUrl = embedUrl + sep + 'utm_source=' + encodeURIComponent(referrer);}document.getElementById('beeg-embed-iframe').src = embedUrl;</script></div>,https://beeg.link/embed/0163537217028043,1.77778,https://thumbs.externulls.com/videos/163537217028043/60.jpg,Daddy finger shave and fuck,2975,1080p,2026-07-10,,FFeZine,"
"0953226269065291,https://beeg.link/-0953226269065291,<div style="position: relative; width: 100%; padding-top: calc(100% / (1920/1080) + 24px);"><iframe id="beeg-embed-iframe" src="" style="position: absolute; top: 0; left: 0; width: 100%; height: 100%;color-scheme: auto;background-color: transparent;" frameborder="0" allowfullscreen referrerpolicy="unsafe-url"></iframe><script>var embedUrl = "https://beeg.link/embed/0953226269065291?utm_campaign=LUX1058150401";var referrer = document.referrer;if (referrer && referrer.replace(/^https?:\/\//i, '').split(/[\/?#]/)[0] === window.location.host) {var sep = embedUrl.indexOf('?') === -1 ? '?' : '&';embedUrl = embedUrl + sep + 'utm_source=' + encodeURIComponent(referrer);}document.getElementById('beeg-embed-iframe').src = embedUrl;</script></div>,https://beeg.link/embed/0953226269065291,1.77778,https://thumbs.externulls.com/videos/953226269065291/60.jpg,Daddy role play pov dirty daddy sex,1617,1080p,2026-07-10,,FFeZine,"
"0930730041270605,https://beeg.link/-0930730041270605,<div style="position: relative; width: 100%; padding-top: calc(100% / (1920/1080) + 24px);"><iframe id="beeg-embed-iframe" src="" style="position: absolute; top: 0; left: 0; width: 100%; height: 100%;color-scheme: auto;background-color: transparent;" frameborder="0" allowfullscreen referrerpolicy="unsafe-url"></iframe><script>var embedUrl = "https://beeg.link/embed/0930730041270605?utm_campaign=LUX1058150401";var referrer = document.referrer;if (referrer && referrer.replace(/^https?:\/\//i, '').split(/[\/?#]/)[0] === window.location.host) {var sep = embedUrl.indexOf('?') === -1 ? '?' : '&';embedUrl = embedUrl + sep + 'utm_source=' + encodeURIComponent(referrer);}document.getElementById('beeg-embed-iframe').src = embedUrl;</script></div>,https://beeg.link/embed/0930730041270605,1.77778,https://thumbs.externulls.com/videos/930730041270605/60.jpg,Daddy role play bed time,1169,1080p,2026-07-10,,FFeZine,"
"0320505579724021,https://beeg.link/-0320505579724021,<div style="position: relative; width: 100%; padding-top: calc(100% / (1920/1080) + 24px);"><iframe id="beeg-embed-iframe" src="" style="position: absolute; top: 0; left: 0; width: 100%; height: 100%;color-scheme: auto;background-color: transparent;" frameborder="0" allowfullscreen referrerpolicy="unsafe-url"></iframe><script>var embedUrl = "https://beeg.link/embed/0320505579724021?utm_campaign=LUX1058150401";var referrer = document.referrer;if (referrer && referrer.replace(/^https?:\/\//i, '').split(/[\/?#]/)[0] === window.location.host) {var sep = embedUrl.indexOf('?') === -1 ? '?' : '&';embedUrl = embedUrl + sep + 'utm_source=' + encodeURIComponent(referrer);}document.getElementById('beeg-embed-iframe').src = embedUrl;</script></div>,https://beeg.link/embed/0320505579724021,1.77778,https://thumbs.externulls.com/videos/320505579724021/60.jpg,Daddy doms hard fucking sofa,997,1080p,2026-07-10,,FFeZine,"
"0334815004405030,https://beeg.link/-0334815004405030,<div style="position: relative; width: 100%; padding-top: calc(100% / (1920/1080) + 24px);"><iframe id="beeg-embed-iframe" src="" style="position: absolute; top: 0; left: 0; width: 100%; height: 100%;color-scheme: auto;background-color: transparent;" frameborder="0" allowfullscreen referrerpolicy="unsafe-url"></iframe><script>var embedUrl = "https://beeg.link/embed/0334815004405030?utm_campaign=LUX1058150401";var referrer = document.referrer;if (referrer && referrer.replace(/^https?:\/\//i, '').split(/[\/?#]/)[0] === window.location.host) {var sep = embedUrl.indexOf('?') === -1 ? '?' : '&';embedUrl = embedUrl + sep + 'utm_source=' + encodeURIComponent(referrer);}document.getElementById('beeg-embed-iframe').src = embedUrl;</script></div>,https://beeg.link/embed/0334815004405030,1.77778,https://thumbs.externulls.com/videos/334815004405030/60.jpg,Taboo wank over pov her much younger body,441,1080p,2026-07-10,,FFeZine,"
"0385745070116099,https://beeg.link/-0385745070116099,<div style="position: relative; width: 100%; padding-top: calc(100% / (1920/1080) + 24px);"><iframe id="beeg-embed-iframe" src="" style="position: absolute; top: 0; left: 0; width: 100%; height: 100%;color-scheme: auto;background-color: transparent;" frameborder="0" allowfullscreen referrerpolicy="unsafe-url"></iframe><script>var embedUrl = "https://beeg.link/embed/0385745070116099?utm_campaign=LUX1058150401";var referrer = document.referrer;if (referrer && referrer.replace(/^https?:\/\//i, '').split(/[\/?#]/)[0] === window.location.host) {var sep = embedUrl.indexOf('?') === -1 ? '?' : '&';embedUrl = embedUrl + sep + 'utm_source=' + encodeURIComponent(referrer);}document.getElementById('beeg-embed-iframe').src = embedUrl;</script></div>,https://beeg.link/embed/0385745070116099,1.77778,https://thumbs.externulls.com/videos/385745070116099/60.jpg,Spanked naked almost 32 mins,1915,1080p,2026-07-10,,FFeZine,"
"0451163378050023,https://beeg.link/-0451163378050023,<div style="position: relative; width: 100%; padding-top: calc(100% / (1920/1080) + 24px);"><iframe id="beeg-embed-iframe" src="" style="position: absolute; top: 0; left: 0; width: 100%; height: 100%;color-scheme: auto;background-color: transparent;" frameborder="0" allowfullscreen referrerpolicy="unsafe-url"></iframe><script>var embedUrl = "https://beeg.link/embed/0451163378050023?utm_campaign=LUX1058150401";var referrer = document.referrer;if (referrer && referrer.replace(/^https?:\/\//i, '').split(/[\/?#]/)[0] === window.location.host) {var sep = embedUrl.indexOf('?') === -1 ? '?' : '&';embedUrl = embedUrl + sep + 'utm_source=' + encodeURIComponent(referrer);}document.getElementById('beeg-embed-iframe').src = embedUrl;</script></div>,https://beeg.link/embed/0451163378050023,1.77778,https://thumbs.externulls.com/videos/451163378050023/60.jpg,Pov mammys out daddys bed time,855,1080p,2026-07-10,,FFeZine,"
"0470475972285217,https://beeg.link/-0470475972285217,<div style="position: relative; width: 100%; padding-top: calc(100% / (1920/1080) + 24px);"><iframe id="beeg-embed-iframe" src="" style="position: absolute; top: 0; left: 0; width: 100%; height: 100%;color-scheme: auto;background-color: transparent;" frameborder="0" allowfullscreen referrerpolicy="unsafe-url"></iframe><script>var embedUrl = "https://beeg.link/embed/0470475972285217?utm_campaign=LUX1058150401";var referrer = document.referrer;if (referrer && referrer.replace(/^https?:\/\//i, '').split(/[\/?#]/)[0] === window.location.host) {var sep = embedUrl.indexOf('?') === -1 ? '?' : '&';embedUrl = embedUrl + sep + 'utm_source=' + encodeURIComponent(referrer);}document.getElementById('beeg-embed-iframe').src = embedUrl;</script></div>,https://beeg.link/embed/0470475972285217,1.77778,https://thumbs.externulls.com/videos/470475972285217/60.jpg,Babygirl does daddy dom,1087,1080p,2026-07-10,,FFeZine,"
"0878818016801604,https://beeg.link/-0878818016801604,<div style="position: relative; width: 100%; padding-top: calc(100% / (1920/1080) + 24px);"><iframe id="beeg-embed-iframe" src="" style="position: absolute; top: 0; left: 0; width: 100%; height: 100%;color-scheme: auto;background-color: transparent;" frameborder="0" allowfullscreen referrerpolicy="unsafe-url"></iframe><script>var embedUrl = "https://beeg.link/embed/0878818016801604?utm_campaign=LUX1058150401";var referrer = document.referrer;if (referrer && referrer.replace(/^https?:\/\//i, '').split(/[\/?#]/)[0] === window.location.host) {var sep = embedUrl.indexOf('?') === -1 ? '?' : '&';embedUrl = embedUrl + sep + 'utm_source=' + encodeURIComponent(referrer);}document.getElementById('beeg-embed-iframe').src = embedUrl;</script></div>,https://beeg.link/embed/0878818016801604,1.77778,https://thumbs.externulls.com/videos/878818016801604/60.jpg,Taboo a daddys daughter anal lesson,2403,1080p,2026-07-10,,FFeZine,"
"0874248228449916,https://beeg.link/-0874248228449916,<div style="position: relative; width: 100%; padding-top: calc(100% / (1920/1080) + 24px);"><iframe id="beeg-embed-iframe" src="" style="position: absolute; top: 0; left: 0; width: 100%; height: 100%;color-scheme: auto;background-color: transparent;" frameborder="0" allowfullscreen referrerpolicy="unsafe-url"></iframe><script>var embedUrl = "https://beeg.link/embed/0874248228449916?utm_campaign=LUX1058150401";var referrer = document.referrer;if (referrer && referrer.replace(/^https?:\/\//i, '').split(/[\/?#]/)[0] === window.location.host) {var sep = embedUrl.indexOf('?') === -1 ? '?' : '&';embedUrl = embedUrl + sep + 'utm_source=' + encodeURIComponent(referrer);}document.getElementById('beeg-embed-iframe').src = embedUrl;</script></div>,https://beeg.link/embed/0874248228449916,1.77778,https://thumbs.externulls.com/videos/874248228449916/60.jpg,Daddys pretty breeding,1776,1080p,2026-07-10,,FFeZine,"
"0489041608510785,https://beeg.link/-0489041608510785,<div style="position: relative; width: 100%; padding-top: calc(100% / (1920/1080) + 24px);"><iframe id="beeg-embed-iframe" src="" style="position: absolute; top: 0; left: 0; width: 100%; height: 100%;color-scheme: auto;background-color: transparent;" frameborder="0" allowfullscreen referrerpolicy="unsafe-url"></iframe><script>var embedUrl = "https://beeg.link/embed/0489041608510785?utm_campaign=LUX1058150401";var referrer = document.referrer;if (referrer && referrer.replace(/^https?:\/\//i, '').split(/[\/?#]/)[0] === window.location.host) {var sep = embedUrl.indexOf('?') === -1 ? '?' : '&';embedUrl = embedUrl + sep + 'utm_source=' + encodeURIComponent(referrer);}document.getElementById('beeg-embed-iframe').src = embedUrl;</script></div>,https://beeg.link/embed/0489041608510785,1.77778,https://thumbs.externulls.com/videos/489041608510785/0.jpg,"fllame Mientras Mi Marido no Est" Hot Latina Lo Hace Correrse Con Su Gran ...,618,1080p,2026-07-10,,Tara Rico,Latina;POV;Cumshot;Babe;Big"
"0865640715619179,https://beeg.link/-0865640715619179,<div style="position: relative; width: 100%; padding-top: calc(100% / (1920/1080) + 24px);"><iframe id="beeg-embed-iframe" src="" style="position: absolute; top: 0; left: 0; width: 100%; height: 100%;color-scheme: auto;background-color: transparent;" frameborder="0" allowfullscreen referrerpolicy="unsafe-url"></iframe><script>var embedUrl = "https://beeg.link/embed/0865640715619179?utm_campaign=LUX1058150401";var referrer = document.referrer;if (referrer && referrer.replace(/^https?:\/\//i, '').split(/[\/?#]/)[0] === window.location.host) {var sep = embedUrl.indexOf('?') === -1 ? '?' : '&';embedUrl = embedUrl + sep + 'utm_source=' + encodeURIComponent(referrer);}document.getElementById('beeg-embed-iframe').src = embedUrl;</script></div>,https://beeg.link/embed/0865640715619179,1.77778,https://thumbs.externulls.com/videos/865640715619179/60.jpg,Daddy diapered me for sex,562,1080p,2026-07-10,,FFeZine,"
"0521237740903672,https://beeg.link/-0521237740903672,<div style="position: relative; width: 100%; padding-top: calc(100% / (1920/1080) + 24px);"><iframe id="beeg-embed-iframe" src="" style="position: absolute; top: 0; left: 0; width: 100%; height: 100%;color-scheme: auto;background-color: transparent;" frameborder="0" allowfullscreen referrerpolicy="unsafe-url"></iframe><script>var embedUrl = "https://beeg.link/embed/0521237740903672?utm_campaign=LUX1058150401";var referrer = document.referrer;if (referrer && referrer.replace(/^https?:\/\//i, '').split(/[\/?#]/)[0] === window.location.host) {var sep = embedUrl.indexOf('?') === -1 ? '?' : '&';embedUrl = embedUrl + sep + 'utm_source=' + encodeURIComponent(referrer);}document.getElementById('beeg-embed-iframe').src = embedUrl;</script></div>,https://beeg.link/embed/0521237740903672,1.77778,https://thumbs.externulls.com/videos/521237740903672/60.jpg,Daddy roleplay bound bdsm orgasm,476,1080p,2026-07-10,,FFeZine,"
"0849470382147423,https://beeg.link/-0849470382147423,<div style="position: relative; width: 100%; padding-top: calc(100% / (1920/1080) + 24px);"><iframe id="beeg-embed-iframe" src="" style="position: absolute; top: 0; left: 0; width: 100%; height: 100%;color-scheme: auto;background-color: transparent;" frameborder="0" allowfullscreen referrerpolicy="unsafe-url"></iframe><script>var embedUrl = "https://beeg.link/embed/0849470382147423?utm_campaign=LUX1058150401";var referrer = document.referrer;if (referrer && referrer.replace(/^https?:\/\//i, '').split(/[\/?#]/)[0] === window.location.host) {var sep = embedUrl.indexOf('?') === -1 ? '?' : '&';embedUrl = embedUrl + sep + 'utm_source=' + encodeURIComponent(referrer);}document.getElementById('beeg-embed-iframe').src = embedUrl;</script></div>,https://beeg.link/embed/0849470382147423,1.77778,https://thumbs.externulls.com/videos/849470382147423/60.jpg,Schoolgirl spanking taboo sex 47 mins,2832,1080p,2026-07-10,,FFeZine,"
"0848788940822001,https://beeg.link/-0848788940822001,<div style="position: relative; width: 100%; padding-top: calc(100% / (1920/1080) + 24px);"><iframe id="beeg-embed-iframe" src="" style="position: absolute; top: 0; left: 0; width: 100%; height: 100%;color-scheme: auto;background-color: transparent;" frameborder="0" allowfullscreen referrerpolicy="unsafe-url"></iframe><script>var embedUrl = "https://beeg.link/embed/0848788940822001?utm_campaign=LUX1058150401";var referrer = document.referrer;if (referrer && referrer.replace(/^https?:\/\//i, '').split(/[\/?#]/)[0] === window.location.host) {var sep = embedUrl.indexOf('?') === -1 ? '?' : '&';embedUrl = embedUrl + sep + 'utm_source=' + encodeURIComponent(referrer);}document.getElementById('beeg-embed-iframe').src = embedUrl;</script></div>,https://beeg.link/embed/0848788940822001,1.77778,https://thumbs.externulls.com/videos/848788940822001/60.jpg,School girl fantasy sex snow day,1547,1080p,2026-07-10,,FFeZine,"
"0847470514379507,https://beeg.link/-0847470514379507,<div style="position: relative; width: 100%; padding-top: calc(100% / (1920/1080) + 24px);"><iframe id="beeg-embed-iframe" src="" style="position: absolute; top: 0; left: 0; width: 100%; height: 100%;color-scheme: auto;background-color: transparent;" frameborder="0" allowfullscreen referrerpolicy="unsafe-url"></iframe><script>var embedUrl = "https://beeg.link/embed/0847470514379507?utm_campaign=LUX1058150401";var referrer = document.referrer;if (referrer && referrer.replace(/^https?:\/\//i, '').split(/[\/?#]/)[0] === window.location.host) {var sep = embedUrl.indexOf('?') === -1 ? '?' : '&';embedUrl = embedUrl + sep + 'utm_source=' + encodeURIComponent(referrer);}document.getElementById('beeg-embed-iframe').src = embedUrl;</script></div>,https://beeg.link/embed/0847470514379507,1.77778,https://thumbs.externulls.com/videos/847470514379507/60.jpg,Daddys girl,1568,1080p,2026-07-10,,FFeZine,"
"0569215036422684,https://beeg.link/-0569215036422684,<div style="position: relative; width: 100%; padding-top: calc(100% / (1920/1080) + 24px);"><iframe id="beeg-embed-iframe" src="" style="position: absolute; top: 0; left: 0; width: 100%; height: 100%;color-scheme: auto;background-color: transparent;" frameborder="0" allowfullscreen referrerpolicy="unsafe-url"></iframe><script>var embedUrl = "https://beeg.link/embed/0569215036422684?utm_campaign=LUX1058150401";var referrer = document.referrer;if (referrer && referrer.replace(/^https?:\/\//i, '').split(/[\/?#]/)[0] === window.location.host) {var sep = embedUrl.indexOf('?') === -1 ? '?' : '&';embedUrl = embedUrl + sep + 'utm_source=' + encodeURIComponent(referrer);}document.getElementById('beeg-embed-iframe').src = embedUrl;</script></div>,https://beeg.link/embed/0569215036422684,1.77778,https://thumbs.externulls.com/videos/569215036422684/60.jpg,Slut training,1201,1080p,2026-07-10,,FFeZine,"
"0601921939316730,https://beeg.link/-0601921939316730,<div style="position: relative; width: 100%; padding-top: calc(100% / (1920/1080) + 24px);"><iframe id="beeg-embed-iframe" src="" style="position: absolute; top: 0; left: 0; width: 100%; height: 100%;color-scheme: auto;background-color: transparent;" frameborder="0" allowfullscreen referrerpolicy="unsafe-url"></iframe><script>var embedUrl = "https://beeg.link/embed/0601921939316730?utm_campaign=LUX1058150401";var referrer = document.referrer;if (referrer && referrer.replace(/^https?:\/\//i, '').split(/[\/?#]/)[0] === window.location.host) {var sep = embedUrl.indexOf('?') === -1 ? '?' : '&';embedUrl = embedUrl + sep + 'utm_source=' + encodeURIComponent(referrer);}document.getElementById('beeg-embed-iframe').src = embedUrl;</script></div>,https://beeg.link/embed/0601921939316730,1.77778,https://thumbs.externulls.com/videos/601921939316730/60.jpg,Teddy love with daddy xxx,1776,1080p,2026-07-10,,FFeZine,"
"0814775406808921,https://beeg.link/-0814775406808921,<div style="position: relative; width: 100%; padding-top: calc(100% / (1920/1080) + 24px);"><iframe id="beeg-embed-iframe" src="" style="position: absolute; top: 0; left: 0; width: 100%; height: 100%;color-scheme: auto;background-color: transparent;" frameborder="0" allowfullscreen referrerpolicy="unsafe-url"></iframe><script>var embedUrl = "https://beeg.link/embed/0814775406808921?utm_campaign=LUX1058150401";var referrer = document.referrer;if (referrer && referrer.replace(/^https?:\/\//i, '').split(/[\/?#]/)[0] === window.location.host) {var sep = embedUrl.indexOf('?') === -1 ? '?' : '&';embedUrl = embedUrl + sep + 'utm_source=' + encodeURIComponent(referrer);}document.getElementById('beeg-embed-iframe').src = embedUrl;</script></div>,https://beeg.link/embed/0814775406808921,1.77778,https://thumbs.externulls.com/videos/814775406808921/60.jpg,One for the babygirls watchin daddys,1540,1080p,2026-07-10,,FFeZine,"
"0761919812261015,https://beeg.link/-0761919812261015,<div style="position: relative; width: 100%; padding-top: calc(100% / (1920/1080) + 24px);"><iframe id="beeg-embed-iframe" src="" style="position: absolute; top: 0; left: 0; width: 100%; height: 100%;color-scheme: auto;background-color: transparent;" frameborder="0" allowfullscreen referrerpolicy="unsafe-url"></iframe><script>var embedUrl = "https://beeg.link/embed/0761919812261015?utm_campaign=LUX1058150401";var referrer = document.referrer;if (referrer && referrer.replace(/^https?:\/\//i, '').split(/[\/?#]/)[0] === window.location.host) {var sep = embedUrl.indexOf('?') === -1 ? '?' : '&';embedUrl = embedUrl + sep + 'utm_source=' + encodeURIComponent(referrer);}document.getElementById('beeg-embed-iframe').src = embedUrl;</script></div>,https://beeg.link/embed/0761919812261015,1.77778,https://thumbs.externulls.com/videos/761919812261015/0.jpg,Fucking My Stepbrother, My Tight Pussy Made Him Cum,909,1080p,2026-07-10,,Tara Rico,POV;Latina;Babe;Real Couple;Amateur Couple;Big;Brunette"
"0664085836551806,https://beeg.link/-0664085836551806,<div style="position: relative; width: 100%; padding-top: calc(100% / (1920/1080) + 24px);"><iframe id="beeg-embed-iframe" src="" style="position: absolute; top: 0; left: 0; width: 100%; height: 100%;color-scheme: auto;background-color: transparent;" frameborder="0" allowfullscreen referrerpolicy="unsafe-url"></iframe><script>var embedUrl = "https://beeg.link/embed/0664085836551806?utm_campaign=LUX1058150401";var referrer = document.referrer;if (referrer && referrer.replace(/^https?:\/\//i, '').split(/[\/?#]/)[0] === window.location.host) {var sep = embedUrl.indexOf('?') === -1 ? '?' : '&';embedUrl = embedUrl + sep + 'utm_source=' + encodeURIComponent(referrer);}document.getElementById('beeg-embed-iframe').src = embedUrl;</script></div>,https://beeg.link/embed/0664085836551806,1.77778,https://thumbs.externulls.com/videos/664085836551806/232.jpg,First-Time Anal and Creampie,1397,1080p,2026-07-08,,Diana Rider,Homemade;POV;Anal Creampie;Missionary;Blowjob;Big;Creampie;Blonde;Anal;Babe"
"0313527727523270,https://beeg.link/-0313527727523270,<div style="position: relative; width: 100%; padding-top: calc(100% / (1920/1080) + 24px);"><iframe id="beeg-embed-iframe" src="" style="position: absolute; top: 0; left: 0; width: 100%; height: 100%;color-scheme: auto;background-color: transparent;" frameborder="0" allowfullscreen referrerpolicy="unsafe-url"></iframe><script>var embedUrl = "https://beeg.link/embed/0313527727523270?utm_campaign=LUX1058150401";var referrer = document.referrer;if (referrer && referrer.replace(/^https?:\/\//i, '').split(/[\/?#]/)[0] === window.location.host) {var sep = embedUrl.indexOf('?') === -1 ? '?' : '&';embedUrl = embedUrl + sep + 'utm_source=' + encodeURIComponent(referrer);}document.getElementById('beeg-embed-iframe').src = embedUrl;</script></div>,https://beeg.link/embed/0313527727523270,1.77778,https://thumbs.externulls.com/videos/313527727523270/85.jpg,Stranger's Unexpected Encounter Turns Intimate,692,1080p,2026-07-08,,Allinika,Cute;Innocent;18 Year Old;Massage;Tight Pussy;Russian;Kinky;Panties;Eye Contact;Alt Girl;Babe;Big;Cheating"
"0729009556747908,https://beeg.link/-0729009556747908,<div style="position: relative; width: 100%; padding-top: calc(100% / (1920/1080) + 24px);"><iframe id="beeg-embed-iframe" src="" style="position: absolute; top: 0; left: 0; width: 100%; height: 100%;color-scheme: auto;background-color: transparent;" frameborder="0" allowfullscreen referrerpolicy="unsafe-url"></iframe><script>var embedUrl = "https://beeg.link/embed/0729009556747908?utm_campaign=LUX1058150401";var referrer = document.referrer;if (referrer && referrer.replace(/^https?:\/\//i, '').split(/[\/?#]/)[0] === window.location.host) {var sep = embedUrl.indexOf('?') === -1 ? '?' : '&';embedUrl = embedUrl + sep + 'utm_source=' + encodeURIComponent(referrer);}document.getElementById('beeg-embed-iframe').src = embedUrl;</script></div>,https://beeg.link/embed/0729009556747908,1.77778,https://thumbs.externulls.com/videos/729009556747908/137.jpg,Premium Healthcare Experience with AI-Generated Imagery,605,1080p,2026-07-08,Neuro Amour,,AI-Generated"
"0143762398210792,https://beeg.link/-0143762398210792,<div style="position: relative; width: 100%; padding-top: calc(100% / (1920/1080) + 24px);"><iframe id="beeg-embed-iframe" src="" style="position: absolute; top: 0; left: 0; width: 100%; height: 100%;color-scheme: auto;background-color: transparent;" frameborder="0" allowfullscreen referrerpolicy="unsafe-url"></iframe><script>var embedUrl = "https://beeg.link/embed/0143762398210792?utm_campaign=LUX1058150401";var referrer = document.referrer;if (referrer && referrer.replace(/^https?:\/\//i, '').split(/[\/?#]/)[0] === window.location.host) {var sep = embedUrl.indexOf('?') === -1 ? '?' : '&';embedUrl = embedUrl + sep + 'utm_source=' + encodeURIComponent(referrer);}document.getElementById('beeg-embed-iframe').src = embedUrl;</script></div>,https://beeg.link/embed/0143762398210792,1.77778,https://thumbs.externulls.com/videos/143762398210792/194.jpg,Stepbrother Bet Leads to Intimate Encounter,765,1080p,2026-07-08,,Jacob Coltt;Ruth Lee,Deepthroat;Blowjob;Exclusive;Footjob;Cum;Sloppy;Petite;Hardcore;Latina;Argentina;POV;Real Couple"
"0209542753201314,https://beeg.link/-0209542753201314,<div style="position: relative; width: 100%; padding-top: calc(100% / (1920/1080) + 24px);"><iframe id="beeg-embed-iframe" src="" style="position: absolute; top: 0; left: 0; width: 100%; height: 100%;color-scheme: auto;background-color: transparent;" frameborder="0" allowfullscreen referrerpolicy="unsafe-url"></iframe><script>var embedUrl = "https://beeg.link/embed/0209542753201314?utm_campaign=LUX1058150401";var referrer = document.referrer;if (referrer && referrer.replace(/^https?:\/\//i, '').split(/[\/?#]/)[0] === window.location.host) {var sep = embedUrl.indexOf('?') === -1 ? '?' : '&';embedUrl = embedUrl + sep + 'utm_source=' + encodeURIComponent(referrer);}document.getElementById('beeg-embed-iframe').src = embedUrl;</script></div>,https://beeg.link/embed/0209542753201314,1.77778,https://thumbs.externulls.com/videos/209542753201314/303.jpg,Wife Receives Specific Instructions During Encounter,2012,1080p,2026-07-08,Hot Wife XXX,Abby Lee Brazil;Toni Ribas,HotWife;Hardcore;Wife;Creampie;Big;Blowjob;MILF"
"0334345095277071,https://beeg.link/-0334345095277071,<div style="position: relative; width: 100%; padding-top: calc(100% / (1906/1080) + 24px);"><iframe id="beeg-embed-iframe" src="" style="position: absolute; top: 0; left: 0; width: 100%; height: 100%;color-scheme: auto;background-color: transparent;" frameborder="0" allowfullscreen referrerpolicy="unsafe-url"></iframe><script>var embedUrl = "https://beeg.link/embed/0334345095277071?utm_campaign=LUX1058150401";var referrer = document.referrer;if (referrer && referrer.replace(/^https?:\/\//i, '').split(/[\/?#]/)[0] === window.location.host) {var sep = embedUrl.indexOf('?') === -1 ? '?' : '&';embedUrl = embedUrl + sep + 'utm_source=' + encodeURIComponent(referrer);}document.getElementById('beeg-embed-iframe').src = embedUrl;</script></div>,https://beeg.link/embed/0334345095277071,1.76481,https://thumbs.externulls.com/videos/334345095277071/482.jpg,Intimate encounter with a trainer in tight activewear,898,1080p,2026-07-08,,CumForKate,Babe;Creampie;POV;Big;Passionate Kissing"
"0907050098056850,https://beeg.link/-0907050098056850,<div style="position: relative; width: 100%; padding-top: calc(100% / (1920/1080) + 24px);"><iframe id="beeg-embed-iframe" src="" style="position: absolute; top: 0; left: 0; width: 100%; height: 100%;color-scheme: auto;background-color: transparent;" frameborder="0" allowfullscreen referrerpolicy="unsafe-url"></iframe><script>var embedUrl = "https://beeg.link/embed/0907050098056850?utm_campaign=LUX1058150401";var referrer = document.referrer;if (referrer && referrer.replace(/^https?:\/\//i, '').split(/[\/?#]/)[0] === window.location.host) {var sep = embedUrl.indexOf('?') === -1 ? '?' : '&';embedUrl = embedUrl + sep + 'utm_source=' + encodeURIComponent(referrer);}document.getElementById('beeg-embed-iframe').src = embedUrl;</script></div>,https://beeg.link/embed/0907050098056850,1.77778,https://thumbs.externulls.com/videos/907050098056850/220.jpg,Stepbrother returns for intimate encounter,611,1080p,2026-07-08,,My Deep Love,Babe;Homemade;Petite;Blowjob;Russian;POV;Big"
"0948487149040755,https://beeg.link/-0948487149040755,<div style="position: relative; width: 100%; padding-top: calc(100% / (1920/1080) + 24px);"><iframe id="beeg-embed-iframe" src="" style="position: absolute; top: 0; left: 0; width: 100%; height: 100%;color-scheme: auto;background-color: transparent;" frameborder="0" allowfullscreen referrerpolicy="unsafe-url"></iframe><script>var embedUrl = "https://beeg.link/embed/0948487149040755?utm_campaign=LUX1058150401";var referrer = document.referrer;if (referrer && referrer.replace(/^https?:\/\//i, '').split(/[\/?#]/)[0] === window.location.host) {var sep = embedUrl.indexOf('?') === -1 ? '?' : '&';embedUrl = embedUrl + sep + 'utm_source=' + encodeURIComponent(referrer);}document.getElementById('beeg-embed-iframe').src = embedUrl;</script></div>,https://beeg.link/embed/0948487149040755,1.77778,https://thumbs.externulls.com/videos/948487149040755/87.jpg,Coach and Player in Uniform,691,1080p,2026-07-08,,Nikky Dandeli,Uniform;Creampie;Big;POV;Big;Football;Hardcore;Brunette;Coach;Homemade;Blowjob;Role-Play;Tight Pussy"
"0147495757834610,https://beeg.link/-0147495757834610,<div style="position: relative; width: 100%; padding-top: calc(100% / (1906/1080) + 24px);"><iframe id="beeg-embed-iframe" src="" style="position: absolute; top: 0; left: 0; width: 100%; height: 100%;color-scheme: auto;background-color: transparent;" frameborder="0" allowfullscreen referrerpolicy="unsafe-url"></iframe><script>var embedUrl = "https://beeg.link/embed/0147495757834610?utm_campaign=LUX1058150401";var referrer = document.referrer;if (referrer && referrer.replace(/^https?:\/\//i, '').split(/[\/?#]/)[0] === window.location.host) {var sep = embedUrl.indexOf('?') === -1 ? '?' : '&';embedUrl = embedUrl + sep + 'utm_source=' + encodeURIComponent(referrer);}document.getElementById('beeg-embed-iframe').src = embedUrl;</script></div>,https://beeg.link/embed/0147495757834610,1.76481,https://thumbs.externulls.com/videos/147495757834610/336.jpg,Sensual Threesome Explores Intimate Desires,1893,1080p,2026-07-08,NF Busty,Emily Addison;Skylar Snow;Skye Blue;Mona Azar,Pussy Licking;Redhead;Female Orgasm;Cosplay;Cumshot;Big;Big;Blowjob;Deepthroat"
"0317181717993198,https://beeg.link/-0317181717993198,<div style="position: relative; width: 100%; padding-top: calc(100% / (1920/1080) + 24px);"><iframe id="beeg-embed-iframe" src="" style="position: absolute; top: 0; left: 0; width: 100%; height: 100%;color-scheme: auto;background-color: transparent;" frameborder="0" allowfullscreen referrerpolicy="unsafe-url"></iframe><script>var embedUrl = "https://beeg.link/embed/0317181717993198?utm_campaign=LUX1058150401";var referrer = document.referrer;if (referrer && referrer.replace(/^https?:\/\//i, '').split(/[\/?#]/)[0] === window.location.host) {var sep = embedUrl.indexOf('?') === -1 ? '?' : '&';embedUrl = embedUrl + sep + 'utm_source=' + encodeURIComponent(referrer);}document.getElementById('beeg-embed-iframe').src = embedUrl;</script></div>,https://beeg.link/embed/0317181717993198,1.77778,https://thumbs.externulls.com/videos/317181717993198/190.jpg,Hardcore Anal and Throat Scene with Close-Up Details,1193,1080p,2026-07-08,,DreamIn Skies,Sloppy Blowjob;Cum On Ass;Pussy To Ass;Blowjob;Cumshot;Close-Up;Anal;Hardcore;Slapping;Face Fuck"
"0619536176728445,https://beeg.link/-0619536176728445,<div style="position: relative; width: 100%; padding-top: calc(100% / (1920/1080) + 24px);"><iframe id="beeg-embed-iframe" src="" style="position: absolute; top: 0; left: 0; width: 100%; height: 100%;color-scheme: auto;background-color: transparent;" frameborder="0" allowfullscreen referrerpolicy="unsafe-url"></iframe><script>var embedUrl = "https://beeg.link/embed/0619536176728445?utm_campaign=LUX1058150401";var referrer = document.referrer;if (referrer && referrer.replace(/^https?:\/\//i, '').split(/[\/?#]/)[0] === window.location.host) {var sep = embedUrl.indexOf('?') === -1 ? '?' : '&';embedUrl = embedUrl + sep + 'utm_source=' + encodeURIComponent(referrer);}document.getElementById('beeg-embed-iframe').src = embedUrl;</script></div>,https://beeg.link/embed/0619536176728445,1.77778,https://thumbs.externulls.com/videos/619536176728445/0.jpg,Big Ass Stepmom Enjoys Her Stepson What Her Husband Won't Give Her - Thiago L...,1274,1080p,2026-07-08,,Thiago Lopez,Cumshot;Blowjob;Role-Play;MILF;Latina;Big"
"0204951523516028,https://beeg.link/-0204951523516028,<div style="position: relative; width: 100%; padding-top: calc(100% / (1920/1080) + 24px);"><iframe id="beeg-embed-iframe" src="" style="position: absolute; top: 0; left: 0; width: 100%; height: 100%;color-scheme: auto;background-color: transparent;" frameborder="0" allowfullscreen referrerpolicy="unsafe-url"></iframe><script>var embedUrl = "https://beeg.link/embed/0204951523516028?utm_campaign=LUX1058150401";var referrer = document.referrer;if (referrer && referrer.replace(/^https?:\/\//i, '').split(/[\/?#]/)[0] === window.location.host) {var sep = embedUrl.indexOf('?') === -1 ? '?' : '&';embedUrl = embedUrl + sep + 'utm_source=' + encodeURIComponent(referrer);}document.getElementById('beeg-embed-iframe').src = embedUrl;</script></div>,https://beeg.link/embed/0204951523516028,1.77778,https://thumbs.externulls.com/videos/204951523516028/0.jpg,Big Ass Stepmom Agrees to Share Bed with Stepson - Thiago Lopez &,615,1080p,2026-07-08,,Thiago Lopez;Montse Swinger;Christian Chaux,Big;Cumshot;Big;Latina;MILF"
"0842254708464134,https://beeg.link/-0842254708464134,<div style="position: relative; width: 100%; padding-top: calc(100% / (1920/1080) + 24px);"><iframe id="beeg-embed-iframe" src="" style="position: absolute; top: 0; left: 0; width: 100%; height: 100%;color-scheme: auto;background-color: transparent;" frameborder="0" allowfullscreen referrerpolicy="unsafe-url"></iframe><script>var embedUrl = "https://beeg.link/embed/0842254708464134?utm_campaign=LUX1058150401";var referrer = document.referrer;if (referrer && referrer.replace(/^https?:\/\//i, '').split(/[\/?#]/)[0] === window.location.host) {var sep = embedUrl.indexOf('?') === -1 ? '?' : '&';embedUrl = embedUrl + sep + 'utm_source=' + encodeURIComponent(referrer);}document.getElementById('beeg-embed-iframe').src = embedUrl;</script></div>,https://beeg.link/embed/0842254708464134,1.77778,https://thumbs.externulls.com/videos/842254708464134/0.jpg,My Mother Leaves Me at Home with the Housekeeper Who is a Hot Ass Milf - Sara...,822,1080p,2026-07-08,,Thiago Lopez,MILF;Big;Hardcore;Cumshot;Latina"
"0245378059365179,https://beeg.link/-0245378059365179,<div style="position: relative; width: 100%; padding-top: calc(100% / (1920/1080) + 24px);"><iframe id="beeg-embed-iframe" src="" style="position: absolute; top: 0; left: 0; width: 100%; height: 100%;color-scheme: auto;background-color: transparent;" frameborder="0" allowfullscreen referrerpolicy="unsafe-url"></iframe><script>var embedUrl = "https://beeg.link/embed/0245378059365179?utm_campaign=LUX1058150401";var referrer = document.referrer;if (referrer && referrer.replace(/^https?:\/\//i, '').split(/[\/?#]/)[0] === window.location.host) {var sep = embedUrl.indexOf('?') === -1 ? '?' : '&';embedUrl = embedUrl + sep + 'utm_source=' + encodeURIComponent(referrer);}document.getElementById('beeg-embed-iframe').src = embedUrl;</script></div>,https://beeg.link/embed/0245378059365179,1.77778,https://thumbs.externulls.com/videos/245378059365179/0.jpg,Big Ass Stepmom Teaches Her Stepdaughter how to Ride a Cock Using Boyfriend's...,1107,1080p,2026-07-08,,Ema Ribeiro;Thiago Lopez,MILF;Big;Big;Cumshot;Role-Play;Latina"
"0576926102437456,https://beeg.link/-0576926102437456,<div style="position: relative; width: 100%; padding-top: calc(100% / (1920/1080) + 24px);"><iframe id="beeg-embed-iframe" src="" style="position: absolute; top: 0; left: 0; width: 100%; height: 100%;color-scheme: auto;background-color: transparent;" frameborder="0" allowfullscreen referrerpolicy="unsafe-url"></iframe><script>var embedUrl = "https://beeg.link/embed/0576926102437456?utm_campaign=LUX1058150401";var referrer = document.referrer;if (referrer && referrer.replace(/^https?:\/\//i, '').split(/[\/?#]/)[0] === window.location.host) {var sep = embedUrl.indexOf('?') === -1 ? '?' : '&';embedUrl = embedUrl + sep + 'utm_source=' + encodeURIComponent(referrer);}document.getElementById('beeg-embed-iframe').src = embedUrl;</script></div>,https://beeg.link/embed/0576926102437456,1.77778,https://thumbs.externulls.com/videos/576926102437456/0.jpg,Internet Service Worker Thiago Lopez Hooks Up Wifi to Busty Milf Daniela Gomez,1183,1080p,2026-07-08,,Thiago Lopez,Hardcore;Big;Role-Play;MILF;Latina"
"0632569765559054,https://beeg.link/-0632569765559054,<div style="position: relative; width: 100%; padding-top: calc(100% / (1920/1080) + 24px);"><iframe id="beeg-embed-iframe" src="" style="position: absolute; top: 0; left: 0; width: 100%; height: 100%;color-scheme: auto;background-color: transparent;" frameborder="0" allowfullscreen referrerpolicy="unsafe-url"></iframe><script>var embedUrl = "https://beeg.link/embed/0632569765559054?utm_campaign=LUX1058150401";var referrer = document.referrer;if (referrer && referrer.replace(/^https?:\/\//i, '').split(/[\/?#]/)[0] === window.location.host) {var sep = embedUrl.indexOf('?') === -1 ? '?' : '&';embedUrl = embedUrl + sep + 'utm_source=' + encodeURIComponent(referrer);}document.getElementById('beeg-embed-iframe').src = embedUrl;</script></div>,https://beeg.link/embed/0632569765559054,1.77778,https://thumbs.externulls.com/videos/632569765559054/0.jpg,Stepchild Pleases Neglected Stepmother,789,1080p,2026-07-08,,Lina Henao;Thiago Lopez;Thiago Lopez,Colombian;Latina;MILF;Role-Play;Huge;Spread Eagle;Cumshot;Big;Big;Cowgirl;Cuckold;Blowjob;Brunette"
"0680365867677258,https://beeg.link/-0680365867677258,<div style="position: relative; width: 100%; padding-top: calc(100% / (1920/1080) + 24px);"><iframe id="beeg-embed-iframe" src="" style="position: absolute; top: 0; left: 0; width: 100%; height: 100%;color-scheme: auto;background-color: transparent;" frameborder="0" allowfullscreen referrerpolicy="unsafe-url"></iframe><script>var embedUrl = "https://beeg.link/embed/0680365867677258?utm_campaign=LUX1058150401";var referrer = document.referrer;if (referrer && referrer.replace(/^https?:\/\//i, '').split(/[\/?#]/)[0] === window.location.host) {var sep = embedUrl.indexOf('?') === -1 ? '?' : '&';embedUrl = embedUrl + sep + 'utm_source=' + encodeURIComponent(referrer);}document.getElementById('beeg-embed-iframe').src = embedUrl;</script></div>,https://beeg.link/embed/0680365867677258,1.77778,https://thumbs.externulls.com/videos/680365867677258/0.jpg,My Father Doesn't Know that when He's not around I Fuck the Big Ass Housekeep...,1298,1080p,2026-07-08,,Thiago Lopez;Lina Henao,Big;Role-Play;Latina;Big;Hardcore"
"0730954661166413,https://beeg.link/-0730954661166413,<div style="position: relative; width: 100%; padding-top: calc(100% / (1920/1080) + 24px);"><iframe id="beeg-embed-iframe" src="" style="position: absolute; top: 0; left: 0; width: 100%; height: 100%;color-scheme: auto;background-color: transparent;" frameborder="0" allowfullscreen referrerpolicy="unsafe-url"></iframe><script>var embedUrl = "https://beeg.link/embed/0730954661166413?utm_campaign=LUX1058150401";var referrer = document.referrer;if (referrer && referrer.replace(/^https?:\/\//i, '').split(/[\/?#]/)[0] === window.location.host) {var sep = embedUrl.indexOf('?') === -1 ? '?' : '&';embedUrl = embedUrl + sep + 'utm_source=' + encodeURIComponent(referrer);}document.getElementById('beeg-embed-iframe').src = embedUrl;</script></div>,https://beeg.link/embed/0730954661166413,1.77778,https://thumbs.externulls.com/videos/730954661166413/0.jpg,I Fuck My Busty Neighbor with Her Black Husband and I Cum Very Hard Part 2,668,1080p,2026-07-08,,Thiago Lopez,Hardcore;Big;Latina;Big;Cumshot"
"0426735168452231,https://beeg.link/-0426735168452231,<div style="position: relative; width: 100%; padding-top: calc(100% / (1920/1080) + 24px);"><iframe id="beeg-embed-iframe" src="" style="position: absolute; top: 0; left: 0; width: 100%; height: 100%;color-scheme: auto;background-color: transparent;" frameborder="0" allowfullscreen referrerpolicy="unsafe-url"></iframe><script>var embedUrl = "https://beeg.link/embed/0426735168452231?utm_campaign=LUX1058150401";var referrer = document.referrer;if (referrer && referrer.replace(/^https?:\/\//i, '').split(/[\/?#]/)[0] === window.location.host) {var sep = embedUrl.indexOf('?') === -1 ? '?' : '&';embedUrl = embedUrl + sep + 'utm_source=' + encodeURIComponent(referrer);}document.getElementById('beeg-embed-iframe').src = embedUrl;</script></div>,https://beeg.link/embed/0426735168452231,1.77778,https://thumbs.externulls.com/videos/426735168452231/0.jpg,Stepfamily Friend's Intense Role-Play Encounter,747,1080p,2026-07-08,,Thiago Lopez;Lina Henao;Thiago Lopez,Cowgirl;Brunette;Big;Blowjob;Role-Play;Big;Colombian;Latina;MILF;Missionary"
"0932035205616085,https://beeg.link/-0932035205616085,<div style="position: relative; width: 100%; padding-top: calc(100% / (1920/1080) + 24px);"><iframe id="beeg-embed-iframe" src="" style="position: absolute; top: 0; left: 0; width: 100%; height: 100%;color-scheme: auto;background-color: transparent;" frameborder="0" allowfullscreen referrerpolicy="unsafe-url"></iframe><script>var embedUrl = "https://beeg.link/embed/0932035205616085?utm_campaign=LUX1058150401";var referrer = document.referrer;if (referrer && referrer.replace(/^https?:\/\//i, '').split(/[\/?#]/)[0] === window.location.host) {var sep = embedUrl.indexOf('?') === -1 ? '?' : '&';embedUrl = embedUrl + sep + 'utm_source=' + encodeURIComponent(referrer);}document.getElementById('beeg-embed-iframe').src = embedUrl;</script></div>,https://beeg.link/embed/0932035205616085,1.77778,https://thumbs.externulls.com/videos/932035205616085/0.jpg,Step-siblings Share a Bed because They have no Other Option! will Everything ...,1503,1080p,2026-07-08,,Thiago Lopez,Latina;Big;BBW;Big;MILF;Role-Play;Blowjob;Cumshot"
"0273465515930650,https://beeg.link/-0273465515930650,<div style="position: relative; width: 100%; padding-top: calc(100% / (1920/1080) + 24px);"><iframe id="beeg-embed-iframe" src="" style="position: absolute; top: 0; left: 0; width: 100%; height: 100%;color-scheme: auto;background-color: transparent;" frameborder="0" allowfullscreen referrerpolicy="unsafe-url"></iframe><script>var embedUrl = "https://beeg.link/embed/0273465515930650?utm_campaign=LUX1058150401";var referrer = document.referrer;if (referrer && referrer.replace(/^https?:\/\//i, '').split(/[\/?#]/)[0] === window.location.host) {var sep = embedUrl.indexOf('?') === -1 ? '?' : '&';embedUrl = embedUrl + sep + 'utm_source=' + encodeURIComponent(referrer);}document.getElementById('beeg-embed-iframe').src = embedUrl;</script></div>,https://beeg.link/embed/0273465515930650,1.77778,https://thumbs.externulls.com/videos/273465515930650/0.jpg,Fuck Me Slowly so My Stepmom Doesn't Listen! Funny Bisexual Threesome with Tw...,1812,1080p,2026-07-08,,Thiago Lopez,Cumshot;Big;Hardcore;Big;Latina;MILF"
"0179264104626405,https://beeg.link/-0179264104626405,<div style="position: relative; width: 100%; padding-top: calc(100% / (1920/1080) + 24px);"><iframe id="beeg-embed-iframe" src="" style="position: absolute; top: 0; left: 0; width: 100%; height: 100%;color-scheme: auto;background-color: transparent;" frameborder="0" allowfullscreen referrerpolicy="unsafe-url"></iframe><script>var embedUrl = "https://beeg.link/embed/0179264104626405?utm_campaign=LUX1058150401";var referrer = document.referrer;if (referrer && referrer.replace(/^https?:\/\//i, '').split(/[\/?#]/)[0] === window.location.host) {var sep = embedUrl.indexOf('?') === -1 ? '?' : '&';embedUrl = embedUrl + sep + 'utm_source=' + encodeURIComponent(referrer);}document.getElementById('beeg-embed-iframe').src = embedUrl;</script></div>,https://beeg.link/embed/0179264104626405,1.77778,https://thumbs.externulls.com/videos/179264104626405/0.jpg,Busty Girlfriends End Up in Threesome with Tattooed Boyfriend after Being Cau...,1358,1080p,2026-07-08,,Thiago Lopez,Latina;Big;MILF;Redhead;Blowjob;Big"
"0676150217557860,https://beeg.link/-0676150217557860,<div style="position: relative; width: 100%; padding-top: calc(100% / (1920/1080) + 24px);"><iframe id="beeg-embed-iframe" src="" style="position: absolute; top: 0; left: 0; width: 100%; height: 100%;color-scheme: auto;background-color: transparent;" frameborder="0" allowfullscreen referrerpolicy="unsafe-url"></iframe><script>var embedUrl = "https://beeg.link/embed/0676150217557860?utm_campaign=LUX1058150401";var referrer = document.referrer;if (referrer && referrer.replace(/^https?:\/\//i, '').split(/[\/?#]/)[0] === window.location.host) {var sep = embedUrl.indexOf('?') === -1 ? '?' : '&';embedUrl = embedUrl + sep + 'utm_source=' + encodeURIComponent(referrer);}document.getElementById('beeg-embed-iframe').src = embedUrl;</script></div>,https://beeg.link/embed/0676150217557860,1.77778,https://thumbs.externulls.com/videos/676150217557860/0.jpg,Threesome with Busty Milf Silvana Lee My Wife's Best Friend Celeste Alba,1635,1080p,2026-07-08,,Thiago Lopez,Hardcore;Babe;Big;Big"
"0564745410611443,https://beeg.link/-0564745410611443,<div style="position: relative; width: 100%; padding-top: calc(100% / (1920/1080) + 24px);"><iframe id="beeg-embed-iframe" src="" style="position: absolute; top: 0; left: 0; width: 100%; height: 100%;color-scheme: auto;background-color: transparent;" frameborder="0" allowfullscreen referrerpolicy="unsafe-url"></iframe><script>var embedUrl = "https://beeg.link/embed/0564745410611443?utm_campaign=LUX1058150401";var referrer = document.referrer;if (referrer && referrer.replace(/^https?:\/\//i, '').split(/[\/?#]/)[0] === window.location.host) {var sep = embedUrl.indexOf('?') === -1 ? '?' : '&';embedUrl = embedUrl + sep + 'utm_source=' + encodeURIComponent(referrer);}document.getElementById('beeg-embed-iframe').src = embedUrl;</script></div>,https://beeg.link/embed/0564745410611443,1.77778,https://thumbs.externulls.com/videos/564745410611443/0.jpg,My Busty Neighbor and Her Husband with Huge Cock Invite Me to a Threesome and...,1510,1080p,2026-07-08,,Thiago Lopez,Interracial;Hardcore;Big"
"0301105146809733,https://beeg.link/-0301105146809733,<div style="position: relative; width: 100%; padding-top: calc(100% / (1920/1080) + 24px);"><iframe id="beeg-embed-iframe" src="" style="position: absolute; top: 0; left: 0; width: 100%; height: 100%;color-scheme: auto;background-color: transparent;" frameborder="0" allowfullscreen referrerpolicy="unsafe-url"></iframe><script>var embedUrl = "https://beeg.link/embed/0301105146809733?utm_campaign=LUX1058150401";var referrer = document.referrer;if (referrer && referrer.replace(/^https?:\/\//i, '').split(/[\/?#]/)[0] === window.location.host) {var sep = embedUrl.indexOf('?') === -1 ? '?' : '&';embedUrl = embedUrl + sep + 'utm_source=' + encodeURIComponent(referrer);}document.getElementById('beeg-embed-iframe').src = embedUrl;</script></div>,https://beeg.link/embed/0301105146809733,1.77778,https://thumbs.externulls.com/videos/301105146809733/0.jpg,Stepfamily Bed Sharing Leads to Intimate Encounter,1030,1080p,2026-07-08,,Lina Henao;Thiago Lopez;Thiago Lopez,MILF;Missionary;Cowgirl;Big;Colombian;Cuckold;Latina;Role-Play;Brunette;Big"
"0782724234947676,https://beeg.link/-0782724234947676,<div style="position: relative; width: 100%; padding-top: calc(100% / (1920/1080) + 24px);"><iframe id="beeg-embed-iframe" src="" style="position: absolute; top: 0; left: 0; width: 100%; height: 100%;color-scheme: auto;background-color: transparent;" frameborder="0" allowfullscreen referrerpolicy="unsafe-url"></iframe><script>var embedUrl = "https://beeg.link/embed/0782724234947676?utm_campaign=LUX1058150401";var referrer = document.referrer;if (referrer && referrer.replace(/^https?:\/\//i, '').split(/[\/?#]/)[0] === window.location.host) {var sep = embedUrl.indexOf('?') === -1 ? '?' : '&';embedUrl = embedUrl + sep + 'utm_source=' + encodeURIComponent(referrer);}document.getElementById('beeg-embed-iframe').src = embedUrl;</script></div>,https://beeg.link/embed/0782724234947676,1.77778,https://thumbs.externulls.com/videos/782724234947676/0.jpg,Big-assed Stepmom Ends Up Fucking Her Skinny Stepson after Spying on Him in t...,961,1080p,2026-07-08,,Thiago Lopez,Cumshot;Blowjob;Big;Latina;MILF;Role-Play;Small"
"0289307300272856,https://beeg.link/-0289307300272856,<div style="position: relative; width: 100%; padding-top: calc(100% / (1920/1080) + 24px);"><iframe id="beeg-embed-iframe" src="" style="position: absolute; top: 0; left: 0; width: 100%; height: 100%;color-scheme: auto;background-color: transparent;" frameborder="0" allowfullscreen referrerpolicy="unsafe-url"></iframe><script>var embedUrl = "https://beeg.link/embed/0289307300272856?utm_campaign=LUX1058150401";var referrer = document.referrer;if (referrer && referrer.replace(/^https?:\/\//i, '').split(/[\/?#]/)[0] === window.location.host) {var sep = embedUrl.indexOf('?') === -1 ? '?' : '&';embedUrl = embedUrl + sep + 'utm_source=' + encodeURIComponent(referrer);}document.getElementById('beeg-embed-iframe').src = embedUrl;</script></div>,https://beeg.link/embed/0289307300272856,1.77778,https://thumbs.externulls.com/videos/289307300272856/0.jpg,Incredible Redhead Stepsister Dominates Her Stepbrother and Fucks Him with a ...,963,1080p,2026-07-08,,Thiago Lopez,Latina;Big;Cumshot;Big;Redhead;Blowjob;Pussy Licking"
"0755410560996107,https://beeg.link/-0755410560996107,<div style="position: relative; width: 100%; padding-top: calc(100% / (1920/1080) + 24px);"><iframe id="beeg-embed-iframe" src="" style="position: absolute; top: 0; left: 0; width: 100%; height: 100%;color-scheme: auto;background-color: transparent;" frameborder="0" allowfullscreen referrerpolicy="unsafe-url"></iframe><script>var embedUrl = "https://beeg.link/embed/0755410560996107?utm_campaign=LUX1058150401";var referrer = document.referrer;if (referrer && referrer.replace(/^https?:\/\//i, '').split(/[\/?#]/)[0] === window.location.host) {var sep = embedUrl.indexOf('?') === -1 ? '?' : '&';embedUrl = embedUrl + sep + 'utm_source=' + encodeURIComponent(referrer);}document.getElementById('beeg-embed-iframe').src = embedUrl;</script></div>,https://beeg.link/embed/0755410560996107,1.77778,https://thumbs.externulls.com/videos/755410560996107/0.jpg,Busty Secretary Knows how to Earn Extra Money by Fucking the Boss's Son,1098,1080p,2026-07-08,,Lina Henao;Thiago Lopez,Big;Blowjob;MILF;Latina;Big;Brunette;Cumshot"
"0879690942310779,https://beeg.link/-0879690942310779,<div style="position: relative; width: 100%; padding-top: calc(100% / (1920/1080) + 24px);"><iframe id="beeg-embed-iframe" src="" style="position: absolute; top: 0; left: 0; width: 100%; height: 100%;color-scheme: auto;background-color: transparent;" frameborder="0" allowfullscreen referrerpolicy="unsafe-url"></iframe><script>var embedUrl = "https://beeg.link/embed/0879690942310779?utm_campaign=LUX1058150401";var referrer = document.referrer;if (referrer && referrer.replace(/^https?:\/\//i, '').split(/[\/?#]/)[0] === window.location.host) {var sep = embedUrl.indexOf('?') === -1 ? '?' : '&';embedUrl = embedUrl + sep + 'utm_source=' + encodeURIComponent(referrer);}document.getElementById('beeg-embed-iframe').src = embedUrl;</script></div>,https://beeg.link/embed/0879690942310779,1.77778,https://thumbs.externulls.com/videos/879690942310779/0.jpg,Stepbrothers Share a Room after many Years of not Seeing Each Other - Some Th...,1533,1080p,2026-07-08,,Thiago Lopez,Cumshot;Redhead;Latina;Big;Babe;Role-Play;Big"
"0311535779148768,https://beeg.link/-0311535779148768,<div style="position: relative; width: 100%; padding-top: calc(100% / (1920/1080) + 24px);"><iframe id="beeg-embed-iframe" src="" style="position: absolute; top: 0; left: 0; width: 100%; height: 100%;color-scheme: auto;background-color: transparent;" frameborder="0" allowfullscreen referrerpolicy="unsafe-url"></iframe><script>var embedUrl = "https://beeg.link/embed/0311535779148768?utm_campaign=LUX1058150401";var referrer = document.referrer;if (referrer && referrer.replace(/^https?:\/\//i, '').split(/[\/?#]/)[0] === window.location.host) {var sep = embedUrl.indexOf('?') === -1 ? '?' : '&';embedUrl = embedUrl + sep + 'utm_source=' + encodeURIComponent(referrer);}document.getElementById('beeg-embed-iframe').src = embedUrl;</script></div>,https://beeg.link/embed/0311535779148768,1.77778,https://thumbs.externulls.com/videos/311535779148768/0.jpg,Shameless Stepmother Fucks Her Stepson while Her Husband Goes Out to Take a Call,835,1080p,2026-07-08,,Thiago Lopez,Small;Latina;Big;Cumshot;MILF"
"0535586811378880,https://beeg.link/-0535586811378880,<div style="position: relative; width: 100%; padding-top: calc(100% / (1920/1080) + 24px);"><iframe id="beeg-embed-iframe" src="" style="position: absolute; top: 0; left: 0; width: 100%; height: 100%;color-scheme: auto;background-color: transparent;" frameborder="0" allowfullscreen referrerpolicy="unsafe-url"></iframe><script>var embedUrl = "https://beeg.link/embed/0535586811378880?utm_campaign=LUX1058150401";var referrer = document.referrer;if (referrer && referrer.replace(/^https?:\/\//i, '').split(/[\/?#]/)[0] === window.location.host) {var sep = embedUrl.indexOf('?') === -1 ? '?' : '&';embedUrl = embedUrl + sep + 'utm_source=' + encodeURIComponent(referrer);}document.getElementById('beeg-embed-iframe').src = embedUrl;</script></div>,https://beeg.link/embed/0535586811378880,1.77778,https://thumbs.externulls.com/videos/535586811378880/0.jpg,Step Son Shares Bed with His Big Ass Stepmom - Sexy Milf Silvana Lee,1154,1080p,2026-07-08,,Thiago Lopez;Silvana Lee,Cumshot;Big;Blowjob;MILF;Latina;Big"
"0377041374085257,https://beeg.link/-0377041374085257,<div style="position: relative; width: 100%; padding-top: calc(100% / (1920/1080) + 24px);"><iframe id="beeg-embed-iframe" src="" style="position: absolute; top: 0; left: 0; width: 100%; height: 100%;color-scheme: auto;background-color: transparent;" frameborder="0" allowfullscreen referrerpolicy="unsafe-url"></iframe><script>var embedUrl = "https://beeg.link/embed/0377041374085257?utm_campaign=LUX1058150401";var referrer = document.referrer;if (referrer && referrer.replace(/^https?:\/\//i, '').split(/[\/?#]/)[0] === window.location.host) {var sep = embedUrl.indexOf('?') === -1 ? '?' : '&';embedUrl = embedUrl + sep + 'utm_source=' + encodeURIComponent(referrer);}document.getElementById('beeg-embed-iframe').src = embedUrl;</script></div>,https://beeg.link/embed/0377041374085257,1.77778,https://thumbs.externulls.com/videos/377041374085257/0.jpg,I Fuck My Girlfriend's Busty Best Friend in Her Face and She Doesn't Realize It,1346,1080p,2026-07-08,,Thiago Lopez,Brunette;Latina;Cumshot;Big"
"0513299843507165,https://beeg.link/-0513299843507165,<div style="position: relative; width: 100%; padding-top: calc(100% / (1920/1080) + 24px);"><iframe id="beeg-embed-iframe" src="" style="position: absolute; top: 0; left: 0; width: 100%; height: 100%;color-scheme: auto;background-color: transparent;" frameborder="0" allowfullscreen referrerpolicy="unsafe-url"></iframe><script>var embedUrl = "https://beeg.link/embed/0513299843507165?utm_campaign=LUX1058150401";var referrer = document.referrer;if (referrer && referrer.replace(/^https?:\/\//i, '').split(/[\/?#]/)[0] === window.location.host) {var sep = embedUrl.indexOf('?') === -1 ? '?' : '&';embedUrl = embedUrl + sep + 'utm_source=' + encodeURIComponent(referrer);}document.getElementById('beeg-embed-iframe').src = embedUrl;</script></div>,https://beeg.link/embed/0513299843507165,1.77778,https://thumbs.externulls.com/videos/513299843507165/0.jpg,Busty Stepmom gets Stuck and Her Stepson Gives Her a Hand - He Gives Her His ...,871,1080p,2026-07-08,,Thiago Lopez,Role-Play;Blowjob;Big;Big;Latina;Pussy Licking;MILF"
"0177193816276913,https://beeg.link/-0177193816276913,<div style="position: relative; width: 100%; padding-top: calc(100% / (1920/1080) + 24px);"><iframe id="beeg-embed-iframe" src="" style="position: absolute; top: 0; left: 0; width: 100%; height: 100%;color-scheme: auto;background-color: transparent;" frameborder="0" allowfullscreen referrerpolicy="unsafe-url"></iframe><script>var embedUrl = "https://beeg.link/embed/0177193816276913?utm_campaign=LUX1058150401";var referrer = document.referrer;if (referrer && referrer.replace(/^https?:\/\//i, '').split(/[\/?#]/)[0] === window.location.host) {var sep = embedUrl.indexOf('?') === -1 ? '?' : '&';embedUrl = embedUrl + sep + 'utm_source=' + encodeURIComponent(referrer);}document.getElementById('beeg-embed-iframe').src = embedUrl;</script></div>,https://beeg.link/embed/0177193816276913,1.77778,https://thumbs.externulls.com/videos/177193816276913/0.jpg,Teen Finds Dirty Pictures on His Hot Stepsister's Mobile Phone and Convinces ...,1452,1080p,2026-07-08,,Thiago Lopez,Cumshot;Small;Hardcore;Latina"
"0890795253457454,https://beeg.link/-0890795253457454,<div style="position: relative; width: 100%; padding-top: calc(100% / (1920/1080) + 24px);"><iframe id="beeg-embed-iframe" src="" style="position: absolute; top: 0; left: 0; width: 100%; height: 100%;color-scheme: auto;background-color: transparent;" frameborder="0" allowfullscreen referrerpolicy="unsafe-url"></iframe><script>var embedUrl = "https://beeg.link/embed/0890795253457454?utm_campaign=LUX1058150401";var referrer = document.referrer;if (referrer && referrer.replace(/^https?:\/\//i, '').split(/[\/?#]/)[0] === window.location.host) {var sep = embedUrl.indexOf('?') === -1 ? '?' : '&';embedUrl = embedUrl + sep + 'utm_source=' + encodeURIComponent(referrer);}document.getElementById('beeg-embed-iframe').src = embedUrl;</script></div>,https://beeg.link/embed/0890795253457454,1.77778,https://thumbs.externulls.com/videos/890795253457454/0.jpg,What a Shame! - Big-breasted Stepmother Catches Her Stepson Masturbating,960,1080p,2026-07-08,,Thiago Lopez;Silvana Lee,Masturbation;Big;Big;Blowjob;Role-Play;MILF;Latina"
"0237229768627951,https://beeg.link/-0237229768627951,<div style="position: relative; width: 100%; padding-top: calc(100% / (1920/1080) + 24px);"><iframe id="beeg-embed-iframe" src="" style="position: absolute; top: 0; left: 0; width: 100%; height: 100%;color-scheme: auto;background-color: transparent;" frameborder="0" allowfullscreen referrerpolicy="unsafe-url"></iframe><script>var embedUrl = "https://beeg.link/embed/0237229768627951?utm_campaign=LUX1058150401";var referrer = document.referrer;if (referrer && referrer.replace(/^https?:\/\//i, '').split(/[\/?#]/)[0] === window.location.host) {var sep = embedUrl.indexOf('?') === -1 ? '?' : '&';embedUrl = embedUrl + sep + 'utm_source=' + encodeURIComponent(referrer);}document.getElementById('beeg-embed-iframe').src = embedUrl;</script></div>,https://beeg.link/embed/0237229768627951,1.77778,https://thumbs.externulls.com/videos/237229768627951/0.jpg,I Fuck My Girlfriend's Friend and She Discovers Us! She Likes It and Joins Us...,1738,1080p,2026-07-08,,Thiago Lopez,Big;Latina;Big;Blowjob;MILF;Masturbation"
"0492210817772233,https://beeg.link/-0492210817772233,<div style="position: relative; width: 100%; padding-top: calc(100% / (1920/1080) + 24px);"><iframe id="beeg-embed-iframe" src="" style="position: absolute; top: 0; left: 0; width: 100%; height: 100%;color-scheme: auto;background-color: transparent;" frameborder="0" allowfullscreen referrerpolicy="unsafe-url"></iframe><script>var embedUrl = "https://beeg.link/embed/0492210817772233?utm_campaign=LUX1058150401";var referrer = document.referrer;if (referrer && referrer.replace(/^https?:\/\//i, '').split(/[\/?#]/)[0] === window.location.host) {var sep = embedUrl.indexOf('?') === -1 ? '?' : '&';embedUrl = embedUrl + sep + 'utm_source=' + encodeURIComponent(referrer);}document.getElementById('beeg-embed-iframe').src = embedUrl;</script></div>,https://beeg.link/embed/0492210817772233,1.77778,https://thumbs.externulls.com/videos/492210817772233/0.jpg,What Might Happen if a Stepmother Shares a Bed with Her Stepson in the Hotel?,1771,1080p,2026-07-08,,Thiago Lopez,Blowjob;Big;Small;MILF;Latina"
"0450212457704456,https://beeg.link/-0450212457704456,<div style="position: relative; width: 100%; padding-top: calc(100% / (1920/1080) + 24px);"><iframe id="beeg-embed-iframe" src="" style="position: absolute; top: 0; left: 0; width: 100%; height: 100%;color-scheme: auto;background-color: transparent;" frameborder="0" allowfullscreen referrerpolicy="unsafe-url"></iframe><script>var embedUrl = "https://beeg.link/embed/0450212457704456?utm_campaign=LUX1058150401";var referrer = document.referrer;if (referrer && referrer.replace(/^https?:\/\//i, '').split(/[\/?#]/)[0] === window.location.host) {var sep = embedUrl.indexOf('?') === -1 ? '?' : '&';embedUrl = embedUrl + sep + 'utm_source=' + encodeURIComponent(referrer);}document.getElementById('beeg-embed-iframe').src = embedUrl;</script></div>,https://beeg.link/embed/0450212457704456,1.77778,https://thumbs.externulls.com/videos/450212457704456/0.jpg,Busty Masseuse Relieves My Knee Pain by Massaging My Cock - Daniela Gomez &,747,1080p,2026-07-08,,Thiago Lopez,Big;Role-Play;Cumshot;Latina;MILF"
"0354863119615904,https://beeg.link/-0354863119615904,<div style="position: relative; width: 100%; padding-top: calc(100% / (1920/1080) + 24px);"><iframe id="beeg-embed-iframe" src="" style="position: absolute; top: 0; left: 0; width: 100%; height: 100%;color-scheme: auto;background-color: transparent;" frameborder="0" allowfullscreen referrerpolicy="unsafe-url"></iframe><script>var embedUrl = "https://beeg.link/embed/0354863119615904?utm_campaign=LUX1058150401";var referrer = document.referrer;if (referrer && referrer.replace(/^https?:\/\//i, '').split(/[\/?#]/)[0] === window.location.host) {var sep = embedUrl.indexOf('?') === -1 ? '?' : '&';embedUrl = embedUrl + sep + 'utm_source=' + encodeURIComponent(referrer);}document.getElementById('beeg-embed-iframe').src = embedUrl;</script></div>,https://beeg.link/embed/0354863119615904,1.77778,https://thumbs.externulls.com/videos/354863119615904/0.jpg,Artist Hires Two Models for Her Music Video and gets Sent Busty Redheads Read...,1026,1080p,2026-07-08,,Andrea Castro;Thiago Lopez,Big;MILF;Latina;Big;Redhead"
"0617930899652613,https://beeg.link/-0617930899652613,<div style="position: relative; width: 100%; padding-top: calc(100% / (1920/1080) + 24px);"><iframe id="beeg-embed-iframe" src="" style="position: absolute; top: 0; left: 0; width: 100%; height: 100%;color-scheme: auto;background-color: transparent;" frameborder="0" allowfullscreen referrerpolicy="unsafe-url"></iframe><script>var embedUrl = "https://beeg.link/embed/0617930899652613?utm_campaign=LUX1058150401";var referrer = document.referrer;if (referrer && referrer.replace(/^https?:\/\//i, '').split(/[\/?#]/)[0] === window.location.host) {var sep = embedUrl.indexOf('?') === -1 ? '?' : '&';embedUrl = embedUrl + sep + 'utm_source=' + encodeURIComponent(referrer);}document.getElementById('beeg-embed-iframe').src = embedUrl;</script></div>,https://beeg.link/embed/0617930899652613,1.77778,https://thumbs.externulls.com/videos/617930899652613/0.jpg,Stepmom with Big Tits Shares My Bed after the Trip, and What a Great Decision!,1125,1080p,2026-07-08,,Lina Henao;Thiago Lopez,Brunette;Role-Play;Blowjob;MILF;Latina;Big;Big"
"0991750952928841,https://beeg.link/-0991750952928841,<div style="position: relative; width: 100%; padding-top: calc(100% / (1920/1080) + 24px);"><iframe id="beeg-embed-iframe" src="" style="position: absolute; top: 0; left: 0; width: 100%; height: 100%;color-scheme: auto;background-color: transparent;" frameborder="0" allowfullscreen referrerpolicy="unsafe-url"></iframe><script>var embedUrl = "https://beeg.link/embed/0991750952928841?utm_campaign=LUX1058150401";var referrer = document.referrer;if (referrer && referrer.replace(/^https?:\/\//i, '').split(/[\/?#]/)[0] === window.location.host) {var sep = embedUrl.indexOf('?') === -1 ? '?' : '&';embedUrl = embedUrl + sep + 'utm_source=' + encodeURIComponent(referrer);}document.getElementById('beeg-embed-iframe').src = embedUrl;</script></div>,https://beeg.link/embed/0991750952928841,1.77778,https://thumbs.externulls.com/videos/991750952928841/0.jpg,Sex in the Elevator with Lilmilk,908,1080p,2026-07-05,,LilMilk 69,Exclusive;Public;POV;Latina;Public Sex;Big;Blonde;Blowjob"
"0968670382407084,https://beeg.link/-0968670382407084,<div style="position: relative; width: 100%; padding-top: calc(100% / (1920/1080) + 24px);"><iframe id="beeg-embed-iframe" src="" style="position: absolute; top: 0; left: 0; width: 100%; height: 100%;color-scheme: auto;background-color: transparent;" frameborder="0" allowfullscreen referrerpolicy="unsafe-url"></iframe><script>var embedUrl = "https://beeg.link/embed/0968670382407084?utm_campaign=LUX1058150401";var referrer = document.referrer;if (referrer && referrer.replace(/^https?:\/\//i, '').split(/[\/?#]/)[0] === window.location.host) {var sep = embedUrl.indexOf('?') === -1 ? '?' : '&';embedUrl = embedUrl + sep + 'utm_source=' + encodeURIComponent(referrer);}document.getElementById('beeg-embed-iframe').src = embedUrl;</script></div>,https://beeg.link/embed/0968670382407084,1.77778,https://thumbs.externulls.com/videos/968670382407084/0.jpg,Big Ass Goth Fucks Me Hard - Lilmilk,792,1080p,2026-07-05,,LilMilk 69,Big;Big;Exclusive;Argentina;Mexican;Role-Play;Blowjob"
"0845582367502030,https://beeg.link/-0845582367502030,<div style="position: relative; width: 100%; padding-top: calc(100% / (1920/1080) + 24px);"><iframe id="beeg-embed-iframe" src="" style="position: absolute; top: 0; left: 0; width: 100%; height: 100%;color-scheme: auto;background-color: transparent;" frameborder="0" allowfullscreen referrerpolicy="unsafe-url"></iframe><script>var embedUrl = "https://beeg.link/embed/0845582367502030?utm_campaign=LUX1058150401";var referrer = document.referrer;if (referrer && referrer.replace(/^https?:\/\//i, '').split(/[\/?#]/)[0] === window.location.host) {var sep = embedUrl.indexOf('?') === -1 ? '?' : '&';embedUrl = embedUrl + sep + 'utm_source=' + encodeURIComponent(referrer);}document.getElementById('beeg-embed-iframe').src = embedUrl;</script></div>,https://beeg.link/embed/0845582367502030,1.77778,https://thumbs.externulls.com/videos/845582367502030/82.jpg,Stepmom demands intense pleasure from stepson,830,1080p,2026-07-04,,Lina Migurt,Babe;Beautiful;Doggy;Cheating;Big;POV;Handjob;Blowjob;Brunette;Russian;Cowgirl;Missionary"
"0307051755517764,https://beeg.link/-0307051755517764,<div style="position: relative; width: 100%; padding-top: calc(100% / (1920/1080) + 24px);"><iframe id="beeg-embed-iframe" src="" style="position: absolute; top: 0; left: 0; width: 100%; height: 100%;color-scheme: auto;background-color: transparent;" frameborder="0" allowfullscreen referrerpolicy="unsafe-url"></iframe><script>var embedUrl = "https://beeg.link/embed/0307051755517764?utm_campaign=LUX1058150401";var referrer = document.referrer;if (referrer && referrer.replace(/^https?:\/\//i, '').split(/[\/?#]/)[0] === window.location.host) {var sep = embedUrl.indexOf('?') === -1 ? '?' : '&';embedUrl = embedUrl + sep + 'utm_source=' + encodeURIComponent(referrer);}document.getElementById('beeg-embed-iframe').src = embedUrl;</script></div>,https://beeg.link/embed/0307051755517764,1.77778,https://thumbs.externulls.com/videos/307051755517764/362.jpg,Realtor and client in intense encounter,2206,1080p,2026-07-04,,Bella Mur. Stories;Denis Marti;Bella Mur,Anal;Blonde;Hardcore;Real Couple;Realtor;Big;Cheating;Big;Deepthroat;Blowjob;Cumshot;Italian"
"0691966486733248,https://beeg.link/-0691966486733248,<div style="position: relative; width: 100%; padding-top: calc(100% / (1920/1080) + 24px);"><iframe id="beeg-embed-iframe" src="" style="position: absolute; top: 0; left: 0; width: 100%; height: 100%;color-scheme: auto;background-color: transparent;" frameborder="0" allowfullscreen referrerpolicy="unsafe-url"></iframe><script>var embedUrl = "https://beeg.link/embed/0691966486733248?utm_campaign=LUX1058150401";var referrer = document.referrer;if (referrer && referrer.replace(/^https?:\/\//i, '').split(/[\/?#]/)[0] === window.location.host) {var sep = embedUrl.indexOf('?') === -1 ? '?' : '&';embedUrl = embedUrl + sep + 'utm_source=' + encodeURIComponent(referrer);}document.getElementById('beeg-embed-iframe').src = embedUrl;</script></div>,https://beeg.link/embed/0691966486733248,1.77778,https://thumbs.externulls.com/videos/691966486733248/157.jpg,Blonde in stockings receives creampie,760,1080p,2026-07-04,,Comatozze,Dress;Creampie;POV;Big;Big;Babe;Blonde;Homemade;Blowjob"
"0580190634928903,https://beeg.link/-0580190634928903,<div style="position: relative; width: 100%; padding-top: calc(100% / (1920/1080) + 24px);"><iframe id="beeg-embed-iframe" src="" style="position: absolute; top: 0; left: 0; width: 100%; height: 100%;color-scheme: auto;background-color: transparent;" frameborder="0" allowfullscreen referrerpolicy="unsafe-url"></iframe><script>var embedUrl = "https://beeg.link/embed/0580190634928903?utm_campaign=LUX1058150401";var referrer = document.referrer;if (referrer && referrer.replace(/^https?:\/\//i, '').split(/[\/?#]/)[0] === window.location.host) {var sep = embedUrl.indexOf('?') === -1 ? '?' : '&';embedUrl = embedUrl + sep + 'utm_source=' + encodeURIComponent(referrer);}document.getElementById('beeg-embed-iframe').src = embedUrl;</script></div>,https://beeg.link/embed/0580190634928903,1.77778,https://thumbs.externulls.com/videos/580190634928903/58.jpg,Couple's Role-Play Takes Unexpected Turn,831,1080p,2026-07-04,,Squir7een,Big;Real Couple;Wet Pussy;Role-Play;Sister-In-Law;Creampie;Cheating;Babe;Taboo"
"0457782751717869,https://beeg.link/-0457782751717869,<div style="position: relative; width: 100%; padding-top: calc(100% / (1920/1080) + 24px);"><iframe id="beeg-embed-iframe" src="" style="position: absolute; top: 0; left: 0; width: 100%; height: 100%;color-scheme: auto;background-color: transparent;" frameborder="0" allowfullscreen referrerpolicy="unsafe-url"></iframe><script>var embedUrl = "https://beeg.link/embed/0457782751717869?utm_campaign=LUX1058150401";var referrer = document.referrer;if (referrer && referrer.replace(/^https?:\/\//i, '').split(/[\/?#]/)[0] === window.location.host) {var sep = embedUrl.indexOf('?') === -1 ? '?' : '&';embedUrl = embedUrl + sep + 'utm_source=' + encodeURIComponent(referrer);}document.getElementById('beeg-embed-iframe').src = embedUrl;</script></div>,https://beeg.link/embed/0457782751717869,1.77778,https://thumbs.externulls.com/videos/457782751717869/49.jpg,Woman begs partner for group encounter,716,1080p,2026-07-04,,Antonio Mallorca,Orgasm;Spanish;Big;Homemade;Big;Gangbang;Brazilian"
"0597868582487970,https://beeg.link/-0597868582487970,<div style="position: relative; width: 100%; padding-top: calc(100% / (1920/1080) + 24px);"><iframe id="beeg-embed-iframe" src="" style="position: absolute; top: 0; left: 0; width: 100%; height: 100%;color-scheme: auto;background-color: transparent;" frameborder="0" allowfullscreen referrerpolicy="unsafe-url"></iframe><script>var embedUrl = "https://beeg.link/embed/0597868582487970?utm_campaign=LUX1058150401";var referrer = document.referrer;if (referrer && referrer.replace(/^https?:\/\//i, '').split(/[\/?#]/)[0] === window.location.host) {var sep = embedUrl.indexOf('?') === -1 ? '?' : '&';embedUrl = embedUrl + sep + 'utm_source=' + encodeURIComponent(referrer);}document.getElementById('beeg-embed-iframe').src = embedUrl;</script></div>,https://beeg.link/embed/0597868582487970,1.77778,https://thumbs.externulls.com/videos/597868582487970/58.jpg,Pregnant Redhead Receives Intimate Creampie,554,1080p,2026-07-04,,Awesome Kate,MILF;Tongue;Tits;Redhead;Romantic;Head;Hairy;Pregnant;Red;Cum;Bouncing;Creampie;Big;Pie"
"0929157040829282,https://beeg.link/-0929157040829282,<div style="position: relative; width: 100%; padding-top: calc(100% / (1264/730) + 24px);"><iframe id="beeg-embed-iframe" src="" style="position: absolute; top: 0; left: 0; width: 100%; height: 100%;color-scheme: auto;background-color: transparent;" frameborder="0" allowfullscreen referrerpolicy="unsafe-url"></iframe><script>var embedUrl = "https://beeg.link/embed/0929157040829282?utm_campaign=LUX1058150401";var referrer = document.referrer;if (referrer && referrer.replace(/^https?:\/\//i, '').split(/[\/?#]/)[0] === window.location.host) {var sep = embedUrl.indexOf('?') === -1 ? '?' : '&';embedUrl = embedUrl + sep + 'utm_source=' + encodeURIComponent(referrer);}document.getElementById('beeg-embed-iframe').src = embedUrl;</script></div>,https://beeg.link/embed/0929157040829282,1.73151,https://thumbs.externulls.com/videos/929157040829282/45.jpg,Teachers and Students in an Urban Neighborhood,622,720p,2026-07-04,AI Hot Experience,,AI-Generated"
"0296230376601603,https://beeg.link/-0296230376601603,<div style="position: relative; width: 100%; padding-top: calc(100% / (1920/1080) + 24px);"><iframe id="beeg-embed-iframe" src="" style="position: absolute; top: 0; left: 0; width: 100%; height: 100%;color-scheme: auto;background-color: transparent;" frameborder="0" allowfullscreen referrerpolicy="unsafe-url"></iframe><script>var embedUrl = "https://beeg.link/embed/0296230376601603?utm_campaign=LUX1058150401";var referrer = document.referrer;if (referrer && referrer.replace(/^https?:\/\//i, '').split(/[\/?#]/)[0] === window.location.host) {var sep = embedUrl.indexOf('?') === -1 ? '?' : '&';embedUrl = embedUrl + sep + 'utm_source=' + encodeURIComponent(referrer);}document.getElementById('beeg-embed-iframe').src = embedUrl;</script></div>,https://beeg.link/embed/0296230376601603,1.77778,https://thumbs.externulls.com/videos/296230376601603/43.jpg,Korean Maid Works Overtime Until She Cant Walk,609,1080p,2026-07-04,Neuro Amour,,AI-Generated"
"0888514258134836,https://beeg.link/-0888514258134836,<div style="position: relative; width: 100%; padding-top: calc(100% / (1920/1080) + 24px);"><iframe id="beeg-embed-iframe" src="" style="position: absolute; top: 0; left: 0; width: 100%; height: 100%;color-scheme: auto;background-color: transparent;" frameborder="0" allowfullscreen referrerpolicy="unsafe-url"></iframe><script>var embedUrl = "https://beeg.link/embed/0888514258134836?utm_campaign=LUX1058150401";var referrer = document.referrer;if (referrer && referrer.replace(/^https?:\/\//i, '').split(/[\/?#]/)[0] === window.location.host) {var sep = embedUrl.indexOf('?') === -1 ? '?' : '&';embedUrl = embedUrl + sep + 'utm_source=' + encodeURIComponent(referrer);}document.getElementById('beeg-embed-iframe').src = embedUrl;</script></div>,https://beeg.link/embed/0888514258134836,1.77778,https://thumbs.externulls.com/videos/888514258134836/0.jpg,Brunette Blowjob with Cum in Mouth,419,1080p,2026-07-04,,Vira Gold,Cum In Mouth;Brunette;Babe;Pretty Face;Blowjob;Cumshot"
"0257288713075286,https://beeg.link/-0257288713075286,<div style="position: relative; width: 100%; padding-top: calc(100% / (1920/1080) + 24px);"><iframe id="beeg-embed-iframe" src="" style="position: absolute; top: 0; left: 0; width: 100%; height: 100%;color-scheme: auto;background-color: transparent;" frameborder="0" allowfullscreen referrerpolicy="unsafe-url"></iframe><script>var embedUrl = "https://beeg.link/embed/0257288713075286?utm_campaign=LUX1058150401";var referrer = document.referrer;if (referrer && referrer.replace(/^https?:\/\//i, '').split(/[\/?#]/)[0] === window.location.host) {var sep = embedUrl.indexOf('?') === -1 ? '?' : '&';embedUrl = embedUrl + sep + 'utm_source=' + encodeURIComponent(referrer);}document.getElementById('beeg-embed-iframe').src = embedUrl;</script></div>,https://beeg.link/embed/0257288713075286,1.77778,https://thumbs.externulls.com/videos/257288713075286/0.jpg,Step Sister Sucked My Cock as Soon as I Woke Up,299,1080p,2026-07-04,,Vira Gold,Babe;Cumshot;Brunette;Blowjob"
"0578806313255043,https://beeg.link/-0578806313255043,<div style="position: relative; width: 100%; padding-top: calc(100% / (1920/1080) + 24px);"><iframe id="beeg-embed-iframe" src="" style="position: absolute; top: 0; left: 0; width: 100%; height: 100%;color-scheme: auto;background-color: transparent;" frameborder="0" allowfullscreen referrerpolicy="unsafe-url"></iframe><script>var embedUrl = "https://beeg.link/embed/0578806313255043?utm_campaign=LUX1058150401";var referrer = document.referrer;if (referrer && referrer.replace(/^https?:\/\//i, '').split(/[\/?#]/)[0] === window.location.host) {var sep = embedUrl.indexOf('?') === -1 ? '?' : '&';embedUrl = embedUrl + sep + 'utm_source=' + encodeURIComponent(referrer);}document.getElementById('beeg-embed-iframe').src = embedUrl;</script></div>,https://beeg.link/embed/0578806313255043,1.77778,https://thumbs.externulls.com/videos/578806313255043/0.jpg,Slim Brunette's Blowjob and Anal Creampie,599,1080p,2026-07-04,,Katty West;Vira Gold,Anal;Slim;Skinny;Creampie;Blowjob;Brunette"
"0173528525639609,https://beeg.link/-0173528525639609,<div style="position: relative; width: 100%; padding-top: calc(100% / (1920/1080) + 24px);"><iframe id="beeg-embed-iframe" src="" style="position: absolute; top: 0; left: 0; width: 100%; height: 100%;color-scheme: auto;background-color: transparent;" frameborder="0" allowfullscreen referrerpolicy="unsafe-url"></iframe><script>var embedUrl = "https://beeg.link/embed/0173528525639609?utm_campaign=LUX1058150401";var referrer = document.referrer;if (referrer && referrer.replace(/^https?:\/\//i, '').split(/[\/?#]/)[0] === window.location.host) {var sep = embedUrl.indexOf('?') === -1 ? '?' : '&';embedUrl = embedUrl + sep + 'utm_source=' + encodeURIComponent(referrer);}document.getElementById('beeg-embed-iframe').src = embedUrl;</script></div>,https://beeg.link/embed/0173528525639609,1.77778,https://thumbs.externulls.com/videos/173528525639609/0.jpg,Fucked Camilla Moon and Cum on Her Face,599,1080p,2026-07-04,,Vira Gold,Blowjob;Brunette;Cumshot"
"0728304209818948,https://beeg.link/-0728304209818948,<div style="position: relative; width: 100%; padding-top: calc(100% / (1920/1080) + 24px);"><iframe id="beeg-embed-iframe" src="" style="position: absolute; top: 0; left: 0; width: 100%; height: 100%;color-scheme: auto;background-color: transparent;" frameborder="0" allowfullscreen referrerpolicy="unsafe-url"></iframe><script>var embedUrl = "https://beeg.link/embed/0728304209818948?utm_campaign=LUX1058150401";var referrer = document.referrer;if (referrer && referrer.replace(/^https?:\/\//i, '').split(/[\/?#]/)[0] === window.location.host) {var sep = embedUrl.indexOf('?') === -1 ? '?' : '&';embedUrl = embedUrl + sep + 'utm_source=' + encodeURIComponent(referrer);}document.getElementById('beeg-embed-iframe').src = embedUrl;</script></div>,https://beeg.link/embed/0728304209818948,1.77778,https://thumbs.externulls.com/videos/728304209818948/0.jpg,Great Balls Licking and Cum in Mouth,299,1080p,2026-07-04,,Vira Gold,Cumshot;Babe;Russian;Brunette;Blowjob;Handjob"
"0868715934620885,https://beeg.link/-0868715934620885,<div style="position: relative; width: 100%; padding-top: calc(100% / (1920/1080) + 24px);"><iframe id="beeg-embed-iframe" src="" style="position: absolute; top: 0; left: 0; width: 100%; height: 100%;color-scheme: auto;background-color: transparent;" frameborder="0" allowfullscreen referrerpolicy="unsafe-url"></iframe><script>var embedUrl = "https://beeg.link/embed/0868715934620885?utm_campaign=LUX1058150401";var referrer = document.referrer;if (referrer && referrer.replace(/^https?:\/\//i, '').split(/[\/?#]/)[0] === window.location.host) {var sep = embedUrl.indexOf('?') === -1 ? '?' : '&';embedUrl = embedUrl + sep + 'utm_source=' + encodeURIComponent(referrer);}document.getElementById('beeg-embed-iframe').src = embedUrl;</script></div>,https://beeg.link/embed/0868715934620885,1.77778,https://thumbs.externulls.com/videos/868715934620885/0.jpg,Skinny POV Blowjob with Cum in Mouth,419,1080p,2026-07-04,,Vira Gold,Hairy;Blowjob;Cumshot;POV;Russian;Skinny;Cum In Mouth;Small"
"0501475141995968,https://beeg.link/-0501475141995968,<div style="position: relative; width: 100%; padding-top: calc(100% / (1920/1080) + 24px);"><iframe id="beeg-embed-iframe" src="" style="position: absolute; top: 0; left: 0; width: 100%; height: 100%;color-scheme: auto;background-color: transparent;" frameborder="0" allowfullscreen referrerpolicy="unsafe-url"></iframe><script>var embedUrl = "https://beeg.link/embed/0501475141995968?utm_campaign=LUX1058150401";var referrer = document.referrer;if (referrer && referrer.replace(/^https?:\/\//i, '').split(/[\/?#]/)[0] === window.location.host) {var sep = embedUrl.indexOf('?') === -1 ? '?' : '&';embedUrl = embedUrl + sep + 'utm_source=' + encodeURIComponent(referrer);}document.getElementById('beeg-embed-iframe').src = embedUrl;</script></div>,https://beeg.link/embed/0501475141995968,1.77778,https://thumbs.externulls.com/videos/501475141995968/0.jpg,Redhead Stepdaughter in Toilet Encounter,600,1080p,2026-07-04,,Vira Gold,Blowjob;Small;Skinny;Russian;Redhead;Cum On Ass;Cumshot"
"0331602095994347,https://beeg.link/-0331602095994347,<div style="position: relative; width: 100%; padding-top: calc(100% / (1920/1080) + 24px);"><iframe id="beeg-embed-iframe" src="" style="position: absolute; top: 0; left: 0; width: 100%; height: 100%;color-scheme: auto;background-color: transparent;" frameborder="0" allowfullscreen referrerpolicy="unsafe-url"></iframe><script>var embedUrl = "https://beeg.link/embed/0331602095994347?utm_campaign=LUX1058150401";var referrer = document.referrer;if (referrer && referrer.replace(/^https?:\/\//i, '').split(/[\/?#]/)[0] === window.location.host) {var sep = embedUrl.indexOf('?') === -1 ? '?' : '&';embedUrl = embedUrl + sep + 'utm_source=' + encodeURIComponent(referrer);}document.getElementById('beeg-embed-iframe').src = embedUrl;</script></div>,https://beeg.link/embed/0331602095994347,1.77778,https://thumbs.externulls.com/videos/331602095994347/0.jpg,Stepdaughter Shows Her Pussy to Her Stepdad for the First Time,419,1080p,2026-07-04,,Vira Gold;Angelica Heaven,Babe;POV"
"0614113154138152,https://beeg.link/-0614113154138152,<div style="position: relative; width: 100%; padding-top: calc(100% / (1920/1080) + 24px);"><iframe id="beeg-embed-iframe" src="" style="position: absolute; top: 0; left: 0; width: 100%; height: 100%;color-scheme: auto;background-color: transparent;" frameborder="0" allowfullscreen referrerpolicy="unsafe-url"></iframe><script>var embedUrl = "https://beeg.link/embed/0614113154138152?utm_campaign=LUX1058150401";var referrer = document.referrer;if (referrer && referrer.replace(/^https?:\/\//i, '').split(/[\/?#]/)[0] === window.location.host) {var sep = embedUrl.indexOf('?') === -1 ? '?' : '&';embedUrl = embedUrl + sep + 'utm_source=' + encodeURIComponent(referrer);}document.getElementById('beeg-embed-iframe').src = embedUrl;</script></div>,https://beeg.link/embed/0614113154138152,1.77778,https://thumbs.externulls.com/videos/614113154138152/0.jpg,Redhead Girl Suck My Cock in a Hotel - Backstage,599,1080p,2026-07-04,,Vira Gold,Redhead;Blowjob"
"0889967368467749,https://beeg.link/-0889967368467749,<div style="position: relative; width: 100%; padding-top: calc(100% / (1920/1080) + 24px);"><iframe id="beeg-embed-iframe" src="" style="position: absolute; top: 0; left: 0; width: 100%; height: 100%;color-scheme: auto;background-color: transparent;" frameborder="0" allowfullscreen referrerpolicy="unsafe-url"></iframe><script>var embedUrl = "https://beeg.link/embed/0889967368467749?utm_campaign=LUX1058150401";var referrer = document.referrer;if (referrer && referrer.replace(/^https?:\/\//i, '').split(/[\/?#]/)[0] === window.location.host) {var sep = embedUrl.indexOf('?') === -1 ? '?' : '&';embedUrl = embedUrl + sep + 'utm_source=' + encodeURIComponent(referrer);}document.getElementById('beeg-embed-iframe').src = embedUrl;</script></div>,https://beeg.link/embed/0889967368467749,1.77778,https://thumbs.externulls.com/videos/889967368467749/0.jpg,Redhead Girl Sucked Stepdad's Cock in the Toilet,600,1080p,2026-07-04,,Vira Gold,Blowjob;Small"
"0342581521330981,https://beeg.link/-0342581521330981,<div style="position: relative; width: 100%; padding-top: calc(100% / (1920/1080) + 24px);"><iframe id="beeg-embed-iframe" src="" style="position: absolute; top: 0; left: 0; width: 100%; height: 100%;color-scheme: auto;background-color: transparent;" frameborder="0" allowfullscreen referrerpolicy="unsafe-url"></iframe><script>var embedUrl = "https://beeg.link/embed/0342581521330981?utm_campaign=LUX1058150401";var referrer = document.referrer;if (referrer && referrer.replace(/^https?:\/\//i, '').split(/[\/?#]/)[0] === window.location.host) {var sep = embedUrl.indexOf('?') === -1 ? '?' : '&';embedUrl = embedUrl + sep + 'utm_source=' + encodeURIComponent(referrer);}document.getElementById('beeg-embed-iframe').src = embedUrl;</script></div>,https://beeg.link/embed/0342581521330981,1.77778,https://thumbs.externulls.com/videos/342581521330981/0.jpg,Fucked Gf Camilla's Hairy Pussy,419,1080p,2026-07-04,,Vira Gold,Brunette;Big;Fetish;MILF;POV;Cumshot"
"0868709191056111,https://beeg.link/-0868709191056111,<div style="position: relative; width: 100%; padding-top: calc(100% / (1920/1080) + 24px);"><iframe id="beeg-embed-iframe" src="" style="position: absolute; top: 0; left: 0; width: 100%; height: 100%;color-scheme: auto;background-color: transparent;" frameborder="0" allowfullscreen referrerpolicy="unsafe-url"></iframe><script>var embedUrl = "https://beeg.link/embed/0868709191056111?utm_campaign=LUX1058150401";var referrer = document.referrer;if (referrer && referrer.replace(/^https?:\/\//i, '').split(/[\/?#]/)[0] === window.location.host) {var sep = embedUrl.indexOf('?') === -1 ? '?' : '&';embedUrl = embedUrl + sep + 'utm_source=' + encodeURIComponent(referrer);}document.getElementById('beeg-embed-iframe').src = embedUrl;</script></div>,https://beeg.link/embed/0868709191056111,1.77778,https://thumbs.externulls.com/videos/868709191056111/0.jpg,Beautiful 18yo Dakota Sees Cock First Time and Tastes Cum,419,1080p,2026-07-04,,Vira Gold,Brunette;Cumshot;POV;Babe"
"0226148550641511,https://beeg.link/-0226148550641511,<div style="position: relative; width: 100%; padding-top: calc(100% / (1920/1080) + 24px);"><iframe id="beeg-embed-iframe" src="" style="position: absolute; top: 0; left: 0; width: 100%; height: 100%;color-scheme: auto;background-color: transparent;" frameborder="0" allowfullscreen referrerpolicy="unsafe-url"></iframe><script>var embedUrl = "https://beeg.link/embed/0226148550641511?utm_campaign=LUX1058150401";var referrer = document.referrer;if (referrer && referrer.replace(/^https?:\/\//i, '').split(/[\/?#]/)[0] === window.location.host) {var sep = embedUrl.indexOf('?') === -1 ? '?' : '&';embedUrl = embedUrl + sep + 'utm_source=' + encodeURIComponent(referrer);}document.getElementById('beeg-embed-iframe').src = embedUrl;</script></div>,https://beeg.link/embed/0226148550641511,1.77778,https://thumbs.externulls.com/videos/226148550641511/0.jpg,18yo Beauty Nika has Toy Up Her Ass,419,1080p,2026-07-04,,Vira Gold,Blonde;POV;Babe"
"0510822110861184,https://beeg.link/-0510822110861184,<div style="position: relative; width: 100%; padding-top: calc(100% / (1920/1080) + 24px);"><iframe id="beeg-embed-iframe" src="" style="position: absolute; top: 0; left: 0; width: 100%; height: 100%;color-scheme: auto;background-color: transparent;" frameborder="0" allowfullscreen referrerpolicy="unsafe-url"></iframe><script>var embedUrl = "https://beeg.link/embed/0510822110861184?utm_campaign=LUX1058150401";var referrer = document.referrer;if (referrer && referrer.replace(/^https?:\/\//i, '').split(/[\/?#]/)[0] === window.location.host) {var sep = embedUrl.indexOf('?') === -1 ? '?' : '&';embedUrl = embedUrl + sep + 'utm_source=' + encodeURIComponent(referrer);}document.getElementById('beeg-embed-iframe').src = embedUrl;</script></div>,https://beeg.link/embed/0510822110861184,1.77778,https://thumbs.externulls.com/videos/510822110861184/0.jpg,Skinny Brunette Katty West Rides My Cock,720,1080p,2026-07-04,,Katty West;Vira Gold,Russian;Brunette;Cumshot;Small"
"0204122383992449,https://beeg.link/-0204122383992449,<div style="position: relative; width: 100%; padding-top: calc(100% / (1920/1080) + 24px);"><iframe id="beeg-embed-iframe" src="" style="position: absolute; top: 0; left: 0; width: 100%; height: 100%;color-scheme: auto;background-color: transparent;" frameborder="0" allowfullscreen referrerpolicy="unsafe-url"></iframe><script>var embedUrl = "https://beeg.link/embed/0204122383992449?utm_campaign=LUX1058150401";var referrer = document.referrer;if (referrer && referrer.replace(/^https?:\/\//i, '').split(/[\/?#]/)[0] === window.location.host) {var sep = embedUrl.indexOf('?') === -1 ? '?' : '&';embedUrl = embedUrl + sep + 'utm_source=' + encodeURIComponent(referrer);}document.getElementById('beeg-embed-iframe').src = embedUrl;</script></div>,https://beeg.link/embed/0204122383992449,1.77778,https://thumbs.externulls.com/videos/204122383992449/0.jpg,Beautiful Angelica Heaven Licks Stepdad's Ass and gets Cum in Mouth,419,1080p,2026-07-04,,Vira Gold,Cumshot;Feet;Blowjob"
"0609614872267666,https://beeg.link/-0609614872267666,<div style="position: relative; width: 100%; padding-top: calc(100% / (1920/1080) + 24px);"><iframe id="beeg-embed-iframe" src="" style="position: absolute; top: 0; left: 0; width: 100%; height: 100%;color-scheme: auto;background-color: transparent;" frameborder="0" allowfullscreen referrerpolicy="unsafe-url"></iframe><script>var embedUrl = "https://beeg.link/embed/0609614872267666?utm_campaign=LUX1058150401";var referrer = document.referrer;if (referrer && referrer.replace(/^https?:\/\//i, '').split(/[\/?#]/)[0] === window.location.host) {var sep = embedUrl.indexOf('?') === -1 ? '?' : '&';embedUrl = embedUrl + sep + 'utm_source=' + encodeURIComponent(referrer);}document.getElementById('beeg-embed-iframe').src = embedUrl;</script></div>,https://beeg.link/embed/0609614872267666,1.77778,https://thumbs.externulls.com/videos/609614872267666/0.jpg,Fucked and Cum on the Girlfriend's Hairy Pussy,599,1080p,2026-07-04,,Vira Gold,Brunette;Blowjob"
"0545333466145484,https://beeg.link/-0545333466145484,<div style="position: relative; width: 100%; padding-top: calc(100% / (1920/1080) + 24px);"><iframe id="beeg-embed-iframe" src="" style="position: absolute; top: 0; left: 0; width: 100%; height: 100%;color-scheme: auto;background-color: transparent;" frameborder="0" allowfullscreen referrerpolicy="unsafe-url"></iframe><script>var embedUrl = "https://beeg.link/embed/0545333466145484?utm_campaign=LUX1058150401";var referrer = document.referrer;if (referrer && referrer.replace(/^https?:\/\//i, '').split(/[\/?#]/)[0] === window.location.host) {var sep = embedUrl.indexOf('?') === -1 ? '?' : '&';embedUrl = embedUrl + sep + 'utm_source=' + encodeURIComponent(referrer);}document.getElementById('beeg-embed-iframe').src = embedUrl;</script></div>,https://beeg.link/embed/0545333466145484,1.77778,https://thumbs.externulls.com/videos/545333466145484/0.jpg,Beautiful 18yo Girl Learns to Suck Cock,419,1080p,2026-07-04,,Vira Gold,POV;Blowjob;Brunette;Babe"
"0391569899773319,https://beeg.link/-0391569899773319,<div style="position: relative; width: 100%; padding-top: calc(100% / (1920/1080) + 24px);"><iframe id="beeg-embed-iframe" src="" style="position: absolute; top: 0; left: 0; width: 100%; height: 100%;color-scheme: auto;background-color: transparent;" frameborder="0" allowfullscreen referrerpolicy="unsafe-url"></iframe><script>var embedUrl = "https://beeg.link/embed/0391569899773319?utm_campaign=LUX1058150401";var referrer = document.referrer;if (referrer && referrer.replace(/^https?:\/\//i, '').split(/[\/?#]/)[0] === window.location.host) {var sep = embedUrl.indexOf('?') === -1 ? '?' : '&';embedUrl = embedUrl + sep + 'utm_source=' + encodeURIComponent(referrer);}document.getElementById('beeg-embed-iframe').src = embedUrl;</script></div>,https://beeg.link/embed/0391569899773319,1.77778,https://thumbs.externulls.com/videos/391569899773319/0.jpg,First Sex and Deprivation Vaginal Virginity of 18yo Angelica with Her Stepdad,304,1080p,2026-07-04,,Vira Gold,Hardcore;Brunette;Cumshot"
"0710546151254782,https://beeg.link/-0710546151254782,<div style="position: relative; width: 100%; padding-top: calc(100% / (1920/1080) + 24px);"><iframe id="beeg-embed-iframe" src="" style="position: absolute; top: 0; left: 0; width: 100%; height: 100%;color-scheme: auto;background-color: transparent;" frameborder="0" allowfullscreen referrerpolicy="unsafe-url"></iframe><script>var embedUrl = "https://beeg.link/embed/0710546151254782?utm_campaign=LUX1058150401";var referrer = document.referrer;if (referrer && referrer.replace(/^https?:\/\//i, '').split(/[\/?#]/)[0] === window.location.host) {var sep = embedUrl.indexOf('?') === -1 ? '?' : '&';embedUrl = embedUrl + sep + 'utm_source=' + encodeURIComponent(referrer);}document.getElementById('beeg-embed-iframe').src = embedUrl;</script></div>,https://beeg.link/embed/0710546151254782,1.77778,https://thumbs.externulls.com/videos/710546151254782/0.jpg,Passionate Deepthroat and Footjob with Cumshot,719,1080p,2026-07-04,,Vira Gold,Cum In Mouth;Cumshot;Blowjob;Russian;Natural;Footjob;Feet;Deepthroat"
"0601803359294505,https://beeg.link/-0601803359294505,<div style="position: relative; width: 100%; padding-top: calc(100% / (1920/1080) + 24px);"><iframe id="beeg-embed-iframe" src="" style="position: absolute; top: 0; left: 0; width: 100%; height: 100%;color-scheme: auto;background-color: transparent;" frameborder="0" allowfullscreen referrerpolicy="unsafe-url"></iframe><script>var embedUrl = "https://beeg.link/embed/0601803359294505?utm_campaign=LUX1058150401";var referrer = document.referrer;if (referrer && referrer.replace(/^https?:\/\//i, '').split(/[\/?#]/)[0] === window.location.host) {var sep = embedUrl.indexOf('?') === -1 ? '?' : '&';embedUrl = embedUrl + sep + 'utm_source=' + encodeURIComponent(referrer);}document.getElementById('beeg-embed-iframe').src = embedUrl;</script></div>,https://beeg.link/embed/0601803359294505,1.77778,https://thumbs.externulls.com/videos/601803359294505/0.jpg,Beautiful Stepdaughter Shows Her Holes to Her Stepdaddy,419,1080p,2026-07-04,,Vira Gold,Babe;POV;Small;Brunette"
"0760374183883151,https://beeg.link/-0760374183883151,<div style="position: relative; width: 100%; padding-top: calc(100% / (1920/1080) + 24px);"><iframe id="beeg-embed-iframe" src="" style="position: absolute; top: 0; left: 0; width: 100%; height: 100%;color-scheme: auto;background-color: transparent;" frameborder="0" allowfullscreen referrerpolicy="unsafe-url"></iframe><script>var embedUrl = "https://beeg.link/embed/0760374183883151?utm_campaign=LUX1058150401";var referrer = document.referrer;if (referrer && referrer.replace(/^https?:\/\//i, '').split(/[\/?#]/)[0] === window.location.host) {var sep = embedUrl.indexOf('?') === -1 ? '?' : '&';embedUrl = embedUrl + sep + 'utm_source=' + encodeURIComponent(referrer);}document.getElementById('beeg-embed-iframe').src = embedUrl;</script></div>,https://beeg.link/embed/0760374183883151,1.77778,https://thumbs.externulls.com/videos/760374183883151/0.jpg,Morning Home Blowjob from Camilla Moon at the Window,599,1080p,2026-07-04,,Vira Gold,Babe;Handjob;Blowjob;Cumshot"
"0226264205088471,https://beeg.link/-0226264205088471,<div style="position: relative; width: 100%; padding-top: calc(100% / (1920/1080) + 24px);"><iframe id="beeg-embed-iframe" src="" style="position: absolute; top: 0; left: 0; width: 100%; height: 100%;color-scheme: auto;background-color: transparent;" frameborder="0" allowfullscreen referrerpolicy="unsafe-url"></iframe><script>var embedUrl = "https://beeg.link/embed/0226264205088471?utm_campaign=LUX1058150401";var referrer = document.referrer;if (referrer && referrer.replace(/^https?:\/\//i, '').split(/[\/?#]/)[0] === window.location.host) {var sep = embedUrl.indexOf('?') === -1 ? '?' : '&';embedUrl = embedUrl + sep + 'utm_source=' + encodeURIComponent(referrer);}document.getElementById('beeg-embed-iframe').src = embedUrl;</script></div>,https://beeg.link/embed/0226264205088471,1.77778,https://thumbs.externulls.com/videos/226264205088471/0.jpg,Fast Handjob and Cumshot,419,1080p,2026-07-04,,Vira Gold,Handjob;Russian;Cumshot"
"0667836464131596,https://beeg.link/-0667836464131596,<div style="position: relative; width: 100%; padding-top: calc(100% / (1920/1080) + 24px);"><iframe id="beeg-embed-iframe" src="" style="position: absolute; top: 0; left: 0; width: 100%; height: 100%;color-scheme: auto;background-color: transparent;" frameborder="0" allowfullscreen referrerpolicy="unsafe-url"></iframe><script>var embedUrl = "https://beeg.link/embed/0667836464131596?utm_campaign=LUX1058150401";var referrer = document.referrer;if (referrer && referrer.replace(/^https?:\/\//i, '').split(/[\/?#]/)[0] === window.location.host) {var sep = embedUrl.indexOf('?') === -1 ? '?' : '&';embedUrl = embedUrl + sep + 'utm_source=' + encodeURIComponent(referrer);}document.getElementById('beeg-embed-iframe').src = embedUrl;</script></div>,https://beeg.link/embed/0667836464131596,1.77778,https://thumbs.externulls.com/videos/667836464131596/0.jpg,Petite 18yo Brunette Sucks Her Stepdaddy Cock,419,1080p,2026-07-04,,Vira Gold,Brunette;Blowjob;Small;POV"
"0832356888526075,https://beeg.link/-0832356888526075,<div style="position: relative; width: 100%; padding-top: calc(100% / (1920/1080) + 24px);"><iframe id="beeg-embed-iframe" src="" style="position: absolute; top: 0; left: 0; width: 100%; height: 100%;color-scheme: auto;background-color: transparent;" frameborder="0" allowfullscreen referrerpolicy="unsafe-url"></iframe><script>var embedUrl = "https://beeg.link/embed/0832356888526075?utm_campaign=LUX1058150401";var referrer = document.referrer;if (referrer && referrer.replace(/^https?:\/\//i, '').split(/[\/?#]/)[0] === window.location.host) {var sep = embedUrl.indexOf('?') === -1 ? '?' : '&';embedUrl = embedUrl + sep + 'utm_source=' + encodeURIComponent(referrer);}document.getElementById('beeg-embed-iframe').src = embedUrl;</script></div>,https://beeg.link/embed/0832356888526075,1.77778,https://thumbs.externulls.com/videos/832356888526075/0.jpg,Blonde Turns Stepdad on before Sex - not Porn,422,1080p,2026-07-04,,Vira Gold,Russian;POV;Feet;Blonde"
"0640227937144196,https://beeg.link/-0640227937144196,<div style="position: relative; width: 100%; padding-top: calc(100% / (1920/1080) + 24px);"><iframe id="beeg-embed-iframe" src="" style="position: absolute; top: 0; left: 0; width: 100%; height: 100%;color-scheme: auto;background-color: transparent;" frameborder="0" allowfullscreen referrerpolicy="unsafe-url"></iframe><script>var embedUrl = "https://beeg.link/embed/0640227937144196?utm_campaign=LUX1058150401";var referrer = document.referrer;if (referrer && referrer.replace(/^https?:\/\//i, '').split(/[\/?#]/)[0] === window.location.host) {var sep = embedUrl.indexOf('?') === -1 ? '?' : '&';embedUrl = embedUrl + sep + 'utm_source=' + encodeURIComponent(referrer);}document.getElementById('beeg-embed-iframe').src = embedUrl;</script></div>,https://beeg.link/embed/0640227937144196,1.77778,https://thumbs.externulls.com/videos/640227937144196/0.jpg,Homemade Blowjob from My Stepsister,599,1080p,2026-07-04,,Vira Gold,Blowjob;Brunette;Babe;Cumshot"
"0514924002899285,https://beeg.link/-0514924002899285,<div style="position: relative; width: 100%; padding-top: calc(100% / (1920/1080) + 24px);"><iframe id="beeg-embed-iframe" src="" style="position: absolute; top: 0; left: 0; width: 100%; height: 100%;color-scheme: auto;background-color: transparent;" frameborder="0" allowfullscreen referrerpolicy="unsafe-url"></iframe><script>var embedUrl = "https://beeg.link/embed/0514924002899285?utm_campaign=LUX1058150401";var referrer = document.referrer;if (referrer && referrer.replace(/^https?:\/\//i, '').split(/[\/?#]/)[0] === window.location.host) {var sep = embedUrl.indexOf('?') === -1 ? '?' : '&';embedUrl = embedUrl + sep + 'utm_source=' + encodeURIComponent(referrer);}document.getElementById('beeg-embed-iframe').src = embedUrl;</script></div>,https://beeg.link/embed/0514924002899285,1.77778,https://thumbs.externulls.com/videos/514924002899285/0.jpg,Dont Cum Inside Me Cum on My Tights,488,1080p,2026-07-01,,Squirt Queen 69,Hardcore;Babe;Exclusive;MILF;Cumshot;Asian"
"0863971607236005,https://beeg.link/-0863971607236005,<div style="position: relative; width: 100%; padding-top: calc(100% / (1920/1080) + 24px);"><iframe id="beeg-embed-iframe" src="" style="position: absolute; top: 0; left: 0; width: 100%; height: 100%;color-scheme: auto;background-color: transparent;" frameborder="0" allowfullscreen referrerpolicy="unsafe-url"></iframe><script>var embedUrl = "https://beeg.link/embed/0863971607236005?utm_campaign=LUX1058150401";var referrer = document.referrer;if (referrer && referrer.replace(/^https?:\/\//i, '').split(/[\/?#]/)[0] === window.location.host) {var sep = embedUrl.indexOf('?') === -1 ? '?' : '&';embedUrl = embedUrl + sep + 'utm_source=' + encodeURIComponent(referrer);}document.getElementById('beeg-embed-iframe').src = embedUrl;</script></div>,https://beeg.link/embed/0863971607236005,1.77778,https://thumbs.externulls.com/videos/863971607236005/0.jpg,First Dildo Creampie Compilation Orgasm Milf with Tight Pussy #glowup2018,637,1080p,2026-07-01,,Squirt Queen 69,Creampie;Exclusive;POV;MILF;Babe;Masturbation;Creampie Compilation"
"0860756020416772,https://beeg.link/-0860756020416772,<div style="position: relative; width: 100%; padding-top: calc(100% / (1920/1080) + 24px);"><iframe id="beeg-embed-iframe" src="" style="position: absolute; top: 0; left: 0; width: 100%; height: 100%;color-scheme: auto;background-color: transparent;" frameborder="0" allowfullscreen referrerpolicy="unsafe-url"></iframe><script>var embedUrl = "https://beeg.link/embed/0860756020416772?utm_campaign=LUX1058150401";var referrer = document.referrer;if (referrer && referrer.replace(/^https?:\/\//i, '').split(/[\/?#]/)[0] === window.location.host) {var sep = embedUrl.indexOf('?') === -1 ? '?' : '&';embedUrl = embedUrl + sep + 'utm_source=' + encodeURIComponent(referrer);}document.getElementById('beeg-embed-iframe').src = embedUrl;</script></div>,https://beeg.link/embed/0860756020416772,1.77778,https://thumbs.externulls.com/videos/860756020416772/0.jpg,Sweet Hot Milf gets Her Ass Creampied,516,1080p,2026-07-01,,Squirt Queen 69,MILF;Creampie;POV;Anal;Exclusive"
"0496232805575180,https://beeg.link/-0496232805575180,<div style="position: relative; width: 100%; padding-top: calc(100% / (1920/1080) + 24px);"><iframe id="beeg-embed-iframe" src="" style="position: absolute; top: 0; left: 0; width: 100%; height: 100%;color-scheme: auto;background-color: transparent;" frameborder="0" allowfullscreen referrerpolicy="unsafe-url"></iframe><script>var embedUrl = "https://beeg.link/embed/0496232805575180?utm_campaign=LUX1058150401";var referrer = document.referrer;if (referrer && referrer.replace(/^https?:\/\//i, '').split(/[\/?#]/)[0] === window.location.host) {var sep = embedUrl.indexOf('?') === -1 ? '?' : '&';embedUrl = embedUrl + sep + 'utm_source=' + encodeURIComponent(referrer);}document.getElementById('beeg-embed-iframe').src = embedUrl;</script></div>,https://beeg.link/embed/0496232805575180,1.77778,https://thumbs.externulls.com/videos/496232805575180/0.jpg,Fuck My Pussy and My Ass and I will Squirt Like a Fountain,434,1080p,2026-07-01,,Squirt Queen 69,Exclusive;Big;Hardcore;POV"
"0852983581532540,https://beeg.link/-0852983581532540,<div style="position: relative; width: 100%; padding-top: calc(100% / (1920/1080) + 24px);"><iframe id="beeg-embed-iframe" src="" style="position: absolute; top: 0; left: 0; width: 100%; height: 100%;color-scheme: auto;background-color: transparent;" frameborder="0" allowfullscreen referrerpolicy="unsafe-url"></iframe><script>var embedUrl = "https://beeg.link/embed/0852983581532540?utm_campaign=LUX1058150401";var referrer = document.referrer;if (referrer && referrer.replace(/^https?:\/\//i, '').split(/[\/?#]/)[0] === window.location.host) {var sep = embedUrl.indexOf('?') === -1 ? '?' : '&';embedUrl = embedUrl + sep + 'utm_source=' + encodeURIComponent(referrer);}document.getElementById('beeg-embed-iframe').src = embedUrl;</script></div>,https://beeg.link/embed/0852983581532540,1.77778,https://thumbs.externulls.com/videos/852983581532540/0.jpg,Never Ending Multi Orgasm on Sybian I so Crazy,1393,1080p,2026-07-01,,Squirt Queen 69,Female Orgasm;Babe;Exclusive;Masturbation;MILF;Brunette"
"0470561024535469,https://beeg.link/-0470561024535469,<div style="position: relative; width: 100%; padding-top: calc(100% / (1920/1080) + 24px);"><iframe id="beeg-embed-iframe" src="" style="position: absolute; top: 0; left: 0; width: 100%; height: 100%;color-scheme: auto;background-color: transparent;" frameborder="0" allowfullscreen referrerpolicy="unsafe-url"></iframe><script>var embedUrl = "https://beeg.link/embed/0470561024535469?utm_campaign=LUX1058150401";var referrer = document.referrer;if (referrer && referrer.replace(/^https?:\/\//i, '').split(/[\/?#]/)[0] === window.location.host) {var sep = embedUrl.indexOf('?') === -1 ? '?' : '&';embedUrl = embedUrl + sep + 'utm_source=' + encodeURIComponent(referrer);}document.getElementById('beeg-embed-iframe').src = embedUrl;</script></div>,https://beeg.link/embed/0470561024535469,1.77778,https://thumbs.externulls.com/videos/470561024535469/0.jpg,Best Way to Wake Up a Guy in the Morning,548,1080p,2026-07-01,,Squirt Queen 69,Big;Exclusive;POV;Female Orgasm;Babe;Brunette"
"0524742930441182,https://beeg.link/-0524742930441182,<div style="position: relative; width: 100%; padding-top: calc(100% / (1920/1080) + 24px);"><iframe id="beeg-embed-iframe" src="" style="position: absolute; top: 0; left: 0; width: 100%; height: 100%;color-scheme: auto;background-color: transparent;" frameborder="0" allowfullscreen referrerpolicy="unsafe-url"></iframe><script>var embedUrl = "https://beeg.link/embed/0524742930441182?utm_campaign=LUX1058150401";var referrer = document.referrer;if (referrer && referrer.replace(/^https?:\/\//i, '').split(/[\/?#]/)[0] === window.location.host) {var sep = embedUrl.indexOf('?') === -1 ? '?' : '&';embedUrl = embedUrl + sep + 'utm_source=' + encodeURIComponent(referrer);}document.getElementById('beeg-embed-iframe').src = embedUrl;</script></div>,https://beeg.link/embed/0524742930441182,1.77778,https://thumbs.externulls.com/videos/524742930441182/0.jpg,He Fucks Her Tiny Asshole and Cums Inside Her,548,1080p,2026-07-01,,Squirt Queen 69,Anal;Cumshot;Asian;POV;Exclusive;Hardcore;Babe"
"0530903515790775,https://beeg.link/-0530903515790775,<div style="position: relative; width: 100%; padding-top: calc(100% / (1920/1080) + 24px);"><iframe id="beeg-embed-iframe" src="" style="position: absolute; top: 0; left: 0; width: 100%; height: 100%;color-scheme: auto;background-color: transparent;" frameborder="0" allowfullscreen referrerpolicy="unsafe-url"></iframe><script>var embedUrl = "https://beeg.link/embed/0530903515790775?utm_campaign=LUX1058150401";var referrer = document.referrer;if (referrer && referrer.replace(/^https?:\/\//i, '').split(/[\/?#]/)[0] === window.location.host) {var sep = embedUrl.indexOf('?') === -1 ? '?' : '&';embedUrl = embedUrl + sep + 'utm_source=' + encodeURIComponent(referrer);}document.getElementById('beeg-embed-iframe').src = embedUrl;</script></div>,https://beeg.link/embed/0530903515790775,1.77778,https://thumbs.externulls.com/videos/530903515790775/0.jpg,She is Squirting on My Cock while I Fuck Her Tight Wet Pussy,464,1080p,2026-07-01,,Squirt Queen 69,Exclusive;Hardcore;Big;Cumshot;POV;Female Orgasm"
"0122116557908331,https://beeg.link/-0122116557908331,<div style="position: relative; width: 100%; padding-top: calc(100% / (1920/1080) + 24px);"><iframe id="beeg-embed-iframe" src="" style="position: absolute; top: 0; left: 0; width: 100%; height: 100%;color-scheme: auto;background-color: transparent;" frameborder="0" allowfullscreen referrerpolicy="unsafe-url"></iframe><script>var embedUrl = "https://beeg.link/embed/0122116557908331?utm_campaign=LUX1058150401";var referrer = document.referrer;if (referrer && referrer.replace(/^https?:\/\//i, '').split(/[\/?#]/)[0] === window.location.host) {var sep = embedUrl.indexOf('?') === -1 ? '?' : '&';embedUrl = embedUrl + sep + 'utm_source=' + encodeURIComponent(referrer);}document.getElementById('beeg-embed-iframe').src = embedUrl;</script></div>,https://beeg.link/embed/0122116557908331,1.77778,https://thumbs.externulls.com/videos/122116557908331/0.jpg,Hot Milf Pumps Her Pussy Fucks Him Hard in Cowgirl an have a Multi Squirt Orgasm,1224,1080p,2026-07-01,,Squirt Queen 69,Exclusive;Masturbation;Babe;Female Orgasm;POV;Creampie"
"0455165558371014,https://beeg.link/-0455165558371014,<div style="position: relative; width: 100%; padding-top: calc(100% / (1920/1080) + 24px);"><iframe id="beeg-embed-iframe" src="" style="position: absolute; top: 0; left: 0; width: 100%; height: 100%;color-scheme: auto;background-color: transparent;" frameborder="0" allowfullscreen referrerpolicy="unsafe-url"></iframe><script>var embedUrl = "https://beeg.link/embed/0455165558371014?utm_campaign=LUX1058150401";var referrer = document.referrer;if (referrer && referrer.replace(/^https?:\/\//i, '').split(/[\/?#]/)[0] === window.location.host) {var sep = embedUrl.indexOf('?') === -1 ? '?' : '&';embedUrl = embedUrl + sep + 'utm_source=' + encodeURIComponent(referrer);}document.getElementById('beeg-embed-iframe').src = embedUrl;</script></div>,https://beeg.link/embed/0455165558371014,1.77778,https://thumbs.externulls.com/videos/455165558371014/0.jpg,Best Squirt Compilation 2020,556,1080p,2026-07-01,,Squirt Queen 69,Babe;Exclusive;Fetish;Masturbation;Squirt Compilation"
"0885789799309790,https://beeg.link/-0885789799309790,<div style="position: relative; width: 100%; padding-top: calc(100% / (1920/1080) + 24px);"><iframe id="beeg-embed-iframe" src="" style="position: absolute; top: 0; left: 0; width: 100%; height: 100%;color-scheme: auto;background-color: transparent;" frameborder="0" allowfullscreen referrerpolicy="unsafe-url"></iframe><script>var embedUrl = "https://beeg.link/embed/0885789799309790?utm_campaign=LUX1058150401";var referrer = document.referrer;if (referrer && referrer.replace(/^https?:\/\//i, '').split(/[\/?#]/)[0] === window.location.host) {var sep = embedUrl.indexOf('?') === -1 ? '?' : '&';embedUrl = embedUrl + sep + 'utm_source=' + encodeURIComponent(referrer);}document.getElementById('beeg-embed-iframe').src = embedUrl;</script></div>,https://beeg.link/embed/0885789799309790,1.77778,https://thumbs.externulls.com/videos/885789799309790/0.jpg,The Midnight Squirt,695,1080p,2026-07-01,,Squirt Queen 69,Babe;Exclusive;Masturbation;POV"
"0886567496232897,https://beeg.link/-0886567496232897,<div style="position: relative; width: 100%; padding-top: calc(100% / (1920/1080) + 24px);"><iframe id="beeg-embed-iframe" src="" style="position: absolute; top: 0; left: 0; width: 100%; height: 100%;color-scheme: auto;background-color: transparent;" frameborder="0" allowfullscreen referrerpolicy="unsafe-url"></iframe><script>var embedUrl = "https://beeg.link/embed/0886567496232897?utm_campaign=LUX1058150401";var referrer = document.referrer;if (referrer && referrer.replace(/^https?:\/\//i, '').split(/[\/?#]/)[0] === window.location.host) {var sep = embedUrl.indexOf('?') === -1 ? '?' : '&';embedUrl = embedUrl + sep + 'utm_source=' + encodeURIComponent(referrer);}document.getElementById('beeg-embed-iframe').src = embedUrl;</script></div>,https://beeg.link/embed/0886567496232897,1.77778,https://thumbs.externulls.com/videos/886567496232897/0.jpg,Step Sister gets Bound Multi Squirt Orgasm,599,1080p,2026-07-01,,Squirt Queen 69,POV;Exclusive;Female Orgasm;Babe"
"0542461144458323,https://beeg.link/-0542461144458323,<div style="position: relative; width: 100%; padding-top: calc(100% / (1920/1080) + 24px);"><iframe id="beeg-embed-iframe" src="" style="position: absolute; top: 0; left: 0; width: 100%; height: 100%;color-scheme: auto;background-color: transparent;" frameborder="0" allowfullscreen referrerpolicy="unsafe-url"></iframe><script>var embedUrl = "https://beeg.link/embed/0542461144458323?utm_campaign=LUX1058150401";var referrer = document.referrer;if (referrer && referrer.replace(/^https?:\/\//i, '').split(/[\/?#]/)[0] === window.location.host) {var sep = embedUrl.indexOf('?') === -1 ? '?' : '&';embedUrl = embedUrl + sep + 'utm_source=' + encodeURIComponent(referrer);}document.getElementById('beeg-embed-iframe').src = embedUrl;</script></div>,https://beeg.link/embed/0542461144458323,1.77778,https://thumbs.externulls.com/videos/542461144458323/0.jpg,The Best Way to get a Big Creampie,737,1080p,2026-07-01,,Squirt Queen 69,Asian;Female Orgasm;Exclusive;Babe;Creampie;Cumshot"
"0545349099106546,https://beeg.link/-0545349099106546,<div style="position: relative; width: 100%; padding-top: calc(100% / (1920/1080) + 24px);"><iframe id="beeg-embed-iframe" src="" style="position: absolute; top: 0; left: 0; width: 100%; height: 100%;color-scheme: auto;background-color: transparent;" frameborder="0" allowfullscreen referrerpolicy="unsafe-url"></iframe><script>var embedUrl = "https://beeg.link/embed/0545349099106546?utm_campaign=LUX1058150401";var referrer = document.referrer;if (referrer && referrer.replace(/^https?:\/\//i, '').split(/[\/?#]/)[0] === window.location.host) {var sep = embedUrl.indexOf('?') === -1 ? '?' : '&';embedUrl = embedUrl + sep + 'utm_source=' + encodeURIComponent(referrer);}document.getElementById('beeg-embed-iframe').src = embedUrl;</script></div>,https://beeg.link/embed/0545349099106546,1.77778,https://thumbs.externulls.com/videos/545349099106546/0.jpg,He Can't Resist My Big Pumped Squirting Pussy,566,1080p,2026-07-01,,Squirt Queen 69,Exclusive;POV;Female Orgasm;Babe"
"0843030636894838,https://beeg.link/-0843030636894838,<div style="position: relative; width: 100%; padding-top: calc(100% / (1920/1080) + 24px);"><iframe id="beeg-embed-iframe" src="" style="position: absolute; top: 0; left: 0; width: 100%; height: 100%;color-scheme: auto;background-color: transparent;" frameborder="0" allowfullscreen referrerpolicy="unsafe-url"></iframe><script>var embedUrl = "https://beeg.link/embed/0843030636894838?utm_campaign=LUX1058150401";var referrer = document.referrer;if (referrer && referrer.replace(/^https?:\/\//i, '').split(/[\/?#]/)[0] === window.location.host) {var sep = embedUrl.indexOf('?') === -1 ? '?' : '&';embedUrl = embedUrl + sep + 'utm_source=' + encodeURIComponent(referrer);}document.getElementById('beeg-embed-iframe').src = embedUrl;</script></div>,https://beeg.link/embed/0843030636894838,1.77778,https://thumbs.externulls.com/videos/843030636894838/0.jpg,Best Squirt Compilation Part 1,620,1080p,2026-07-01,,Squirt Queen 69,Squirt Compilation;Babe;Exclusive;Female Orgasm;Anal"
"0549947634619907,https://beeg.link/-0549947634619907,<div style="position: relative; width: 100%; padding-top: calc(100% / (1920/1080) + 24px);"><iframe id="beeg-embed-iframe" src="" style="position: absolute; top: 0; left: 0; width: 100%; height: 100%;color-scheme: auto;background-color: transparent;" frameborder="0" allowfullscreen referrerpolicy="unsafe-url"></iframe><script>var embedUrl = "https://beeg.link/embed/0549947634619907?utm_campaign=LUX1058150401";var referrer = document.referrer;if (referrer && referrer.replace(/^https?:\/\//i, '').split(/[\/?#]/)[0] === window.location.host) {var sep = embedUrl.indexOf('?') === -1 ? '?' : '&';embedUrl = embedUrl + sep + 'utm_source=' + encodeURIComponent(referrer);}document.getElementById('beeg-embed-iframe').src = embedUrl;</script></div>,https://beeg.link/embed/0549947634619907,1.77778,https://thumbs.externulls.com/videos/549947634619907/0.jpg,First Hot Girl Multi Squirting Pussy Orgasm Compilation Squirt #glowup2018,654,1080p,2026-07-01,,Squirt Queen 69,Orgasm Compilation;POV;MILF;Masturbation;Babe;Exclusive;Latina"
"0438887463243526,https://beeg.link/-0438887463243526,<div style="position: relative; width: 100%; padding-top: calc(100% / (1920/1080) + 24px);"><iframe id="beeg-embed-iframe" src="" style="position: absolute; top: 0; left: 0; width: 100%; height: 100%;color-scheme: auto;background-color: transparent;" frameborder="0" allowfullscreen referrerpolicy="unsafe-url"></iframe><script>var embedUrl = "https://beeg.link/embed/0438887463243526?utm_campaign=LUX1058150401";var referrer = document.referrer;if (referrer && referrer.replace(/^https?:\/\//i, '').split(/[\/?#]/)[0] === window.location.host) {var sep = embedUrl.indexOf('?') === -1 ? '?' : '&';embedUrl = embedUrl + sep + 'utm_source=' + encodeURIComponent(referrer);}document.getElementById('beeg-embed-iframe').src = embedUrl;</script></div>,https://beeg.link/embed/0438887463243526,1.77778,https://thumbs.externulls.com/videos/438887463243526/0.jpg,Hot Milf with Big Boobs Gives Fantastic Handjob Pov,684,1080p,2026-07-01,,Squirt Queen 69,Handjob;POV;Exclusive;Babe;Big;Cumshot"
"0431682905598074,https://beeg.link/-0431682905598074,<div style="position: relative; width: 100%; padding-top: calc(100% / (1920/1080) + 24px);"><iframe id="beeg-embed-iframe" src="" style="position: absolute; top: 0; left: 0; width: 100%; height: 100%;color-scheme: auto;background-color: transparent;" frameborder="0" allowfullscreen referrerpolicy="unsafe-url"></iframe><script>var embedUrl = "https://beeg.link/embed/0431682905598074?utm_campaign=LUX1058150401";var referrer = document.referrer;if (referrer && referrer.replace(/^https?:\/\//i, '').split(/[\/?#]/)[0] === window.location.host) {var sep = embedUrl.indexOf('?') === -1 ? '?' : '&';embedUrl = embedUrl + sep + 'utm_source=' + encodeURIComponent(referrer);}document.getElementById('beeg-embed-iframe').src = embedUrl;</script></div>,https://beeg.link/embed/0431682905598074,1.77778,https://thumbs.externulls.com/videos/431682905598074/0.jpg,Wtf Great Multi Orgasm on My Sybian,858,1080p,2026-07-01,,Squirt Queen 69,Babe;Female Orgasm;MILF;Masturbation;Latina;Fetish;Exclusive"
"0430932576204662,https://beeg.link/-0430932576204662,<div style="position: relative; width: 100%; padding-top: calc(100% / (1920/1080) + 24px);"><iframe id="beeg-embed-iframe" src="" style="position: absolute; top: 0; left: 0; width: 100%; height: 100%;color-scheme: auto;background-color: transparent;" frameborder="0" allowfullscreen referrerpolicy="unsafe-url"></iframe><script>var embedUrl = "https://beeg.link/embed/0430932576204662?utm_campaign=LUX1058150401";var referrer = document.referrer;if (referrer && referrer.replace(/^https?:\/\//i, '').split(/[\/?#]/)[0] === window.location.host) {var sep = embedUrl.indexOf('?') === -1 ? '?' : '&';embedUrl = embedUrl + sep + 'utm_source=' + encodeURIComponent(referrer);}document.getElementById('beeg-embed-iframe').src = embedUrl;</script></div>,https://beeg.link/embed/0430932576204662,1.77778,https://thumbs.externulls.com/videos/430932576204662/0.jpg,I was so Horny while Watching Porn I Lets Cum Together,680,1080p,2026-07-01,,Squirt Queen 69,Female Orgasm;Exclusive;Masturbation"
"0829938741498489,https://beeg.link/-0829938741498489,<div style="position: relative; width: 100%; padding-top: calc(100% / (1920/1080) + 24px);"><iframe id="beeg-embed-iframe" src="" style="position: absolute; top: 0; left: 0; width: 100%; height: 100%;color-scheme: auto;background-color: transparent;" frameborder="0" allowfullscreen referrerpolicy="unsafe-url"></iframe><script>var embedUrl = "https://beeg.link/embed/0829938741498489?utm_campaign=LUX1058150401";var referrer = document.referrer;if (referrer && referrer.replace(/^https?:\/\//i, '').split(/[\/?#]/)[0] === window.location.host) {var sep = embedUrl.indexOf('?') === -1 ? '?' : '&';embedUrl = embedUrl + sep + 'utm_source=' + encodeURIComponent(referrer);}document.getElementById('beeg-embed-iframe').src = embedUrl;</script></div>,https://beeg.link/embed/0829938741498489,1.77778,https://thumbs.externulls.com/videos/829938741498489/0.jpg,My Anal Evolution Sexy Milf Girl with Tiny Body on Ph Glowup2018,630,1080p,2026-07-01,,Squirt Queen 69,Cumshot;Creampie;Anal;POV;Exclusive;Babe"
"0889763246698711,https://beeg.link/-0889763246698711,<div style="position: relative; width: 100%; padding-top: calc(100% / (1920/1080) + 24px);"><iframe id="beeg-embed-iframe" src="" style="position: absolute; top: 0; left: 0; width: 100%; height: 100%;color-scheme: auto;background-color: transparent;" frameborder="0" allowfullscreen referrerpolicy="unsafe-url"></iframe><script>var embedUrl = "https://beeg.link/embed/0889763246698711?utm_campaign=LUX1058150401";var referrer = document.referrer;if (referrer && referrer.replace(/^https?:\/\//i, '').split(/[\/?#]/)[0] === window.location.host) {var sep = embedUrl.indexOf('?') === -1 ? '?' : '&';embedUrl = embedUrl + sep + 'utm_source=' + encodeURIComponent(referrer);}document.getElementById('beeg-embed-iframe').src = embedUrl;</script></div>,https://beeg.link/embed/0889763246698711,1.77778,https://thumbs.externulls.com/videos/889763246698711/0.jpg,You have Just 2 Minutes to Cum Inside My Pussy than I will Squirt on You,508,1080p,2026-07-01,,Squirt Queen 69,Hardcore;Cumshot;Exclusive;Fetish;Creampie;POV"
"0423503369056508,https://beeg.link/-0423503369056508,<div style="position: relative; width: 100%; padding-top: calc(100% / (1920/1080) + 24px);"><iframe id="beeg-embed-iframe" src="" style="position: absolute; top: 0; left: 0; width: 100%; height: 100%;color-scheme: auto;background-color: transparent;" frameborder="0" allowfullscreen referrerpolicy="unsafe-url"></iframe><script>var embedUrl = "https://beeg.link/embed/0423503369056508?utm_campaign=LUX1058150401";var referrer = document.referrer;if (referrer && referrer.replace(/^https?:\/\//i, '').split(/[\/?#]/)[0] === window.location.host) {var sep = embedUrl.indexOf('?') === -1 ? '?' : '&';embedUrl = embedUrl + sep + 'utm_source=' + encodeURIComponent(referrer);}document.getElementById('beeg-embed-iframe').src = embedUrl;</script></div>,https://beeg.link/embed/0423503369056508,1.77778,https://thumbs.externulls.com/videos/423503369056508/0.jpg,Wtf was This. First Sex after 3 Weeks. so Wet Hot and Crazy,487,1080p,2026-07-01,,Squirt Queen 69,Babe;Exclusive;Hardcore;Female Orgasm;Pissing;POV;Creampie"
"0421403445311056,https://beeg.link/-0421403445311056,<div style="position: relative; width: 100%; padding-top: calc(100% / (1920/1080) + 24px);"><iframe id="beeg-embed-iframe" src="" style="position: absolute; top: 0; left: 0; width: 100%; height: 100%;color-scheme: auto;background-color: transparent;" frameborder="0" allowfullscreen referrerpolicy="unsafe-url"></iframe><script>var embedUrl = "https://beeg.link/embed/0421403445311056?utm_campaign=LUX1058150401";var referrer = document.referrer;if (referrer && referrer.replace(/^https?:\/\//i, '').split(/[\/?#]/)[0] === window.location.host) {var sep = embedUrl.indexOf('?') === -1 ? '?' : '&';embedUrl = embedUrl + sep + 'utm_source=' + encodeURIComponent(referrer);}document.getElementById('beeg-embed-iframe').src = embedUrl;</script></div>,https://beeg.link/embed/0421403445311056,1.77778,https://thumbs.externulls.com/videos/421403445311056/0.jpg,I Am so Hot I Need Your Dick Fuck Me Please,819,1080p,2026-07-01,,Squirt Queen 69,Exclusive;POV;Cumshot;Blowjob;MILF;Hardcore"
"0587773333540034,https://beeg.link/-0587773333540034,<div style="position: relative; width: 100%; padding-top: calc(100% / (1920/1080) + 24px);"><iframe id="beeg-embed-iframe" src="" style="position: absolute; top: 0; left: 0; width: 100%; height: 100%;color-scheme: auto;background-color: transparent;" frameborder="0" allowfullscreen referrerpolicy="unsafe-url"></iframe><script>var embedUrl = "https://beeg.link/embed/0587773333540034?utm_campaign=LUX1058150401";var referrer = document.referrer;if (referrer && referrer.replace(/^https?:\/\//i, '').split(/[\/?#]/)[0] === window.location.host) {var sep = embedUrl.indexOf('?') === -1 ? '?' : '&';embedUrl = embedUrl + sep + 'utm_source=' + encodeURIComponent(referrer);}document.getElementById('beeg-embed-iframe').src = embedUrl;</script></div>,https://beeg.link/embed/0587773333540034,1.77778,https://thumbs.externulls.com/videos/587773333540034/0.jpg,She is Rubbing Her Wet Hairy Pussy on My Dick Till Cumshot with Shaking Orgasm,495,1080p,2026-07-01,,Squirt Queen 69,Exclusive;Fetish;Babe;Creampie;POV;Female Orgasm;Masturbation"
"0826285043538745,https://beeg.link/-0826285043538745,<div style="position: relative; width: 100%; padding-top: calc(100% / (1920/1080) + 24px);"><iframe id="beeg-embed-iframe" src="" style="position: absolute; top: 0; left: 0; width: 100%; height: 100%;color-scheme: auto;background-color: transparent;" frameborder="0" allowfullscreen referrerpolicy="unsafe-url"></iframe><script>var embedUrl = "https://beeg.link/embed/0826285043538745?utm_campaign=LUX1058150401";var referrer = document.referrer;if (referrer && referrer.replace(/^https?:\/\//i, '').split(/[\/?#]/)[0] === window.location.host) {var sep = embedUrl.indexOf('?') === -1 ? '?' : '&';embedUrl = embedUrl + sep + 'utm_source=' + encodeURIComponent(referrer);}document.getElementById('beeg-embed-iframe').src = embedUrl;</script></div>,https://beeg.link/embed/0826285043538745,1.77778,https://thumbs.externulls.com/videos/826285043538745/0.jpg,Bound Multi Squirt Orgasm Torture for Skinny Milf,783,1080p,2026-07-01,,Squirt Queen 69,POV;Exclusive;MILF;Female Orgasm"
"0593496014218950,https://beeg.link/-0593496014218950,<div style="position: relative; width: 100%; padding-top: calc(100% / (1920/1080) + 24px);"><iframe id="beeg-embed-iframe" src="" style="position: absolute; top: 0; left: 0; width: 100%; height: 100%;color-scheme: auto;background-color: transparent;" frameborder="0" allowfullscreen referrerpolicy="unsafe-url"></iframe><script>var embedUrl = "https://beeg.link/embed/0593496014218950?utm_campaign=LUX1058150401";var referrer = document.referrer;if (referrer && referrer.replace(/^https?:\/\//i, '').split(/[\/?#]/)[0] === window.location.host) {var sep = embedUrl.indexOf('?') === -1 ? '?' : '&';embedUrl = embedUrl + sep + 'utm_source=' + encodeURIComponent(referrer);}document.getElementById('beeg-embed-iframe').src = embedUrl;</script></div>,https://beeg.link/embed/0593496014218950,1.77778,https://thumbs.externulls.com/videos/593496014218950/0.jpg,Close Up He Cums in My Tight Pussy Full of Creampie,496,1080p,2026-07-01,,Squirt Queen 69,Hardcore;Cumshot;Creampie;POV;Exclusive;Babe"
"0407090368789026,https://beeg.link/-0407090368789026,<div style="position: relative; width: 100%; padding-top: calc(100% / (1920/1080) + 24px);"><iframe id="beeg-embed-iframe" src="" style="position: absolute; top: 0; left: 0; width: 100%; height: 100%;color-scheme: auto;background-color: transparent;" frameborder="0" allowfullscreen referrerpolicy="unsafe-url"></iframe><script>var embedUrl = "https://beeg.link/embed/0407090368789026?utm_campaign=LUX1058150401";var referrer = document.referrer;if (referrer && referrer.replace(/^https?:\/\//i, '').split(/[\/?#]/)[0] === window.location.host) {var sep = embedUrl.indexOf('?') === -1 ? '?' : '&';embedUrl = embedUrl + sep + 'utm_source=' + encodeURIComponent(referrer);}document.getElementById('beeg-embed-iframe').src = embedUrl;</script></div>,https://beeg.link/embed/0407090368789026,1.77778,https://thumbs.externulls.com/videos/407090368789026/0.jpg,My Friend Caught Me Watching + Squirting on Vegan Dick Porn Vids,467,1080p,2026-07-01,,Squirt Queen 69,Female Orgasm;Masturbation;Exclusive;Babe;Big"
"0595062807329933,https://beeg.link/-0595062807329933,<div style="position: relative; width: 100%; padding-top: calc(100% / (1920/1080) + 24px);"><iframe id="beeg-embed-iframe" src="" style="position: absolute; top: 0; left: 0; width: 100%; height: 100%;color-scheme: auto;background-color: transparent;" frameborder="0" allowfullscreen referrerpolicy="unsafe-url"></iframe><script>var embedUrl = "https://beeg.link/embed/0595062807329933?utm_campaign=LUX1058150401";var referrer = document.referrer;if (referrer && referrer.replace(/^https?:\/\//i, '').split(/[\/?#]/)[0] === window.location.host) {var sep = embedUrl.indexOf('?') === -1 ? '?' : '&';embedUrl = embedUrl + sep + 'utm_source=' + encodeURIComponent(referrer);}document.getElementById('beeg-embed-iframe').src = embedUrl;</script></div>,https://beeg.link/embed/0595062807329933,1.77778,https://thumbs.externulls.com/videos/595062807329933/0.jpg,The Ride on the Sybian Let Me Cum so Intensive,566,1080p,2026-07-01,,Squirt Queen 69,Exclusive;Masturbation;MILF;POV;Big"
"0890810135310688,https://beeg.link/-0890810135310688,<div style="position: relative; width: 100%; padding-top: calc(100% / (1920/1080) + 24px);"><iframe id="beeg-embed-iframe" src="" style="position: absolute; top: 0; left: 0; width: 100%; height: 100%;color-scheme: auto;background-color: transparent;" frameborder="0" allowfullscreen referrerpolicy="unsafe-url"></iframe><script>var embedUrl = "https://beeg.link/embed/0890810135310688?utm_campaign=LUX1058150401";var referrer = document.referrer;if (referrer && referrer.replace(/^https?:\/\//i, '').split(/[\/?#]/)[0] === window.location.host) {var sep = embedUrl.indexOf('?') === -1 ? '?' : '&';embedUrl = embedUrl + sep + 'utm_source=' + encodeURIComponent(referrer);}document.getElementById('beeg-embed-iframe').src = embedUrl;</script></div>,https://beeg.link/embed/0890810135310688,1.77778,https://thumbs.externulls.com/videos/890810135310688/0.jpg,Perfect Sex with Handjob Titfuck Sex and Cumshot on Tits,591,1080p,2026-07-01,,Squirt Queen 69,Handjob;MILF;Hardcore;Big;Babe;Exclusive;POV"
"0396276574879234,https://beeg.link/-0396276574879234,<div style="position: relative; width: 100%; padding-top: calc(100% / (1920/1080) + 24px);"><iframe id="beeg-embed-iframe" src="" style="position: absolute; top: 0; left: 0; width: 100%; height: 100%;color-scheme: auto;background-color: transparent;" frameborder="0" allowfullscreen referrerpolicy="unsafe-url"></iframe><script>var embedUrl = "https://beeg.link/embed/0396276574879234?utm_campaign=LUX1058150401";var referrer = document.referrer;if (referrer && referrer.replace(/^https?:\/\//i, '').split(/[\/?#]/)[0] === window.location.host) {var sep = embedUrl.indexOf('?') === -1 ? '?' : '&';embedUrl = embedUrl + sep + 'utm_source=' + encodeURIComponent(referrer);}document.getElementById('beeg-embed-iframe').src = embedUrl;</script></div>,https://beeg.link/embed/0396276574879234,1.77778,https://thumbs.externulls.com/videos/396276574879234/0.jpg,Bound Multi Squirt Orgasm Control Torture for Wet Tight Milf,727,1080p,2026-07-01,,Squirt Queen 69,MILF;Female Orgasm;POV;Babe;Exclusive;Creampie"
"0898942115263979,https://beeg.link/-0898942115263979,<div style="position: relative; width: 100%; padding-top: calc(100% / (1920/1080) + 24px);"><iframe id="beeg-embed-iframe" src="" style="position: absolute; top: 0; left: 0; width: 100%; height: 100%;color-scheme: auto;background-color: transparent;" frameborder="0" allowfullscreen referrerpolicy="unsafe-url"></iframe><script>var embedUrl = "https://beeg.link/embed/0898942115263979?utm_campaign=LUX1058150401";var referrer = document.referrer;if (referrer && referrer.replace(/^https?:\/\//i, '').split(/[\/?#]/)[0] === window.location.host) {var sep = embedUrl.indexOf('?') === -1 ? '?' : '&';embedUrl = embedUrl + sep + 'utm_source=' + encodeURIComponent(referrer);}document.getElementById('beeg-embed-iframe').src = embedUrl;</script></div>,https://beeg.link/embed/0898942115263979,1.77778,https://thumbs.externulls.com/videos/898942115263979/0.jpg,First Pee Piss Battle Compilation Pissing Non Stop His View #glowup2018 Wet,621,1080p,2026-07-01,,Squirt Queen 69,POV;Public;Babe;Exclusive;Fetish;Pissing"
"0385711817707067,https://beeg.link/-0385711817707067,<div style="position: relative; width: 100%; padding-top: calc(100% / (1920/1080) + 24px);"><iframe id="beeg-embed-iframe" src="" style="position: absolute; top: 0; left: 0; width: 100%; height: 100%;color-scheme: auto;background-color: transparent;" frameborder="0" allowfullscreen referrerpolicy="unsafe-url"></iframe><script>var embedUrl = "https://beeg.link/embed/0385711817707067?utm_campaign=LUX1058150401";var referrer = document.referrer;if (referrer && referrer.replace(/^https?:\/\//i, '').split(/[\/?#]/)[0] === window.location.host) {var sep = embedUrl.indexOf('?') === -1 ? '?' : '&';embedUrl = embedUrl + sep + 'utm_source=' + encodeURIComponent(referrer);}document.getElementById('beeg-embed-iframe').src = embedUrl;</script></div>,https://beeg.link/embed/0385711817707067,1.77778,https://thumbs.externulls.com/videos/385711817707067/0.jpg,Cowgirl Rides a Bounded Boy Fast and Squirts on His Cock,489,1080p,2026-07-01,,Squirt Queen 69,Exclusive;Hardcore;POV;Creampie;Female Orgasm"
"0606839761684740,https://beeg.link/-0606839761684740,<div style="position: relative; width: 100%; padding-top: calc(100% / (1920/1080) + 24px);"><iframe id="beeg-embed-iframe" src="" style="position: absolute; top: 0; left: 0; width: 100%; height: 100%;color-scheme: auto;background-color: transparent;" frameborder="0" allowfullscreen referrerpolicy="unsafe-url"></iframe><script>var embedUrl = "https://beeg.link/embed/0606839761684740?utm_campaign=LUX1058150401";var referrer = document.referrer;if (referrer && referrer.replace(/^https?:\/\//i, '').split(/[\/?#]/)[0] === window.location.host) {var sep = embedUrl.indexOf('?') === -1 ? '?' : '&';embedUrl = embedUrl + sep + 'utm_source=' + encodeURIComponent(referrer);}document.getElementById('beeg-embed-iframe').src = embedUrl;</script></div>,https://beeg.link/embed/0606839761684740,1.77778,https://thumbs.externulls.com/videos/606839761684740/0.jpg,Tiny Milf has Fun with Her Sybian,886,1080p,2026-07-01,,Squirt Queen 69,MILF;Brunette;Exclusive;Mature;Female Orgasm"
"0900137886175811,https://beeg.link/-0900137886175811,<div style="position: relative; width: 100%; padding-top: calc(100% / (1920/1080) + 24px);"><iframe id="beeg-embed-iframe" src="" style="position: absolute; top: 0; left: 0; width: 100%; height: 100%;color-scheme: auto;background-color: transparent;" frameborder="0" allowfullscreen referrerpolicy="unsafe-url"></iframe><script>var embedUrl = "https://beeg.link/embed/0900137886175811?utm_campaign=LUX1058150401";var referrer = document.referrer;if (referrer && referrer.replace(/^https?:\/\//i, '').split(/[\/?#]/)[0] === window.location.host) {var sep = embedUrl.indexOf('?') === -1 ? '?' : '&';embedUrl = embedUrl + sep + 'utm_source=' + encodeURIComponent(referrer);}document.getElementById('beeg-embed-iframe').src = embedUrl;</script></div>,https://beeg.link/embed/0900137886175811,1.77778,https://thumbs.externulls.com/videos/900137886175811/0.jpg,Horny Milf Gives a Perfect Handjob,493,1080p,2026-07-01,,Squirt Queen 69,Babe;Exclusive;MILF;POV;Handjob;Cumshot;Brunette;Asian"
"0817073390228621,https://beeg.link/-0817073390228621,<div style="position: relative; width: 100%; padding-top: calc(100% / (1920/1080) + 24px);"><iframe id="beeg-embed-iframe" src="" style="position: absolute; top: 0; left: 0; width: 100%; height: 100%;color-scheme: auto;background-color: transparent;" frameborder="0" allowfullscreen referrerpolicy="unsafe-url"></iframe><script>var embedUrl = "https://beeg.link/embed/0817073390228621?utm_campaign=LUX1058150401";var referrer = document.referrer;if (referrer && referrer.replace(/^https?:\/\//i, '').split(/[\/?#]/)[0] === window.location.host) {var sep = embedUrl.indexOf('?') === -1 ? '?' : '&';embedUrl = embedUrl + sep + 'utm_source=' + encodeURIComponent(referrer);}document.getElementById('beeg-embed-iframe').src = embedUrl;</script></div>,https://beeg.link/embed/0817073390228621,1.77778,https://thumbs.externulls.com/videos/817073390228621/0.jpg,Please Cum Fast Inside My Tight Pussy than I will Squirt on You - Full Version,963,1080p,2026-07-01,,Squirt Queen 69,Babe;Exclusive;Masturbation;Female Orgasm;Creampie;Cumshot;Hardcore"
"0364737081580219,https://beeg.link/-0364737081580219,<div style="position: relative; width: 100%; padding-top: calc(100% / (1920/1080) + 24px);"><iframe id="beeg-embed-iframe" src="" style="position: absolute; top: 0; left: 0; width: 100%; height: 100%;color-scheme: auto;background-color: transparent;" frameborder="0" allowfullscreen referrerpolicy="unsafe-url"></iframe><script>var embedUrl = "https://beeg.link/embed/0364737081580219?utm_campaign=LUX1058150401";var referrer = document.referrer;if (referrer && referrer.replace(/^https?:\/\//i, '').split(/[\/?#]/)[0] === window.location.host) {var sep = embedUrl.indexOf('?') === -1 ? '?' : '&';embedUrl = embedUrl + sep + 'utm_source=' + encodeURIComponent(referrer);}document.getElementById('beeg-embed-iframe').src = embedUrl;</script></div>,https://beeg.link/embed/0364737081580219,1.77778,https://thumbs.externulls.com/videos/364737081580219/0.jpg,Pillow Humping Orgasm with Loud Load Moaning,598,1080p,2026-07-01,,Squirt Queen 69,Masturbation;POV;Fetish;Exclusive;Babe;Female Orgasm"
"0997326911902270,https://beeg.link/-0997326911902270,<div style="position: relative; width: 100%; padding-top: calc(100% / (1920/1080) + 24px);"><iframe id="beeg-embed-iframe" src="" style="position: absolute; top: 0; left: 0; width: 100%; height: 100%;color-scheme: auto;background-color: transparent;" frameborder="0" allowfullscreen referrerpolicy="unsafe-url"></iframe><script>var embedUrl = "https://beeg.link/embed/0997326911902270?utm_campaign=LUX1058150401";var referrer = document.referrer;if (referrer && referrer.replace(/^https?:\/\//i, '').split(/[\/?#]/)[0] === window.location.host) {var sep = embedUrl.indexOf('?') === -1 ? '?' : '&';embedUrl = embedUrl + sep + 'utm_source=' + encodeURIComponent(referrer);}document.getElementById('beeg-embed-iframe').src = embedUrl;</script></div>,https://beeg.link/embed/0997326911902270,1.77778,https://thumbs.externulls.com/videos/997326911902270/0.jpg,I was so Hot Self Fisting Bbc Multi Squirt Orgasm,766,1080p,2026-07-01,,Squirt Queen 69,Fisting;MILF;Creampie;Exclusive;Female Orgasm;Masturbation"
"0620393423946925,https://beeg.link/-0620393423946925,<div style="position: relative; width: 100%; padding-top: calc(100% / (1920/1080) + 24px);"><iframe id="beeg-embed-iframe" src="" style="position: absolute; top: 0; left: 0; width: 100%; height: 100%;color-scheme: auto;background-color: transparent;" frameborder="0" allowfullscreen referrerpolicy="unsafe-url"></iframe><script>var embedUrl = "https://beeg.link/embed/0620393423946925?utm_campaign=LUX1058150401";var referrer = document.referrer;if (referrer && referrer.replace(/^https?:\/\//i, '').split(/[\/?#]/)[0] === window.location.host) {var sep = embedUrl.indexOf('?') === -1 ? '?' : '&';embedUrl = embedUrl + sep + 'utm_source=' + encodeURIComponent(referrer);}document.getElementById('beeg-embed-iframe').src = embedUrl;</script></div>,https://beeg.link/embed/0620393423946925,1.77778,https://thumbs.externulls.com/videos/620393423946925/0.jpg,Hottest I Cumshots I Creampie Compilation Part Ii,687,1080p,2026-07-01,,Squirt Queen 69,Creampie Compilation;Exclusive;Female Orgasm;Creampie;Cumshot;Hardcore"
"0812834586975048,https://beeg.link/-0812834586975048,<div style="position: relative; width: 100%; padding-top: calc(100% / (1920/1080) + 24px);"><iframe id="beeg-embed-iframe" src="" style="position: absolute; top: 0; left: 0; width: 100%; height: 100%;color-scheme: auto;background-color: transparent;" frameborder="0" allowfullscreen referrerpolicy="unsafe-url"></iframe><script>var embedUrl = "https://beeg.link/embed/0812834586975048?utm_campaign=LUX1058150401";var referrer = document.referrer;if (referrer && referrer.replace(/^https?:\/\//i, '').split(/[\/?#]/)[0] === window.location.host) {var sep = embedUrl.indexOf('?') === -1 ? '?' : '&';embedUrl = embedUrl + sep + 'utm_source=' + encodeURIComponent(referrer);}document.getElementById('beeg-embed-iframe').src = embedUrl;</script></div>,https://beeg.link/embed/0812834586975048,1.77778,https://thumbs.externulls.com/videos/812834586975048/0.jpg,Perfect Sex with Perfect Girl Incl. Dp,493,1080p,2026-07-01,,Squirt Queen 69,Babe;Creampie;Blowjob;Asian;Exclusive"
"0625792997355053,https://beeg.link/-0625792997355053,<div style="position: relative; width: 100%; padding-top: calc(100% / (1920/1080) + 24px);"><iframe id="beeg-embed-iframe" src="" style="position: absolute; top: 0; left: 0; width: 100%; height: 100%;color-scheme: auto;background-color: transparent;" frameborder="0" allowfullscreen referrerpolicy="unsafe-url"></iframe><script>var embedUrl = "https://beeg.link/embed/0625792997355053?utm_campaign=LUX1058150401";var referrer = document.referrer;if (referrer && referrer.replace(/^https?:\/\//i, '').split(/[\/?#]/)[0] === window.location.host) {var sep = embedUrl.indexOf('?') === -1 ? '?' : '&';embedUrl = embedUrl + sep + 'utm_source=' + encodeURIComponent(referrer);}document.getElementById('beeg-embed-iframe').src = embedUrl;</script></div>,https://beeg.link/embed/0625792997355053,1.77778,https://thumbs.externulls.com/videos/625792997355053/0.jpg,How a Good Girl Should Ride a Cock,1189,1080p,2026-07-01,,Squirt Queen 69,Babe;Exclusive;Female Orgasm;Creampie;Cumshot;Hardcore;Asian"
"0629205135159895,https://beeg.link/-0629205135159895,<div style="position: relative; width: 100%; padding-top: calc(100% / (1920/1080) + 24px);"><iframe id="beeg-embed-iframe" src="" style="position: absolute; top: 0; left: 0; width: 100%; height: 100%;color-scheme: auto;background-color: transparent;" frameborder="0" allowfullscreen referrerpolicy="unsafe-url"></iframe><script>var embedUrl = "https://beeg.link/embed/0629205135159895?utm_campaign=LUX1058150401";var referrer = document.referrer;if (referrer && referrer.replace(/^https?:\/\//i, '').split(/[\/?#]/)[0] === window.location.host) {var sep = embedUrl.indexOf('?') === -1 ? '?' : '&';embedUrl = embedUrl + sep + 'utm_source=' + encodeURIComponent(referrer);}document.getElementById('beeg-embed-iframe').src = embedUrl;</script></div>,https://beeg.link/embed/0629205135159895,1.77778,https://thumbs.externulls.com/videos/629205135159895/0.jpg,He Let Me Squirt by Fucking My Tight Asshole Full Version,1084,1080p,2026-07-01,,Squirt Queen 69,Exclusive;Masturbation;Anal;Brunette;Hardcore;Babe;Female Orgasm"
"0906025599831279,https://beeg.link/-0906025599831279,<div style="position: relative; width: 100%; padding-top: calc(100% / (1920/1080) + 24px);"><iframe id="beeg-embed-iframe" src="" style="position: absolute; top: 0; left: 0; width: 100%; height: 100%;color-scheme: auto;background-color: transparent;" frameborder="0" allowfullscreen referrerpolicy="unsafe-url"></iframe><script>var embedUrl = "https://beeg.link/embed/0906025599831279?utm_campaign=LUX1058150401";var referrer = document.referrer;if (referrer && referrer.replace(/^https?:\/\//i, '').split(/[\/?#]/)[0] === window.location.host) {var sep = embedUrl.indexOf('?') === -1 ? '?' : '&';embedUrl = embedUrl + sep + 'utm_source=' + encodeURIComponent(referrer);}document.getElementById('beeg-embed-iframe').src = embedUrl;</script></div>,https://beeg.link/embed/0906025599831279,1.77778,https://thumbs.externulls.com/videos/906025599831279/0.jpg,She is Rubbing Her Wet Pussy on My Cock Untill We Cum Together,528,1080p,2026-07-01,,Squirt Queen 69,POV;Hardcore;Female Orgasm;MILF;Exclusive"
"0342736104167160,https://beeg.link/-0342736104167160,<div style="position: relative; width: 100%; padding-top: calc(100% / (1920/1080) + 24px);"><iframe id="beeg-embed-iframe" src="" style="position: absolute; top: 0; left: 0; width: 100%; height: 100%;color-scheme: auto;background-color: transparent;" frameborder="0" allowfullscreen referrerpolicy="unsafe-url"></iframe><script>var embedUrl = "https://beeg.link/embed/0342736104167160?utm_campaign=LUX1058150401";var referrer = document.referrer;if (referrer && referrer.replace(/^https?:\/\//i, '').split(/[\/?#]/)[0] === window.location.host) {var sep = embedUrl.indexOf('?') === -1 ? '?' : '&';embedUrl = embedUrl + sep + 'utm_source=' + encodeURIComponent(referrer);}document.getElementById('beeg-embed-iframe').src = embedUrl;</script></div>,https://beeg.link/embed/0342736104167160,1.77778,https://thumbs.externulls.com/videos/342736104167160/0.jpg,The Ride on the Sybian Makes Me Crazy and Let Me Cum Hard,561,1080p,2026-07-01,,Squirt Queen 69,MILF;Babe;Exclusive;Female Orgasm"
"0910914238508661,https://beeg.link/-0910914238508661,<div style="position: relative; width: 100%; padding-top: calc(100% / (1920/1080) + 24px);"><iframe id="beeg-embed-iframe" src="" style="position: absolute; top: 0; left: 0; width: 100%; height: 100%;color-scheme: auto;background-color: transparent;" frameborder="0" allowfullscreen referrerpolicy="unsafe-url"></iframe><script>var embedUrl = "https://beeg.link/embed/0910914238508661?utm_campaign=LUX1058150401";var referrer = document.referrer;if (referrer && referrer.replace(/^https?:\/\//i, '').split(/[\/?#]/)[0] === window.location.host) {var sep = embedUrl.indexOf('?') === -1 ? '?' : '&';embedUrl = embedUrl + sep + 'utm_source=' + encodeURIComponent(referrer);}document.getElementById('beeg-embed-iframe').src = embedUrl;</script></div>,https://beeg.link/embed/0910914238508661,1.77778,https://thumbs.externulls.com/videos/910914238508661/0.jpg,He Can't Handle My Pumped Pussy Cowgirl and Clit Rubbing Orgasm,443,1080p,2026-07-01,,Squirt Queen 69,Creampie;Exclusive;Mature;Big"
"0923477877063013,https://beeg.link/-0923477877063013,<div style="position: relative; width: 100%; padding-top: calc(100% / (1920/1080) + 24px);"><iframe id="beeg-embed-iframe" src="" style="position: absolute; top: 0; left: 0; width: 100%; height: 100%;color-scheme: auto;background-color: transparent;" frameborder="0" allowfullscreen referrerpolicy="unsafe-url"></iframe><script>var embedUrl = "https://beeg.link/embed/0923477877063013?utm_campaign=LUX1058150401";var referrer = document.referrer;if (referrer && referrer.replace(/^https?:\/\//i, '').split(/[\/?#]/)[0] === window.location.host) {var sep = embedUrl.indexOf('?') === -1 ? '?' : '&';embedUrl = embedUrl + sep + 'utm_source=' + encodeURIComponent(referrer);}document.getElementById('beeg-embed-iframe').src = embedUrl;</script></div>,https://beeg.link/embed/0923477877063013,1.77778,https://thumbs.externulls.com/videos/923477877063013/0.jpg,Close-up Multiple Squirt Orgasm on My Sex Chair,552,1080p,2026-07-01,,Squirt Queen 69,Exclusive;Babe;Asian;Female Orgasm;Masturbation"
"0316440502337832,https://beeg.link/-0316440502337832,<div style="position: relative; width: 100%; padding-top: calc(100% / (1920/1080) + 24px);"><iframe id="beeg-embed-iframe" src="" style="position: absolute; top: 0; left: 0; width: 100%; height: 100%;color-scheme: auto;background-color: transparent;" frameborder="0" allowfullscreen referrerpolicy="unsafe-url"></iframe><script>var embedUrl = "https://beeg.link/embed/0316440502337832?utm_campaign=LUX1058150401";var referrer = document.referrer;if (referrer && referrer.replace(/^https?:\/\//i, '').split(/[\/?#]/)[0] === window.location.host) {var sep = embedUrl.indexOf('?') === -1 ? '?' : '&';embedUrl = embedUrl + sep + 'utm_source=' + encodeURIComponent(referrer);}document.getElementById('beeg-embed-iframe').src = embedUrl;</script></div>,https://beeg.link/embed/0316440502337832,1.77778,https://thumbs.externulls.com/videos/316440502337832/0.jpg,Cumming Fast in My Panties after Gym,432,1080p,2026-07-01,,Squirt Queen 69,Cumshot;POV;Exclusive;Fetish;Babe;Handjob"
"0307521606439895,https://beeg.link/-0307521606439895,<div style="position: relative; width: 100%; padding-top: calc(100% / (1920/1080) + 24px);"><iframe id="beeg-embed-iframe" src="" style="position: absolute; top: 0; left: 0; width: 100%; height: 100%;color-scheme: auto;background-color: transparent;" frameborder="0" allowfullscreen referrerpolicy="unsafe-url"></iframe><script>var embedUrl = "https://beeg.link/embed/0307521606439895?utm_campaign=LUX1058150401";var referrer = document.referrer;if (referrer && referrer.replace(/^https?:\/\//i, '').split(/[\/?#]/)[0] === window.location.host) {var sep = embedUrl.indexOf('?') === -1 ? '?' : '&';embedUrl = embedUrl + sep + 'utm_source=' + encodeURIComponent(referrer);}document.getElementById('beeg-embed-iframe').src = embedUrl;</script></div>,https://beeg.link/embed/0307521606439895,1.77778,https://thumbs.externulls.com/videos/307521606439895/0.jpg,Hottest I Cumshots I Creampie Compilation Part I,778,1080p,2026-07-01,,Squirt Queen 69,Creampie Compilation;Asian;Exclusive;Anal;Handjob;Creampie;Cumshot;Hardcore"
"0295133352674974,https://beeg.link/-0295133352674974,<div style="position: relative; width: 100%; padding-top: calc(100% / (1920/1080) + 24px);"><iframe id="beeg-embed-iframe" src="" style="position: absolute; top: 0; left: 0; width: 100%; height: 100%;color-scheme: auto;background-color: transparent;" frameborder="0" allowfullscreen referrerpolicy="unsafe-url"></iframe><script>var embedUrl = "https://beeg.link/embed/0295133352674974?utm_campaign=LUX1058150401";var referrer = document.referrer;if (referrer && referrer.replace(/^https?:\/\//i, '').split(/[\/?#]/)[0] === window.location.host) {var sep = embedUrl.indexOf('?') === -1 ? '?' : '&';embedUrl = embedUrl + sep + 'utm_source=' + encodeURIComponent(referrer);}document.getElementById('beeg-embed-iframe').src = embedUrl;</script></div>,https://beeg.link/embed/0295133352674974,1.77778,https://thumbs.externulls.com/videos/295133352674974/0.jpg,Big Pumped Squirting Pussy Makes Him Crazy,421,1080p,2026-07-01,,Squirt Queen 69,Babe;Exclusive;Fetish;MILF;POV;Creampie;Hardcore"
"0791163006148376,https://beeg.link/-0791163006148376,<div style="position: relative; width: 100%; padding-top: calc(100% / (1920/1080) + 24px);"><iframe id="beeg-embed-iframe" src="" style="position: absolute; top: 0; left: 0; width: 100%; height: 100%;color-scheme: auto;background-color: transparent;" frameborder="0" allowfullscreen referrerpolicy="unsafe-url"></iframe><script>var embedUrl = "https://beeg.link/embed/0791163006148376?utm_campaign=LUX1058150401";var referrer = document.referrer;if (referrer && referrer.replace(/^https?:\/\//i, '').split(/[\/?#]/)[0] === window.location.host) {var sep = embedUrl.indexOf('?') === -1 ? '?' : '&';embedUrl = embedUrl + sep + 'utm_source=' + encodeURIComponent(referrer);}document.getElementById('beeg-embed-iframe').src = embedUrl;</script></div>,https://beeg.link/embed/0791163006148376,1.77778,https://thumbs.externulls.com/videos/791163006148376/0.jpg,Girl gets Fucked in Her Pussy + Ass and have a Multiple Squirt Orgasm,881,1080p,2026-07-01,,Squirt Queen 69,Hardcore;Anal;POV;Exclusive;Creampie"
"0291288100493074,https://beeg.link/-0291288100493074,<div style="position: relative; width: 100%; padding-top: calc(100% / (1920/1080) + 24px);"><iframe id="beeg-embed-iframe" src="" style="position: absolute; top: 0; left: 0; width: 100%; height: 100%;color-scheme: auto;background-color: transparent;" frameborder="0" allowfullscreen referrerpolicy="unsafe-url"></iframe><script>var embedUrl = "https://beeg.link/embed/0291288100493074?utm_campaign=LUX1058150401";var referrer = document.referrer;if (referrer && referrer.replace(/^https?:\/\//i, '').split(/[\/?#]/)[0] === window.location.host) {var sep = embedUrl.indexOf('?') === -1 ? '?' : '&';embedUrl = embedUrl + sep + 'utm_source=' + encodeURIComponent(referrer);}document.getElementById('beeg-embed-iframe').src = embedUrl;</script></div>,https://beeg.link/embed/0291288100493074,1.77778,https://thumbs.externulls.com/videos/291288100493074/0.jpg,Horny Milf is Masturbating Her Big Pumped Pussy,730,1080p,2026-07-01,,Squirt Queen 69,MILF;Female Orgasm;Exclusive;Babe;POV;Asian;Masturbation"
"0286440035864635,https://beeg.link/-0286440035864635,<div style="position: relative; width: 100%; padding-top: calc(100% / (1920/1080) + 24px);"><iframe id="beeg-embed-iframe" src="" style="position: absolute; top: 0; left: 0; width: 100%; height: 100%;color-scheme: auto;background-color: transparent;" frameborder="0" allowfullscreen referrerpolicy="unsafe-url"></iframe><script>var embedUrl = "https://beeg.link/embed/0286440035864635?utm_campaign=LUX1058150401";var referrer = document.referrer;if (referrer && referrer.replace(/^https?:\/\//i, '').split(/[\/?#]/)[0] === window.location.host) {var sep = embedUrl.indexOf('?') === -1 ? '?' : '&';embedUrl = embedUrl + sep + 'utm_source=' + encodeURIComponent(referrer);}document.getElementById('beeg-embed-iframe').src = embedUrl;</script></div>,https://beeg.link/embed/0286440035864635,1.77778,https://thumbs.externulls.com/videos/286440035864635/0.jpg,Squat Riding Babe Let Him Cum Twice,716,1080p,2026-07-01,,Squirt Queen 69,Babe;Brunette;Asian;Creampie;POV;Female Orgasm;Exclusive"
"0930493134214686,https://beeg.link/-0930493134214686,<div style="position: relative; width: 100%; padding-top: calc(100% / (1920/1080) + 24px);"><iframe id="beeg-embed-iframe" src="" style="position: absolute; top: 0; left: 0; width: 100%; height: 100%;color-scheme: auto;background-color: transparent;" frameborder="0" allowfullscreen referrerpolicy="unsafe-url"></iframe><script>var embedUrl = "https://beeg.link/embed/0930493134214686?utm_campaign=LUX1058150401";var referrer = document.referrer;if (referrer && referrer.replace(/^https?:\/\//i, '').split(/[\/?#]/)[0] === window.location.host) {var sep = embedUrl.indexOf('?') === -1 ? '?' : '&';embedUrl = embedUrl + sep + 'utm_source=' + encodeURIComponent(referrer);}document.getElementById('beeg-embed-iframe').src = embedUrl;</script></div>,https://beeg.link/embed/0930493134214686,1.77778,https://thumbs.externulls.com/videos/930493134214686/0.jpg,My First Anal Sex with Extreme Squirt Orgasm It was so Great,654,1080p,2026-07-01,,Squirt Queen 69,MILF;Exclusive;POV;Public;Hardcore"
"0281708491725981,https://beeg.link/-0281708491725981,<div style="position: relative; width: 100%; padding-top: calc(100% / (1920/1080) + 24px);"><iframe id="beeg-embed-iframe" src="" style="position: absolute; top: 0; left: 0; width: 100%; height: 100%;color-scheme: auto;background-color: transparent;" frameborder="0" allowfullscreen referrerpolicy="unsafe-url"></iframe><script>var embedUrl = "https://beeg.link/embed/0281708491725981?utm_campaign=LUX1058150401";var referrer = document.referrer;if (referrer && referrer.replace(/^https?:\/\//i, '').split(/[\/?#]/)[0] === window.location.host) {var sep = embedUrl.indexOf('?') === -1 ? '?' : '&';embedUrl = embedUrl + sep + 'utm_source=' + encodeURIComponent(referrer);}document.getElementById('beeg-embed-iframe').src = embedUrl;</script></div>,https://beeg.link/embed/0281708491725981,1.77778,https://thumbs.externulls.com/videos/281708491725981/0.jpg,Eat My Pussy and I will Squirt in Your Mouth,528,1080p,2026-07-01,,Squirt Queen 69,Babe;Exclusive;Pussy Licking;Asian"
"0281301371045270,https://beeg.link/-0281301371045270,<div style="position: relative; width: 100%; padding-top: calc(100% / (1920/1080) + 24px);"><iframe id="beeg-embed-iframe" src="" style="position: absolute; top: 0; left: 0; width: 100%; height: 100%;color-scheme: auto;background-color: transparent;" frameborder="0" allowfullscreen referrerpolicy="unsafe-url"></iframe><script>var embedUrl = "https://beeg.link/embed/0281301371045270?utm_campaign=LUX1058150401";var referrer = document.referrer;if (referrer && referrer.replace(/^https?:\/\//i, '').split(/[\/?#]/)[0] === window.location.host) {var sep = embedUrl.indexOf('?') === -1 ? '?' : '&';embedUrl = embedUrl + sep + 'utm_source=' + encodeURIComponent(referrer);}document.getElementById('beeg-embed-iframe').src = embedUrl;</script></div>,https://beeg.link/embed/0281301371045270,1.77778,https://thumbs.externulls.com/videos/281301371045270/0.jpg,I Show Him how to have Great Sex,860,1080p,2026-07-01,,Squirt Queen 69,Fetish;German;POV;Blowjob;Exclusive"
"0781334319647989,https://beeg.link/-0781334319647989,<div style="position: relative; width: 100%; padding-top: calc(100% / (1920/1080) + 24px);"><iframe id="beeg-embed-iframe" src="" style="position: absolute; top: 0; left: 0; width: 100%; height: 100%;color-scheme: auto;background-color: transparent;" frameborder="0" allowfullscreen referrerpolicy="unsafe-url"></iframe><script>var embedUrl = "https://beeg.link/embed/0781334319647989?utm_campaign=LUX1058150401";var referrer = document.referrer;if (referrer && referrer.replace(/^https?:\/\//i, '').split(/[\/?#]/)[0] === window.location.host) {var sep = embedUrl.indexOf('?') === -1 ? '?' : '&';embedUrl = embedUrl + sep + 'utm_source=' + encodeURIComponent(referrer);}document.getElementById('beeg-embed-iframe').src = embedUrl;</script></div>,https://beeg.link/embed/0781334319647989,1.77778,https://thumbs.externulls.com/videos/781334319647989/0.jpg,Please Cum Fast Inside My Tight Pussy than I will Squirt on You,421,1080p,2026-07-01,,Squirt Queen 69,Female Orgasm;Cumshot;Creampie;POV;Hardcore;Exclusive;Babe"
"0278784288823295,https://beeg.link/-0278784288823295,<div style="position: relative; width: 100%; padding-top: calc(100% / (1920/1080) + 24px);"><iframe id="beeg-embed-iframe" src="" style="position: absolute; top: 0; left: 0; width: 100%; height: 100%;color-scheme: auto;background-color: transparent;" frameborder="0" allowfullscreen referrerpolicy="unsafe-url"></iframe><script>var embedUrl = "https://beeg.link/embed/0278784288823295?utm_campaign=LUX1058150401";var referrer = document.referrer;if (referrer && referrer.replace(/^https?:\/\//i, '').split(/[\/?#]/)[0] === window.location.host) {var sep = embedUrl.indexOf('?') === -1 ? '?' : '&';embedUrl = embedUrl + sep + 'utm_source=' + encodeURIComponent(referrer);}document.getElementById('beeg-embed-iframe').src = embedUrl;</script></div>,https://beeg.link/embed/0278784288823295,1.77778,https://thumbs.externulls.com/videos/278784288823295/0.jpg,Please Don`t Cum Inside Me I Need It on My Pussy,816,1080p,2026-07-01,,Squirt Queen 69,Exclusive;Hardcore;Asian;Cumshot;POV"
"0931673058275039,https://beeg.link/-0931673058275039,<div style="position: relative; width: 100%; padding-top: calc(100% / (1920/1080) + 24px);"><iframe id="beeg-embed-iframe" src="" style="position: absolute; top: 0; left: 0; width: 100%; height: 100%;color-scheme: auto;background-color: transparent;" frameborder="0" allowfullscreen referrerpolicy="unsafe-url"></iframe><script>var embedUrl = "https://beeg.link/embed/0931673058275039?utm_campaign=LUX1058150401";var referrer = document.referrer;if (referrer && referrer.replace(/^https?:\/\//i, '').split(/[\/?#]/)[0] === window.location.host) {var sep = embedUrl.indexOf('?') === -1 ? '?' : '&';embedUrl = embedUrl + sep + 'utm_source=' + encodeURIComponent(referrer);}document.getElementById('beeg-embed-iframe').src = embedUrl;</script></div>,https://beeg.link/embed/0931673058275039,1.77778,https://thumbs.externulls.com/videos/931673058275039/0.jpg,Babe Let Him Fuck to Fleshlight Pussy and get a Big Cumshot on Her Tits,615,1080p,2026-07-01,,Squirt Queen 69,POV;Exclusive;Big;Babe;Handjob"
"0274486755653960,https://beeg.link/-0274486755653960,<div style="position: relative; width: 100%; padding-top: calc(100% / (1920/1080) + 24px);"><iframe id="beeg-embed-iframe" src="" style="position: absolute; top: 0; left: 0; width: 100%; height: 100%;color-scheme: auto;background-color: transparent;" frameborder="0" allowfullscreen referrerpolicy="unsafe-url"></iframe><script>var embedUrl = "https://beeg.link/embed/0274486755653960?utm_campaign=LUX1058150401";var referrer = document.referrer;if (referrer && referrer.replace(/^https?:\/\//i, '').split(/[\/?#]/)[0] === window.location.host) {var sep = embedUrl.indexOf('?') === -1 ? '?' : '&';embedUrl = embedUrl + sep + 'utm_source=' + encodeURIComponent(referrer);}document.getElementById('beeg-embed-iframe').src = embedUrl;</script></div>,https://beeg.link/embed/0274486755653960,1.77778,https://thumbs.externulls.com/videos/274486755653960/0.jpg,Tiny Squirting Milf Needs a Cock and Let Him Cum Fast,567,1080p,2026-07-01,,Squirt Queen 69,POV;Female Orgasm;Masturbation;Exclusive;Hardcore;Babe"
"0268132101736994,https://beeg.link/-0268132101736994,<div style="position: relative; width: 100%; padding-top: calc(100% / (1920/1080) + 24px);"><iframe id="beeg-embed-iframe" src="" style="position: absolute; top: 0; left: 0; width: 100%; height: 100%;color-scheme: auto;background-color: transparent;" frameborder="0" allowfullscreen referrerpolicy="unsafe-url"></iframe><script>var embedUrl = "https://beeg.link/embed/0268132101736994?utm_campaign=LUX1058150401";var referrer = document.referrer;if (referrer && referrer.replace(/^https?:\/\//i, '').split(/[\/?#]/)[0] === window.location.host) {var sep = embedUrl.indexOf('?') === -1 ? '?' : '&';embedUrl = embedUrl + sep + 'utm_source=' + encodeURIComponent(referrer);}document.getElementById('beeg-embed-iframe').src = embedUrl;</script></div>,https://beeg.link/embed/0268132101736994,1.77778,https://thumbs.externulls.com/videos/268132101736994/0.jpg,Slim Girl Loves Dp and Anal until I Squirt,1482,1080p,2026-07-01,,Squirt Queen 69,Anal;Exclusive;POV"
"0253021064073755,https://beeg.link/-0253021064073755,<div style="position: relative; width: 100%; padding-top: calc(100% / (1920/1080) + 24px);"><iframe id="beeg-embed-iframe" src="" style="position: absolute; top: 0; left: 0; width: 100%; height: 100%;color-scheme: auto;background-color: transparent;" frameborder="0" allowfullscreen referrerpolicy="unsafe-url"></iframe><script>var embedUrl = "https://beeg.link/embed/0253021064073755?utm_campaign=LUX1058150401";var referrer = document.referrer;if (referrer && referrer.replace(/^https?:\/\//i, '').split(/[\/?#]/)[0] === window.location.host) {var sep = embedUrl.indexOf('?') === -1 ? '?' : '&';embedUrl = embedUrl + sep + 'utm_source=' + encodeURIComponent(referrer);}document.getElementById('beeg-embed-iframe').src = embedUrl;</script></div>,https://beeg.link/embed/0253021064073755,1.77778,https://thumbs.externulls.com/videos/253021064073755/0.jpg,Masturbating My Squirting Butterfly Pussy,1262,1080p,2026-07-01,,Squirt Queen 69,Exclusive;Female Orgasm;Asian;Babe;Masturbation;POV"
"0939640961724867,https://beeg.link/-0939640961724867,<div style="position: relative; width: 100%; padding-top: calc(100% / (1920/1080) + 24px);"><iframe id="beeg-embed-iframe" src="" style="position: absolute; top: 0; left: 0; width: 100%; height: 100%;color-scheme: auto;background-color: transparent;" frameborder="0" allowfullscreen referrerpolicy="unsafe-url"></iframe><script>var embedUrl = "https://beeg.link/embed/0939640961724867?utm_campaign=LUX1058150401";var referrer = document.referrer;if (referrer && referrer.replace(/^https?:\/\//i, '').split(/[\/?#]/)[0] === window.location.host) {var sep = embedUrl.indexOf('?') === -1 ? '?' : '&';embedUrl = embedUrl + sep + 'utm_source=' + encodeURIComponent(referrer);}document.getElementById('beeg-embed-iframe').src = embedUrl;</script></div>,https://beeg.link/embed/0939640961724867,1.77778,https://thumbs.externulls.com/videos/939640961724867/0.jpg,He Try not to Cum in My Tiny Ass,633,1080p,2026-07-01,,Squirt Queen 69,Creampie;POV;Anal;MILF;Brunette;Hardcore;Babe;Exclusive"
"0237721282100073,https://beeg.link/-0237721282100073,<div style="position: relative; width: 100%; padding-top: calc(100% / (1920/1080) + 24px);"><iframe id="beeg-embed-iframe" src="" style="position: absolute; top: 0; left: 0; width: 100%; height: 100%;color-scheme: auto;background-color: transparent;" frameborder="0" allowfullscreen referrerpolicy="unsafe-url"></iframe><script>var embedUrl = "https://beeg.link/embed/0237721282100073?utm_campaign=LUX1058150401";var referrer = document.referrer;if (referrer && referrer.replace(/^https?:\/\//i, '').split(/[\/?#]/)[0] === window.location.host) {var sep = embedUrl.indexOf('?') === -1 ? '?' : '&';embedUrl = embedUrl + sep + 'utm_source=' + encodeURIComponent(referrer);}document.getElementById('beeg-embed-iframe').src = embedUrl;</script></div>,https://beeg.link/embed/0237721282100073,1.77778,https://thumbs.externulls.com/videos/237721282100073/0.jpg,I Used Him as My Toy Real Homemade Sex,556,1080p,2026-07-01,,Squirt Queen 69,Masturbation;Big;Hardcore;MILF;Female Orgasm;POV;Exclusive;Babe"
"0236612024158093,https://beeg.link/-0236612024158093,<div style="position: relative; width: 100%; padding-top: calc(100% / (1920/1080) + 24px);"><iframe id="beeg-embed-iframe" src="" style="position: absolute; top: 0; left: 0; width: 100%; height: 100%;color-scheme: auto;background-color: transparent;" frameborder="0" allowfullscreen referrerpolicy="unsafe-url"></iframe><script>var embedUrl = "https://beeg.link/embed/0236612024158093?utm_campaign=LUX1058150401";var referrer = document.referrer;if (referrer && referrer.replace(/^https?:\/\//i, '').split(/[\/?#]/)[0] === window.location.host) {var sep = embedUrl.indexOf('?') === -1 ? '?' : '&';embedUrl = embedUrl + sep + 'utm_source=' + encodeURIComponent(referrer);}document.getElementById('beeg-embed-iframe').src = embedUrl;</script></div>,https://beeg.link/embed/0236612024158093,1.77778,https://thumbs.externulls.com/videos/236612024158093/0.jpg,Hey Bitch. Sit down on My Cock and Let Me Cum,707,1080p,2026-07-01,,Squirt Queen 69,Big;Cumshot;Creampie;Exclusive;Babe;POV;Hardcore"
"0707087174360391,https://beeg.link/-0707087174360391,<div style="position: relative; width: 100%; padding-top: calc(100% / (1920/1080) + 24px);"><iframe id="beeg-embed-iframe" src="" style="position: absolute; top: 0; left: 0; width: 100%; height: 100%;color-scheme: auto;background-color: transparent;" frameborder="0" allowfullscreen referrerpolicy="unsafe-url"></iframe><script>var embedUrl = "https://beeg.link/embed/0707087174360391?utm_campaign=LUX1058150401";var referrer = document.referrer;if (referrer && referrer.replace(/^https?:\/\//i, '').split(/[\/?#]/)[0] === window.location.host) {var sep = embedUrl.indexOf('?') === -1 ? '?' : '&';embedUrl = embedUrl + sep + 'utm_source=' + encodeURIComponent(referrer);}document.getElementById('beeg-embed-iframe').src = embedUrl;</script></div>,https://beeg.link/embed/0707087174360391,1.77778,https://thumbs.externulls.com/videos/707087174360391/0.jpg,He Can`t Handle My Extreme Big Pumped Pussy,739,1080p,2026-07-01,,Squirt Queen 69,Babe;Brunette;Cumshot;Female Orgasm;Hardcore;Fetish;Exclusive;POV"
"0950170416273923,https://beeg.link/-0950170416273923,<div style="position: relative; width: 100%; padding-top: calc(100% / (1920/1080) + 24px);"><iframe id="beeg-embed-iframe" src="" style="position: absolute; top: 0; left: 0; width: 100%; height: 100%;color-scheme: auto;background-color: transparent;" frameborder="0" allowfullscreen referrerpolicy="unsafe-url"></iframe><script>var embedUrl = "https://beeg.link/embed/0950170416273923?utm_campaign=LUX1058150401";var referrer = document.referrer;if (referrer && referrer.replace(/^https?:\/\//i, '').split(/[\/?#]/)[0] === window.location.host) {var sep = embedUrl.indexOf('?') === -1 ? '?' : '&';embedUrl = embedUrl + sep + 'utm_source=' + encodeURIComponent(referrer);}document.getElementById('beeg-embed-iframe').src = embedUrl;</script></div>,https://beeg.link/embed/0950170416273923,1.77778,https://thumbs.externulls.com/videos/950170416273923/0.jpg,Bound Multi Squirt Orgasm Torture for Hot Milf with Pumped Pussy,449,1080p,2026-07-01,,Squirt Queen 69,Masturbation;Female Orgasm;Exclusive;Babe;Fetish;MILF"
"0209721153263414,https://beeg.link/-0209721153263414,<div style="position: relative; width: 100%; padding-top: calc(100% / (1920/1080) + 24px);"><iframe id="beeg-embed-iframe" src="" style="position: absolute; top: 0; left: 0; width: 100%; height: 100%;color-scheme: auto;background-color: transparent;" frameborder="0" allowfullscreen referrerpolicy="unsafe-url"></iframe><script>var embedUrl = "https://beeg.link/embed/0209721153263414?utm_campaign=LUX1058150401";var referrer = document.referrer;if (referrer && referrer.replace(/^https?:\/\//i, '').split(/[\/?#]/)[0] === window.location.host) {var sep = embedUrl.indexOf('?') === -1 ? '?' : '&';embedUrl = embedUrl + sep + 'utm_source=' + encodeURIComponent(referrer);}document.getElementById('beeg-embed-iframe').src = embedUrl;</script></div>,https://beeg.link/embed/0209721153263414,1.77778,https://thumbs.externulls.com/videos/209721153263414/0.jpg,The Best Medicine against Corona Covid 19,695,1080p,2026-07-01,,Squirt Queen 69,Female Orgasm;Masturbation;Babe;Exclusive;Asian;Hardcore;POV"
"0208907517509524,https://beeg.link/-0208907517509524,<div style="position: relative; width: 100%; padding-top: calc(100% / (1920/1080) + 24px);"><iframe id="beeg-embed-iframe" src="" style="position: absolute; top: 0; left: 0; width: 100%; height: 100%;color-scheme: auto;background-color: transparent;" frameborder="0" allowfullscreen referrerpolicy="unsafe-url"></iframe><script>var embedUrl = "https://beeg.link/embed/0208907517509524?utm_campaign=LUX1058150401";var referrer = document.referrer;if (referrer && referrer.replace(/^https?:\/\//i, '').split(/[\/?#]/)[0] === window.location.host) {var sep = embedUrl.indexOf('?') === -1 ? '?' : '&';embedUrl = embedUrl + sep + 'utm_source=' + encodeURIComponent(referrer);}document.getElementById('beeg-embed-iframe').src = embedUrl;</script></div>,https://beeg.link/embed/0208907517509524,1.77778,https://thumbs.externulls.com/videos/208907517509524/0.jpg,She is Rubbing Her Extreme Pumped Pussy on My Cock an We Cum Together,452,1080p,2026-07-01,,Squirt Queen 69,Fetish;Exclusive;Asian;POV;Cumshot"
"0205958639682530,https://beeg.link/-0205958639682530,<div style="position: relative; width: 100%; padding-top: calc(100% / (1920/1080) + 24px);"><iframe id="beeg-embed-iframe" src="" style="position: absolute; top: 0; left: 0; width: 100%; height: 100%;color-scheme: auto;background-color: transparent;" frameborder="0" allowfullscreen referrerpolicy="unsafe-url"></iframe><script>var embedUrl = "https://beeg.link/embed/0205958639682530?utm_campaign=LUX1058150401";var referrer = document.referrer;if (referrer && referrer.replace(/^https?:\/\//i, '').split(/[\/?#]/)[0] === window.location.host) {var sep = embedUrl.indexOf('?') === -1 ? '?' : '&';embedUrl = embedUrl + sep + 'utm_source=' + encodeURIComponent(referrer);}document.getElementById('beeg-embed-iframe').src = embedUrl;</script></div>,https://beeg.link/embed/0205958639682530,1.77778,https://thumbs.externulls.com/videos/205958639682530/0.jpg,You have to Cum Really Fast Inside Me and You will See an Endless Squirt Orgasm,512,1080p,2026-07-01,,Squirt Queen 69,Female Orgasm;Creampie;Hardcore;POV;Exclusive"
"0762125776835262,https://beeg.link/-0762125776835262,<div style="position: relative; width: 100%; padding-top: calc(100% / (1920/1080) + 24px);"><iframe id="beeg-embed-iframe" src="" style="position: absolute; top: 0; left: 0; width: 100%; height: 100%;color-scheme: auto;background-color: transparent;" frameborder="0" allowfullscreen referrerpolicy="unsafe-url"></iframe><script>var embedUrl = "https://beeg.link/embed/0762125776835262?utm_campaign=LUX1058150401";var referrer = document.referrer;if (referrer && referrer.replace(/^https?:\/\//i, '').split(/[\/?#]/)[0] === window.location.host) {var sep = embedUrl.indexOf('?') === -1 ? '?' : '&';embedUrl = embedUrl + sep + 'utm_source=' + encodeURIComponent(referrer);}document.getElementById('beeg-embed-iframe').src = embedUrl;</script></div>,https://beeg.link/embed/0762125776835262,1.77778,https://thumbs.externulls.com/videos/762125776835262/0.jpg,The Best Way to Wake Up a Guy in the Morning,978,1080p,2026-07-01,,Squirt Queen 69,Female Orgasm;Big;Hardcore;Babe;Exclusive;POV"
"0184123462274818,https://beeg.link/-0184123462274818,<div style="position: relative; width: 100%; padding-top: calc(100% / (1920/1080) + 24px);"><iframe id="beeg-embed-iframe" src="" style="position: absolute; top: 0; left: 0; width: 100%; height: 100%;color-scheme: auto;background-color: transparent;" frameborder="0" allowfullscreen referrerpolicy="unsafe-url"></iframe><script>var embedUrl = "https://beeg.link/embed/0184123462274818?utm_campaign=LUX1058150401";var referrer = document.referrer;if (referrer && referrer.replace(/^https?:\/\//i, '').split(/[\/?#]/)[0] === window.location.host) {var sep = embedUrl.indexOf('?') === -1 ? '?' : '&';embedUrl = embedUrl + sep + 'utm_source=' + encodeURIComponent(referrer);}document.getElementById('beeg-embed-iframe').src = embedUrl;</script></div>,https://beeg.link/embed/0184123462274818,1.77778,https://thumbs.externulls.com/videos/184123462274818/0.jpg,Best of Squirt #1 11 Minutes Squirting Orgasms,655,1080p,2026-07-01,,Squirt Queen 69,Hardcore;Anal;Exclusive;Female Orgasm;Babe"
"0179429959089949,https://beeg.link/-0179429959089949,<div style="position: relative; width: 100%; padding-top: calc(100% / (1920/1080) + 24px);"><iframe id="beeg-embed-iframe" src="" style="position: absolute; top: 0; left: 0; width: 100%; height: 100%;color-scheme: auto;background-color: transparent;" frameborder="0" allowfullscreen referrerpolicy="unsafe-url"></iframe><script>var embedUrl = "https://beeg.link/embed/0179429959089949?utm_campaign=LUX1058150401";var referrer = document.referrer;if (referrer && referrer.replace(/^https?:\/\//i, '').split(/[\/?#]/)[0] === window.location.host) {var sep = embedUrl.indexOf('?') === -1 ? '?' : '&';embedUrl = embedUrl + sep + 'utm_source=' + encodeURIComponent(referrer);}document.getElementById('beeg-embed-iframe').src = embedUrl;</script></div>,https://beeg.link/embed/0179429959089949,1.77778,https://thumbs.externulls.com/videos/179429959089949/0.jpg,Wet Squirt Fuck I Pussy to Ass and Ass to Ass with Endless Squirting Orgasm,629,1080p,2026-07-01,,Squirt Queen 69,Female Orgasm;Exclusive;Anal;Creampie;Babe"
"0175927422376015,https://beeg.link/-0175927422376015,<div style="position: relative; width: 100%; padding-top: calc(100% / (1920/1080) + 24px);"><iframe id="beeg-embed-iframe" src="" style="position: absolute; top: 0; left: 0; width: 100%; height: 100%;color-scheme: auto;background-color: transparent;" frameborder="0" allowfullscreen referrerpolicy="unsafe-url"></iframe><script>var embedUrl = "https://beeg.link/embed/0175927422376015?utm_campaign=LUX1058150401";var referrer = document.referrer;if (referrer && referrer.replace(/^https?:\/\//i, '').split(/[\/?#]/)[0] === window.location.host) {var sep = embedUrl.indexOf('?') === -1 ? '?' : '&';embedUrl = embedUrl + sep + 'utm_source=' + encodeURIComponent(referrer);}document.getElementById('beeg-embed-iframe').src = embedUrl;</script></div>,https://beeg.link/embed/0175927422376015,1.77778,https://thumbs.externulls.com/videos/175927422376015/0.jpg,Don`t Wait. Fuck Me in the Floor and Let Me Squirt,682,1080p,2026-07-01,,Squirt Queen 69,Creampie;Big;Female Orgasm;Exclusive;Babe"
"0166884961490768,https://beeg.link/-0166884961490768,<div style="position: relative; width: 100%; padding-top: calc(100% / (1920/1080) + 24px);"><iframe id="beeg-embed-iframe" src="" style="position: absolute; top: 0; left: 0; width: 100%; height: 100%;color-scheme: auto;background-color: transparent;" frameborder="0" allowfullscreen referrerpolicy="unsafe-url"></iframe><script>var embedUrl = "https://beeg.link/embed/0166884961490768?utm_campaign=LUX1058150401";var referrer = document.referrer;if (referrer && referrer.replace(/^https?:\/\//i, '').split(/[\/?#]/)[0] === window.location.host) {var sep = embedUrl.indexOf('?') === -1 ? '?' : '&';embedUrl = embedUrl + sep + 'utm_source=' + encodeURIComponent(referrer);}document.getElementById('beeg-embed-iframe').src = embedUrl;</script></div>,https://beeg.link/embed/0166884961490768,1.77778,https://thumbs.externulls.com/videos/166884961490768/0.jpg,Wow What a Great Fuck with a Big Squirting Orgasm,422,1080p,2026-07-01,,Squirt Queen 69,Brunette;Cumshot;POV;Fetish;Exclusive;Babe;Female Orgasm;Hardcore"
"0746704056286213,https://beeg.link/-0746704056286213,<div style="position: relative; width: 100%; padding-top: calc(100% / (1920/1080) + 24px);"><iframe id="beeg-embed-iframe" src="" style="position: absolute; top: 0; left: 0; width: 100%; height: 100%;color-scheme: auto;background-color: transparent;" frameborder="0" allowfullscreen referrerpolicy="unsafe-url"></iframe><script>var embedUrl = "https://beeg.link/embed/0746704056286213?utm_campaign=LUX1058150401";var referrer = document.referrer;if (referrer && referrer.replace(/^https?:\/\//i, '').split(/[\/?#]/)[0] === window.location.host) {var sep = embedUrl.indexOf('?') === -1 ? '?' : '&';embedUrl = embedUrl + sep + 'utm_source=' + encodeURIComponent(referrer);}document.getElementById('beeg-embed-iframe').src = embedUrl;</script></div>,https://beeg.link/embed/0746704056286213,1.77778,https://thumbs.externulls.com/videos/746704056286213/0.jpg,Masturbating to Owen Gray Threesome Porn Ends in a Big Orgasm,863,1080p,2026-07-01,,Squirt Queen 69,MILF;Female Orgasm;Brunette;Babe;Exclusive"
"0746891164699098,https://beeg.link/-0746891164699098,<div style="position: relative; width: 100%; padding-top: calc(100% / (1920/1080) + 24px);"><iframe id="beeg-embed-iframe" src="" style="position: absolute; top: 0; left: 0; width: 100%; height: 100%;color-scheme: auto;background-color: transparent;" frameborder="0" allowfullscreen referrerpolicy="unsafe-url"></iframe><script>var embedUrl = "https://beeg.link/embed/0746891164699098?utm_campaign=LUX1058150401";var referrer = document.referrer;if (referrer && referrer.replace(/^https?:\/\//i, '').split(/[\/?#]/)[0] === window.location.host) {var sep = embedUrl.indexOf('?') === -1 ? '?' : '&';embedUrl = embedUrl + sep + 'utm_source=' + encodeURIComponent(referrer);}document.getElementById('beeg-embed-iframe').src = embedUrl;</script></div>,https://beeg.link/embed/0746891164699098,1.77778,https://thumbs.externulls.com/videos/746891164699098/0.jpg,My First Pee Piss Compilation 10 Minutes Pissing Non Stop #glowup2018,601,1080p,2026-07-01,,Squirt Queen 69,POV;Fetish;Pissing;Exclusive;Public;Babe"
"0985191502130231,https://beeg.link/-0985191502130231,<div style="position: relative; width: 100%; padding-top: calc(100% / (1920/1080) + 24px);"><iframe id="beeg-embed-iframe" src="" style="position: absolute; top: 0; left: 0; width: 100%; height: 100%;color-scheme: auto;background-color: transparent;" frameborder="0" allowfullscreen referrerpolicy="unsafe-url"></iframe><script>var embedUrl = "https://beeg.link/embed/0985191502130231?utm_campaign=LUX1058150401";var referrer = document.referrer;if (referrer && referrer.replace(/^https?:\/\//i, '').split(/[\/?#]/)[0] === window.location.host) {var sep = embedUrl.indexOf('?') === -1 ? '?' : '&';embedUrl = embedUrl + sep + 'utm_source=' + encodeURIComponent(referrer);}document.getElementById('beeg-embed-iframe').src = embedUrl;</script></div>,https://beeg.link/embed/0985191502130231,1.77778,https://thumbs.externulls.com/videos/985191502130231/0.jpg,Hot Skinny Milf Begs to get Fucked I Close Up Sex,719,1080p,2026-07-01,,Squirt Queen 69,Female Orgasm;Hardcore;Exclusive;Creampie"
"0134726186597077,https://beeg.link/-0134726186597077,<div style="position: relative; width: 100%; padding-top: calc(100% / (1920/1080) + 24px);"><iframe id="beeg-embed-iframe" src="" style="position: absolute; top: 0; left: 0; width: 100%; height: 100%;color-scheme: auto;background-color: transparent;" frameborder="0" allowfullscreen referrerpolicy="unsafe-url"></iframe><script>var embedUrl = "https://beeg.link/embed/0134726186597077?utm_campaign=LUX1058150401";var referrer = document.referrer;if (referrer && referrer.replace(/^https?:\/\//i, '').split(/[\/?#]/)[0] === window.location.host) {var sep = embedUrl.indexOf('?') === -1 ? '?' : '&';embedUrl = embedUrl + sep + 'utm_source=' + encodeURIComponent(referrer);}document.getElementById('beeg-embed-iframe').src = embedUrl;</script></div>,https://beeg.link/embed/0134726186597077,1.77778,https://thumbs.externulls.com/videos/134726186597077/0.jpg,Greatest Cumming in My Panties and Pull Them Up Compilation in 2018,928,1080p,2026-07-01,,Squirt Queen 69,MILF;Fetish;POV;Cumshot;Exclusive"
"0510108716812300,https://beeg.link/-0510108716812300,<div style="position: relative; width: 100%; padding-top: calc(100% / (1920/1080) + 24px);"><iframe id="beeg-embed-iframe" src="" style="position: absolute; top: 0; left: 0; width: 100%; height: 100%;color-scheme: auto;background-color: transparent;" frameborder="0" allowfullscreen referrerpolicy="unsafe-url"></iframe><script>var embedUrl = "https://beeg.link/embed/0510108716812300?utm_campaign=LUX1058150401";var referrer = document.referrer;if (referrer && referrer.replace(/^https?:\/\//i, '').split(/[\/?#]/)[0] === window.location.host) {var sep = embedUrl.indexOf('?') === -1 ? '?' : '&';embedUrl = embedUrl + sep + 'utm_source=' + encodeURIComponent(referrer);}document.getElementById('beeg-embed-iframe').src = embedUrl;</script></div>,https://beeg.link/embed/0510108716812300,1.77778,https://thumbs.externulls.com/videos/510108716812300/0.jpg,Sexy Girl First Compilation He Cums Fast Horny Inside Me Squirt #glowup2018,682,1080p,2026-07-01,,Squirt Queen 69,Cumshot;Exclusive;MILF;POV"
"0508109468541288,https://beeg.link/-0508109468541288,<div style="position: relative; width: 100%; padding-top: calc(100% / (1920/1080) + 24px);"><iframe id="beeg-embed-iframe" src="" style="position: absolute; top: 0; left: 0; width: 100%; height: 100%;color-scheme: auto;background-color: transparent;" frameborder="0" allowfullscreen referrerpolicy="unsafe-url"></iframe><script>var embedUrl = "https://beeg.link/embed/0508109468541288?utm_campaign=LUX1058150401";var referrer = document.referrer;if (referrer && referrer.replace(/^https?:\/\//i, '').split(/[\/?#]/)[0] === window.location.host) {var sep = embedUrl.indexOf('?') === -1 ? '?' : '&';embedUrl = embedUrl + sep + 'utm_source=' + encodeURIComponent(referrer);}document.getElementById('beeg-embed-iframe').src = embedUrl;</script></div>,https://beeg.link/embed/0508109468541288,1.77778,https://thumbs.externulls.com/videos/508109468541288/0.jpg,Let Me Squirt on Your Cock and Fuck My Tight Wet Pussy,497,1080p,2026-07-01,,Squirt Queen 69,Exclusive;POV;Cumshot;Big;Female Orgasm"
"0256288892564224,https://beeg.link/-0256288892564224,<div style="position: relative; width: 100%; padding-top: calc(100% / (1280/720) + 24px);"><iframe id="beeg-embed-iframe" src="" style="position: absolute; top: 0; left: 0; width: 100%; height: 100%;color-scheme: auto;background-color: transparent;" frameborder="0" allowfullscreen referrerpolicy="unsafe-url"></iframe><script>var embedUrl = "https://beeg.link/embed/0256288892564224?utm_campaign=LUX1058150401";var referrer = document.referrer;if (referrer && referrer.replace(/^https?:\/\//i, '').split(/[\/?#]/)[0] === window.location.host) {var sep = embedUrl.indexOf('?') === -1 ? '?' : '&';embedUrl = embedUrl + sep + 'utm_source=' + encodeURIComponent(referrer);}document.getElementById('beeg-embed-iframe').src = embedUrl;</script></div>,https://beeg.link/embed/0256288892564224,1.77778,https://thumbs.externulls.com/videos/256288892564224/75.jpg,Lexi Lore - Something Sticky,1682,720p,2026-06-29,Step Siblings Caught;Nubiles Porn,Lexi Lore,Blonde;Caught;Shaved;Pro Performer;Reality;Petite;Sister;Blowjob;Babe;Teen Girl;Braces;Hardcore;Fetish;Masturbation;Natural;Oral;POV;Creampie;Facing Cowgirl;POV Missionary;Couch;Missionary;Position;Sideways;Side Blowjob;Doggy;POV Doggy;Cowgirl;POV Cowgirl"
"0254434641127295,https://beeg.link/-0254434641127295,<div style="position: relative; width: 100%; padding-top: calc(100% / (1920/1080) + 24px);"><iframe id="beeg-embed-iframe" src="" style="position: absolute; top: 0; left: 0; width: 100%; height: 100%;color-scheme: auto;background-color: transparent;" frameborder="0" allowfullscreen referrerpolicy="unsafe-url"></iframe><script>var embedUrl = "https://beeg.link/embed/0254434641127295?utm_campaign=LUX1058150401";var referrer = document.referrer;if (referrer && referrer.replace(/^https?:\/\//i, '').split(/[\/?#]/)[0] === window.location.host) {var sep = embedUrl.indexOf('?') === -1 ? '?' : '&';embedUrl = embedUrl + sep + 'utm_source=' + encodeURIComponent(referrer);}document.getElementById('beeg-embed-iframe').src = embedUrl;</script></div>,https://beeg.link/embed/0254434641127295,1.77778,https://thumbs.externulls.com/videos/254434641127295/50.jpg,I Let Him Use My Pussy for a Good Workout,1621,1080p,2026-06-29,Porn Pros,Emily Willis,Standing Dog;Petite;Small;Masturbation;Cum In Mouth;Babe;Hardcore;Brunette;Cumshot;Big;Teen Girl;Eye Contact Blowjob;POV Blowjob;Sloppy Blowjob;Blowjob"
"0611177162323148,https://beeg.link/-0611177162323148,<div style="position: relative; width: 100%; padding-top: calc(100% / (1920/1080) + 24px);"><iframe id="beeg-embed-iframe" src="" style="position: absolute; top: 0; left: 0; width: 100%; height: 100%;color-scheme: auto;background-color: transparent;" frameborder="0" allowfullscreen referrerpolicy="unsafe-url"></iframe><script>var embedUrl = "https://beeg.link/embed/0611177162323148?utm_campaign=LUX1058150401";var referrer = document.referrer;if (referrer && referrer.replace(/^https?:\/\//i, '').split(/[\/?#]/)[0] === window.location.host) {var sep = embedUrl.indexOf('?') === -1 ? '?' : '&';embedUrl = embedUrl + sep + 'utm_source=' + encodeURIComponent(referrer);}document.getElementById('beeg-embed-iframe').src = embedUrl;</script></div>,https://beeg.link/embed/0611177162323148,1.77778,https://thumbs.externulls.com/videos/611177162323148/83.jpg,Busty Model Receives Intense Climax,1582,1080p,2026-06-29,,LilMilk 69;Gattouz0,Pussy Licking;Big;Babe;Cumshot;Dirty Talk;Hardcore;Argentina;Big"
"0802534859291820,https://beeg.link/-0802534859291820,<div style="position: relative; width: 100%; padding-top: calc(100% / (1920/1080) + 24px);"><iframe id="beeg-embed-iframe" src="" style="position: absolute; top: 0; left: 0; width: 100%; height: 100%;color-scheme: auto;background-color: transparent;" frameborder="0" allowfullscreen referrerpolicy="unsafe-url"></iframe><script>var embedUrl = "https://beeg.link/embed/0802534859291820?utm_campaign=LUX1058150401";var referrer = document.referrer;if (referrer && referrer.replace(/^https?:\/\//i, '').split(/[\/?#]/)[0] === window.location.host) {var sep = embedUrl.indexOf('?') === -1 ? '?' : '&';embedUrl = embedUrl + sep + 'utm_source=' + encodeURIComponent(referrer);}document.getElementById('beeg-embed-iframe').src = embedUrl;</script></div>,https://beeg.link/embed/0802534859291820,1.77778,https://thumbs.externulls.com/videos/802534859291820/79.jpg,Couples intimate encounter during vacation getaway,957,1080p,2026-06-29,,Hotties Two,Cumshot;Reality;Doggy;Big;Creampie;Female Orgasm;Babe"
"0267517125258023,https://beeg.link/-0267517125258023,<div style="position: relative; width: 100%; padding-top: calc(100% / (1920/1080) + 24px);"><iframe id="beeg-embed-iframe" src="" style="position: absolute; top: 0; left: 0; width: 100%; height: 100%;color-scheme: auto;background-color: transparent;" frameborder="0" allowfullscreen referrerpolicy="unsafe-url"></iframe><script>var embedUrl = "https://beeg.link/embed/0267517125258023?utm_campaign=LUX1058150401";var referrer = document.referrer;if (referrer && referrer.replace(/^https?:\/\//i, '').split(/[\/?#]/)[0] === window.location.host) {var sep = embedUrl.indexOf('?') === -1 ? '?' : '&';embedUrl = embedUrl + sep + 'utm_source=' + encodeURIComponent(referrer);}document.getElementById('beeg-embed-iframe').src = embedUrl;</script></div>,https://beeg.link/embed/0267517125258023,1.77778,https://thumbs.externulls.com/videos/267517125258023/91.jpg,Night Before Father's Day,497,1080p,2026-06-29,Oops Family,Melody Marks,Cowgirl;Missionary;Hardcore;Blonde;Close-Up;Reality;Big;Handjob;Vibrator;Natural;Deepthroat;Stockings;Footjob;Masturbation"
"0869601492665447,https://beeg.link/-0869601492665447,<div style="position: relative; width: 100%; padding-top: calc(100% / (1912/1080) + 24px);"><iframe id="beeg-embed-iframe" src="" style="position: absolute; top: 0; left: 0; width: 100%; height: 100%;color-scheme: auto;background-color: transparent;" frameborder="0" allowfullscreen referrerpolicy="unsafe-url"></iframe><script>var embedUrl = "https://beeg.link/embed/0869601492665447?utm_campaign=LUX1058150401";var referrer = document.referrer;if (referrer && referrer.replace(/^https?:\/\//i, '').split(/[\/?#]/)[0] === window.location.host) {var sep = embedUrl.indexOf('?') === -1 ? '?' : '&';embedUrl = embedUrl + sep + 'utm_source=' + encodeURIComponent(referrer);}document.getElementById('beeg-embed-iframe').src = embedUrl;</script></div>,https://beeg.link/embed/0869601492665447,1.77037,https://thumbs.externulls.com/videos/869601492665447/50.jpg,One Day in the Life of a Tattoo Artist,884,1080p,2026-06-29,,PinkLoving,Russian;Close-Up;Tattoo;Cumshot;Exclusive;Pussy Tattoo;Creampie;Big;Female Orgasm;English"
"0229639671173279,https://beeg.link/-0229639671173279,<div style="position: relative; width: 100%; padding-top: calc(100% / (1920/1080) + 24px);"><iframe id="beeg-embed-iframe" src="" style="position: absolute; top: 0; left: 0; width: 100%; height: 100%;color-scheme: auto;background-color: transparent;" frameborder="0" allowfullscreen referrerpolicy="unsafe-url"></iframe><script>var embedUrl = "https://beeg.link/embed/0229639671173279?utm_campaign=LUX1058150401";var referrer = document.referrer;if (referrer && referrer.replace(/^https?:\/\//i, '').split(/[\/?#]/)[0] === window.location.host) {var sep = embedUrl.indexOf('?') === -1 ? '?' : '&';embedUrl = embedUrl + sep + 'utm_source=' + encodeURIComponent(referrer);}document.getElementById('beeg-embed-iframe').src = embedUrl;</script></div>,https://beeg.link/embed/0229639671173279,1.77778,https://thumbs.externulls.com/videos/229639671173279/154.jpg,Shibari session leads to unexpected climax,1243,1080p,2026-06-29,,Syndicete,Brunette;Shibari;Natural;Cumshot;Pussy Fuck;Missionary;Female Orgasm"
"0681551781944339,https://beeg.link/-0681551781944339,<div style="position: relative; width: 100%; padding-top: calc(100% / (1920/1080) + 24px);"><iframe id="beeg-embed-iframe" src="" style="position: absolute; top: 0; left: 0; width: 100%; height: 100%;color-scheme: auto;background-color: transparent;" frameborder="0" allowfullscreen referrerpolicy="unsafe-url"></iframe><script>var embedUrl = "https://beeg.link/embed/0681551781944339?utm_campaign=LUX1058150401";var referrer = document.referrer;if (referrer && referrer.replace(/^https?:\/\//i, '').split(/[\/?#]/)[0] === window.location.host) {var sep = embedUrl.indexOf('?') === -1 ? '?' : '&';embedUrl = embedUrl + sep + 'utm_source=' + encodeURIComponent(referrer);}document.getElementById('beeg-embed-iframe').src = embedUrl;</script></div>,https://beeg.link/embed/0681551781944339,1.77778,https://thumbs.externulls.com/videos/681551781944339/145.jpg,Stockings Filled with Cum,784,1080p,2026-06-29,Neuro Amour,,AI-Generated"
"0333813234190370,https://beeg.link/-0333813234190370,<div style="position: relative; width: 100%; padding-top: calc(100% / (1920/1080) + 24px);"><iframe id="beeg-embed-iframe" src="" style="position: absolute; top: 0; left: 0; width: 100%; height: 100%;color-scheme: auto;background-color: transparent;" frameborder="0" allowfullscreen referrerpolicy="unsafe-url"></iframe><script>var embedUrl = "https://beeg.link/embed/0333813234190370?utm_campaign=LUX1058150401";var referrer = document.referrer;if (referrer && referrer.replace(/^https?:\/\//i, '').split(/[\/?#]/)[0] === window.location.host) {var sep = embedUrl.indexOf('?') === -1 ? '?' : '&';embedUrl = embedUrl + sep + 'utm_source=' + encodeURIComponent(referrer);}document.getElementById('beeg-embed-iframe').src = embedUrl;</script></div>,https://beeg.link/embed/0333813234190370,1.77778,https://thumbs.externulls.com/videos/333813234190370/102.jpg,Elegant Blonde Masseuse Offers Exclusive Experience,808,1080p,2026-06-29,,Anastangel,Beautiful;Reverse Cowgirl;Sloppy Blowjob;Natural;Exclusive;Tight Pussy;Titjob;Blowjob;POV;Big;Big;Blonde;POV Missionary"
"0152754001553743,https://beeg.link/-0152754001553743,<div style="position: relative; width: 100%; padding-top: calc(100% / (1920/1080) + 24px);"><iframe id="beeg-embed-iframe" src="" style="position: absolute; top: 0; left: 0; width: 100%; height: 100%;color-scheme: auto;background-color: transparent;" frameborder="0" allowfullscreen referrerpolicy="unsafe-url"></iframe><script>var embedUrl = "https://beeg.link/embed/0152754001553743?utm_campaign=LUX1058150401";var referrer = document.referrer;if (referrer && referrer.replace(/^https?:\/\//i, '').split(/[\/?#]/)[0] === window.location.host) {var sep = embedUrl.indexOf('?') === -1 ? '?' : '&';embedUrl = embedUrl + sep + 'utm_source=' + encodeURIComponent(referrer);}document.getElementById('beeg-embed-iframe').src = embedUrl;</script></div>,https://beeg.link/embed/0152754001553743,1.77778,https://thumbs.externulls.com/videos/152754001553743/71.jpg,Lana Rhodes Hot Anal Creampie with Couple,911,1080p,2026-06-29,Vixen Plus,Moka Mora;Lana Rhoades;Markus Dupree,Brunette;FFM;Creampie;Deepthroat;Pussy Licking;Blowjob;Anal"
"0884343418769125,https://beeg.link/-0884343418769125,<div style="position: relative; width: 100%; padding-top: calc(100% / (1920/1080) + 24px);"><iframe id="beeg-embed-iframe" src="" style="position: absolute; top: 0; left: 0; width: 100%; height: 100%;color-scheme: auto;background-color: transparent;" frameborder="0" allowfullscreen referrerpolicy="unsafe-url"></iframe><script>var embedUrl = "https://beeg.link/embed/0884343418769125?utm_campaign=LUX1058150401";var referrer = document.referrer;if (referrer && referrer.replace(/^https?:\/\//i, '').split(/[\/?#]/)[0] === window.location.host) {var sep = embedUrl.indexOf('?') === -1 ? '?' : '&';embedUrl = embedUrl + sep + 'utm_source=' + encodeURIComponent(referrer);}document.getElementById('beeg-embed-iframe').src = embedUrl;</script></div>,https://beeg.link/embed/0884343418769125,1.77778,https://thumbs.externulls.com/videos/884343418769125/122.jpg,Alone with his girlfriend while he shops,1063,1080p,2026-06-29,,Comatozze,Sweatpants;Babe;Cumshot;Homemade;Blonde;POV;Reverse Cowgirl;Blowjob;Big;Reality;Creampie;Big"
"0911433507352907,https://beeg.link/-0911433507352907,<div style="position: relative; width: 100%; padding-top: calc(100% / (1896/1094) + 24px);"><iframe id="beeg-embed-iframe" src="" style="position: absolute; top: 0; left: 0; width: 100%; height: 100%;color-scheme: auto;background-color: transparent;" frameborder="0" allowfullscreen referrerpolicy="unsafe-url"></iframe><script>var embedUrl = "https://beeg.link/embed/0911433507352907?utm_campaign=LUX1058150401";var referrer = document.referrer;if (referrer && referrer.replace(/^https?:\/\//i, '').split(/[\/?#]/)[0] === window.location.host) {var sep = embedUrl.indexOf('?') === -1 ? '?' : '&';embedUrl = embedUrl + sep + 'utm_source=' + encodeURIComponent(referrer);}document.getElementById('beeg-embed-iframe').src = embedUrl;</script></div>,https://beeg.link/embed/0911433507352907,1.73309,https://thumbs.externulls.com/videos/911433507352907/43.jpg,Trans Experience in Digital Form,619,1080p,2026-06-29,AI Hot Experience,,AI-Generated"
"0727112991059330,https://beeg.link/-0727112991059330,<div style="position: relative; width: 100%; padding-top: calc(100% / (1920/1080) + 24px);"><iframe id="beeg-embed-iframe" src="" style="position: absolute; top: 0; left: 0; width: 100%; height: 100%;color-scheme: auto;background-color: transparent;" frameborder="0" allowfullscreen referrerpolicy="unsafe-url"></iframe><script>var embedUrl = "https://beeg.link/embed/0727112991059330?utm_campaign=LUX1058150401";var referrer = document.referrer;if (referrer && referrer.replace(/^https?:\/\//i, '').split(/[\/?#]/)[0] === window.location.host) {var sep = embedUrl.indexOf('?') === -1 ? '?' : '&';embedUrl = embedUrl + sep + 'utm_source=' + encodeURIComponent(referrer);}document.getElementById('beeg-embed-iframe').src = embedUrl;</script></div>,https://beeg.link/embed/0727112991059330,1.77778,https://thumbs.externulls.com/videos/727112991059330/0.jpg,Gets It on with Valentina Nappi Live Threeway,308,1080p,2026-06-28,,Valentina Nappi;Catalina Cruz,MILF;3some;Blowjob;Big;Brunette;Hardcore;Babe;Fat;Italian;Pussy Licking"
"0827025817092259,https://beeg.link/-0827025817092259,<div style="position: relative; width: 100%; padding-top: calc(100% / (1920/1080) + 24px);"><iframe id="beeg-embed-iframe" src="" style="position: absolute; top: 0; left: 0; width: 100%; height: 100%;color-scheme: auto;background-color: transparent;" frameborder="0" allowfullscreen referrerpolicy="unsafe-url"></iframe><script>var embedUrl = "https://beeg.link/embed/0827025817092259?utm_campaign=LUX1058150401";var referrer = document.referrer;if (referrer && referrer.replace(/^https?:\/\//i, '').split(/[\/?#]/)[0] === window.location.host) {var sep = embedUrl.indexOf('?') === -1 ? '?' : '&';embedUrl = embedUrl + sep + 'utm_source=' + encodeURIComponent(referrer);}document.getElementById('beeg-embed-iframe').src = embedUrl;</script></div>,https://beeg.link/embed/0827025817092259,1.77778,https://thumbs.externulls.com/videos/827025817092259/0.jpg,Submissive POV Ride with Cumshot,1956,1080p,2026-06-28,,Lera Murr;Mr. Murkovski;Martin Spell,POV;Small;Handjob;Cumshot;Brunette;POV Blowjob"
"0574997006088038,https://beeg.link/-0574997006088038,<div style="position: relative; width: 100%; padding-top: calc(100% / (1920/1080) + 24px);"><iframe id="beeg-embed-iframe" src="" style="position: absolute; top: 0; left: 0; width: 100%; height: 100%;color-scheme: auto;background-color: transparent;" frameborder="0" allowfullscreen referrerpolicy="unsafe-url"></iframe><script>var embedUrl = "https://beeg.link/embed/0574997006088038?utm_campaign=LUX1058150401";var referrer = document.referrer;if (referrer && referrer.replace(/^https?:\/\//i, '').split(/[\/?#]/)[0] === window.location.host) {var sep = embedUrl.indexOf('?') === -1 ? '?' : '&';embedUrl = embedUrl + sep + 'utm_source=' + encodeURIComponent(referrer);}document.getElementById('beeg-embed-iframe').src = embedUrl;</script></div>,https://beeg.link/embed/0574997006088038,1.77778,https://thumbs.externulls.com/videos/574997006088038/0.jpg,Gentle Sex Turns Intense with Anal and More,2674,1080p,2026-06-28,,Mr. Murkovski;Martin Spell;Lera Murr,Babe;Deepthroat;Couple;Big;Blowjob;Anal;Cowgirl;Missionary;Brunette;Anal Only"
"0557707585638726,https://beeg.link/-0557707585638726,<div style="position: relative; width: 100%; padding-top: calc(100% / (1920/1080) + 24px);"><iframe id="beeg-embed-iframe" src="" style="position: absolute; top: 0; left: 0; width: 100%; height: 100%;color-scheme: auto;background-color: transparent;" frameborder="0" allowfullscreen referrerpolicy="unsafe-url"></iframe><script>var embedUrl = "https://beeg.link/embed/0557707585638726?utm_campaign=LUX1058150401";var referrer = document.referrer;if (referrer && referrer.replace(/^https?:\/\//i, '').split(/[\/?#]/)[0] === window.location.host) {var sep = embedUrl.indexOf('?') === -1 ? '?' : '&';embedUrl = embedUrl + sep + 'utm_source=' + encodeURIComponent(referrer);}document.getElementById('beeg-embed-iframe').src = embedUrl;</script></div>,https://beeg.link/embed/0557707585638726,1.77778,https://thumbs.externulls.com/videos/557707585638726/0.jpg,Call Girl Opens Her Ass,1947,1080p,2026-06-28,,Arty Cheys;Lera Murr,Blowjob;Cumshot;Anal;Big"
"0550078751475478,https://beeg.link/-0550078751475478,<div style="position: relative; width: 100%; padding-top: calc(100% / (1920/1080) + 24px);"><iframe id="beeg-embed-iframe" src="" style="position: absolute; top: 0; left: 0; width: 100%; height: 100%;color-scheme: auto;background-color: transparent;" frameborder="0" allowfullscreen referrerpolicy="unsafe-url"></iframe><script>var embedUrl = "https://beeg.link/embed/0550078751475478?utm_campaign=LUX1058150401";var referrer = document.referrer;if (referrer && referrer.replace(/^https?:\/\//i, '').split(/[\/?#]/)[0] === window.location.host) {var sep = embedUrl.indexOf('?') === -1 ? '?' : '&';embedUrl = embedUrl + sep + 'utm_source=' + encodeURIComponent(referrer);}document.getElementById('beeg-embed-iframe').src = embedUrl;</script></div>,https://beeg.link/embed/0550078751475478,1.77778,https://thumbs.externulls.com/videos/550078751475478/0.jpg,A Nurse with Big Tits Allows Her Patient to have Anal Sex.,1848,1080p,2026-06-28,,Martin Spell;Lera Murr,Blowjob;Romantic;Role-Play;Babe;Anal"
"0732292321655470,https://beeg.link/-0732292321655470,<div style="position: relative; width: 100%; padding-top: calc(100% / (1920/1080) + 24px);"><iframe id="beeg-embed-iframe" src="" style="position: absolute; top: 0; left: 0; width: 100%; height: 100%;color-scheme: auto;background-color: transparent;" frameborder="0" allowfullscreen referrerpolicy="unsafe-url"></iframe><script>var embedUrl = "https://beeg.link/embed/0732292321655470?utm_campaign=LUX1058150401";var referrer = document.referrer;if (referrer && referrer.replace(/^https?:\/\//i, '').split(/[\/?#]/)[0] === window.location.host) {var sep = embedUrl.indexOf('?') === -1 ? '?' : '&';embedUrl = embedUrl + sep + 'utm_source=' + encodeURIComponent(referrer);}document.getElementById('beeg-embed-iframe').src = embedUrl;</script></div>,https://beeg.link/embed/0732292321655470,1.77778,https://thumbs.externulls.com/videos/732292321655470/0.jpg,Today My Mistress Asked for Female Anal Sex!,1473,1080p,2026-06-28,,Lera Murr;Martin Spell,Brunette;Big;Blowjob;Anal"
"0293445806245721,https://beeg.link/-0293445806245721,<div style="position: relative; width: 100%; padding-top: calc(100% / (1920/1080) + 24px);"><iframe id="beeg-embed-iframe" src="" style="position: absolute; top: 0; left: 0; width: 100%; height: 100%;color-scheme: auto;background-color: transparent;" frameborder="0" allowfullscreen referrerpolicy="unsafe-url"></iframe><script>var embedUrl = "https://beeg.link/embed/0293445806245721?utm_campaign=LUX1058150401";var referrer = document.referrer;if (referrer && referrer.replace(/^https?:\/\//i, '').split(/[\/?#]/)[0] === window.location.host) {var sep = embedUrl.indexOf('?') === -1 ? '?' : '&';embedUrl = embedUrl + sep + 'utm_source=' + encodeURIComponent(referrer);}document.getElementById('beeg-embed-iframe').src = embedUrl;</script></div>,https://beeg.link/embed/0293445806245721,1.77778,https://thumbs.externulls.com/videos/293445806245721/0.jpg,Blonde Curvy Amateur in Rough POV Encounter,1134,1080p,2026-06-28,,Lera Murr;Mr. Murkovski,Rough;Cumshot;Blowjob;Blonde;Big;Russian;Handjob;Cowgirl;Amateur Couple;POV;Missionary;Deepthroat"
"0306751538506492,https://beeg.link/-0306751538506492,<div style="position: relative; width: 100%; padding-top: calc(100% / (1920/1080) + 24px);"><iframe id="beeg-embed-iframe" src="" style="position: absolute; top: 0; left: 0; width: 100%; height: 100%;color-scheme: auto;background-color: transparent;" frameborder="0" allowfullscreen referrerpolicy="unsafe-url"></iframe><script>var embedUrl = "https://beeg.link/embed/0306751538506492?utm_campaign=LUX1058150401";var referrer = document.referrer;if (referrer && referrer.replace(/^https?:\/\//i, '').split(/[\/?#]/)[0] === window.location.host) {var sep = embedUrl.indexOf('?') === -1 ? '?' : '&';embedUrl = embedUrl + sep + 'utm_source=' + encodeURIComponent(referrer);}document.getElementById('beeg-embed-iframe').src = embedUrl;</script></div>,https://beeg.link/embed/0306751538506492,1.77778,https://thumbs.externulls.com/videos/306751538506492/0.jpg,Her Tits Keep Her Afloat,2645,1080p,2026-06-28,,Lera Murr;Martin Spell,Big;Babe;Deepthroat;Missionary;Face Fuck;Rough;Russian;Slut;Handjob;Blowjob;Cowgirl"
"0664739353052289,https://beeg.link/-0664739353052289,<div style="position: relative; width: 100%; padding-top: calc(100% / (1920/1080) + 24px);"><iframe id="beeg-embed-iframe" src="" style="position: absolute; top: 0; left: 0; width: 100%; height: 100%;color-scheme: auto;background-color: transparent;" frameborder="0" allowfullscreen referrerpolicy="unsafe-url"></iframe><script>var embedUrl = "https://beeg.link/embed/0664739353052289?utm_campaign=LUX1058150401";var referrer = document.referrer;if (referrer && referrer.replace(/^https?:\/\//i, '').split(/[\/?#]/)[0] === window.location.host) {var sep = embedUrl.indexOf('?') === -1 ? '?' : '&';embedUrl = embedUrl + sep + 'utm_source=' + encodeURIComponent(referrer);}document.getElementById('beeg-embed-iframe').src = embedUrl;</script></div>,https://beeg.link/embed/0664739353052289,1.77778,https://thumbs.externulls.com/videos/664739353052289/0.jpg,Her Eyes Speak for Themselves,2599,1080p,2026-06-28,,Martin Spell;Lera Murr,Handjob;Babe;Russian;Blowjob;Big"
"0649710638415845,https://beeg.link/-0649710638415845,<div style="position: relative; width: 100%; padding-top: calc(100% / (1920/1080) + 24px);"><iframe id="beeg-embed-iframe" src="" style="position: absolute; top: 0; left: 0; width: 100%; height: 100%;color-scheme: auto;background-color: transparent;" frameborder="0" allowfullscreen referrerpolicy="unsafe-url"></iframe><script>var embedUrl = "https://beeg.link/embed/0649710638415845?utm_campaign=LUX1058150401";var referrer = document.referrer;if (referrer && referrer.replace(/^https?:\/\//i, '').split(/[\/?#]/)[0] === window.location.host) {var sep = embedUrl.indexOf('?') === -1 ? '?' : '&';embedUrl = embedUrl + sep + 'utm_source=' + encodeURIComponent(referrer);}document.getElementById('beeg-embed-iframe').src = embedUrl;</script></div>,https://beeg.link/embed/0649710638415845,1.77778,https://thumbs.externulls.com/videos/649710638415845/0.jpg,Step Sister Says Her Tight Butt is finally Ready for Real Anal,1978,1080p,2026-06-28,,Arty Cheys;Lera Murr,Anal Gaping;Blowjob;Big;Cumshot;Big;Amateur Couple;Rough Anal;Anal Cowgirl;Anal;Anal Only"
"0548440206271243,https://beeg.link/-0548440206271243,<div style="position: relative; width: 100%; padding-top: calc(100% / (1920/1080) + 24px);"><iframe id="beeg-embed-iframe" src="" style="position: absolute; top: 0; left: 0; width: 100%; height: 100%;color-scheme: auto;background-color: transparent;" frameborder="0" allowfullscreen referrerpolicy="unsafe-url"></iframe><script>var embedUrl = "https://beeg.link/embed/0548440206271243?utm_campaign=LUX1058150401";var referrer = document.referrer;if (referrer && referrer.replace(/^https?:\/\//i, '').split(/[\/?#]/)[0] === window.location.host) {var sep = embedUrl.indexOf('?') === -1 ? '?' : '&';embedUrl = embedUrl + sep + 'utm_source=' + encodeURIComponent(referrer);}document.getElementById('beeg-embed-iframe').src = embedUrl;</script></div>,https://beeg.link/embed/0548440206271243,1.77778,https://thumbs.externulls.com/videos/548440206271243/0.jpg,Full Ahead - They Just Can't Stop,1860,1080p,2026-06-28,,Mr. Murkovski;Lera Murr,Handjob;Russian;Blowjob;POV;Blonde"
"0860444075217881,https://beeg.link/-0860444075217881,<div style="position: relative; width: 100%; padding-top: calc(100% / (1920/1080) + 24px);"><iframe id="beeg-embed-iframe" src="" style="position: absolute; top: 0; left: 0; width: 100%; height: 100%;color-scheme: auto;background-color: transparent;" frameborder="0" allowfullscreen referrerpolicy="unsafe-url"></iframe><script>var embedUrl = "https://beeg.link/embed/0860444075217881?utm_campaign=LUX1058150401";var referrer = document.referrer;if (referrer && referrer.replace(/^https?:\/\//i, '').split(/[\/?#]/)[0] === window.location.host) {var sep = embedUrl.indexOf('?') === -1 ? '?' : '&';embedUrl = embedUrl + sep + 'utm_source=' + encodeURIComponent(referrer);}document.getElementById('beeg-embed-iframe').src = embedUrl;</script></div>,https://beeg.link/embed/0860444075217881,1.77778,https://thumbs.externulls.com/videos/860444075217881/0.jpg,Flexible Redhead's Anal Magic Cosplay,2713,1080p,2026-06-28,,Martin Spell;Lera Murr;Mr. Murkovski;Nicole Murkovski,Redhead;Babe;Cosplay;Flexible;Missionary;Skinny;Anal;Blowjob;Cumshot;Hardcore;Real Couple;Anal Only"
"0324348092372883,https://beeg.link/-0324348092372883,<div style="position: relative; width: 100%; padding-top: calc(100% / (1920/1080) + 24px);"><iframe id="beeg-embed-iframe" src="" style="position: absolute; top: 0; left: 0; width: 100%; height: 100%;color-scheme: auto;background-color: transparent;" frameborder="0" allowfullscreen referrerpolicy="unsafe-url"></iframe><script>var embedUrl = "https://beeg.link/embed/0324348092372883?utm_campaign=LUX1058150401";var referrer = document.referrer;if (referrer && referrer.replace(/^https?:\/\//i, '').split(/[\/?#]/)[0] === window.location.host) {var sep = embedUrl.indexOf('?') === -1 ? '?' : '&';embedUrl = embedUrl + sep + 'utm_source=' + encodeURIComponent(referrer);}document.getElementById('beeg-embed-iframe').src = embedUrl;</script></div>,https://beeg.link/embed/0324348092372883,1.77778,https://thumbs.externulls.com/videos/324348092372883/0.jpg,Before Bed, I Take His Dick in My Ass - Anal Sex and Cum on Face,1490,1080p,2026-06-28,,Mr. Murkovski;Lera Murr,Blowjob;Anal;Romantic;Role-Play;Babe"
"0523156763929787,https://beeg.link/-0523156763929787,<div style="position: relative; width: 100%; padding-top: calc(100% / (1920/1080) + 24px);"><iframe id="beeg-embed-iframe" src="" style="position: absolute; top: 0; left: 0; width: 100%; height: 100%;color-scheme: auto;background-color: transparent;" frameborder="0" allowfullscreen referrerpolicy="unsafe-url"></iframe><script>var embedUrl = "https://beeg.link/embed/0523156763929787?utm_campaign=LUX1058150401";var referrer = document.referrer;if (referrer && referrer.replace(/^https?:\/\//i, '').split(/[\/?#]/)[0] === window.location.host) {var sep = embedUrl.indexOf('?') === -1 ? '?' : '&';embedUrl = embedUrl + sep + 'utm_source=' + encodeURIComponent(referrer);}document.getElementById('beeg-embed-iframe').src = embedUrl;</script></div>,https://beeg.link/embed/0523156763929787,1.77778,https://thumbs.externulls.com/videos/523156763929787/0.jpg,I Came to My Lover and He Passionately Fucked Me on the Bed,785,1080p,2026-06-28,,Lera Murr;Martin Spell,Blowjob;Missionary;Deepthroat;Blonde;Babe;Amateur Couple;Cowgirl;Big;Cumshot;Rough;Not Lubed"
"0889681996806972,https://beeg.link/-0889681996806972,<div style="position: relative; width: 100%; padding-top: calc(100% / (1920/1080) + 24px);"><iframe id="beeg-embed-iframe" src="" style="position: absolute; top: 0; left: 0; width: 100%; height: 100%;color-scheme: auto;background-color: transparent;" frameborder="0" allowfullscreen referrerpolicy="unsafe-url"></iframe><script>var embedUrl = "https://beeg.link/embed/0889681996806972?utm_campaign=LUX1058150401";var referrer = document.referrer;if (referrer && referrer.replace(/^https?:\/\//i, '').split(/[\/?#]/)[0] === window.location.host) {var sep = embedUrl.indexOf('?') === -1 ? '?' : '&';embedUrl = embedUrl + sep + 'utm_source=' + encodeURIComponent(referrer);}document.getElementById('beeg-embed-iframe').src = embedUrl;</script></div>,https://beeg.link/embed/0889681996806972,1.77778,https://thumbs.externulls.com/videos/889681996806972/0.jpg,Compilation Blowjob,2430,1080p,2026-06-28,,Martin Spell;Lera Murr;Arty Cheys;Mr. Murkovski,Big;Handjob;Blowjob"
"0543031076393898,https://beeg.link/-0543031076393898,<div style="position: relative; width: 100%; padding-top: calc(100% / (1920/1080) + 24px);"><iframe id="beeg-embed-iframe" src="" style="position: absolute; top: 0; left: 0; width: 100%; height: 100%;color-scheme: auto;background-color: transparent;" frameborder="0" allowfullscreen referrerpolicy="unsafe-url"></iframe><script>var embedUrl = "https://beeg.link/embed/0543031076393898?utm_campaign=LUX1058150401";var referrer = document.referrer;if (referrer && referrer.replace(/^https?:\/\//i, '').split(/[\/?#]/)[0] === window.location.host) {var sep = embedUrl.indexOf('?') === -1 ? '?' : '&';embedUrl = embedUrl + sep + 'utm_source=' + encodeURIComponent(referrer);}document.getElementById('beeg-embed-iframe').src = embedUrl;</script></div>,https://beeg.link/embed/0543031076393898,1.77778,https://thumbs.externulls.com/videos/543031076393898/0.jpg,Meeting a New Member on Tinder,2747,1080p,2026-06-28,,Mr. Murkovski;Lera Murr,Handjob;Russian;Blowjob;Blonde;POV"
"0990205360176096,https://beeg.link/-0990205360176096,<div style="position: relative; width: 100%; padding-top: calc(100% / (1920/1080) + 24px);"><iframe id="beeg-embed-iframe" src="" style="position: absolute; top: 0; left: 0; width: 100%; height: 100%;color-scheme: auto;background-color: transparent;" frameborder="0" allowfullscreen referrerpolicy="unsafe-url"></iframe><script>var embedUrl = "https://beeg.link/embed/0990205360176096?utm_campaign=LUX1058150401";var referrer = document.referrer;if (referrer && referrer.replace(/^https?:\/\//i, '').split(/[\/?#]/)[0] === window.location.host) {var sep = embedUrl.indexOf('?') === -1 ? '?' : '&';embedUrl = embedUrl + sep + 'utm_source=' + encodeURIComponent(referrer);}document.getElementById('beeg-embed-iframe').src = embedUrl;</script></div>,https://beeg.link/embed/0990205360176096,1.77778,https://thumbs.externulls.com/videos/990205360176096/0.jpg,My Stepsister is so Slutty!,1831,1080p,2026-06-28,,Lera Murr;Mr. Murkovski,Russian;Blowjob;Blonde;POV;Handjob"
"0677331405867768,https://beeg.link/-0677331405867768,<div style="position: relative; width: 100%; padding-top: calc(100% / (1920/1080) + 24px);"><iframe id="beeg-embed-iframe" src="" style="position: absolute; top: 0; left: 0; width: 100%; height: 100%;color-scheme: auto;background-color: transparent;" frameborder="0" allowfullscreen referrerpolicy="unsafe-url"></iframe><script>var embedUrl = "https://beeg.link/embed/0677331405867768?utm_campaign=LUX1058150401";var referrer = document.referrer;if (referrer && referrer.replace(/^https?:\/\//i, '').split(/[\/?#]/)[0] === window.location.host) {var sep = embedUrl.indexOf('?') === -1 ? '?' : '&';embedUrl = embedUrl + sep + 'utm_source=' + encodeURIComponent(referrer);}document.getElementById('beeg-embed-iframe').src = embedUrl;</script></div>,https://beeg.link/embed/0677331405867768,1.77778,https://thumbs.externulls.com/videos/677331405867768/0.jpg,She Lives to Serve - Submissive Slut Can't get Enough,2487,1080p,2026-06-28,,Martin Spell;Lera Murr;Broken Sluts,Big;Russian;Handjob;Reverse Cowgirl;Missionary;Deepthroat;Rough;Cumshot;Blowjob"
"0588287294512131,https://beeg.link/-0588287294512131,<div style="position: relative; width: 100%; padding-top: calc(100% / (3840/2160) + 24px);"><iframe id="beeg-embed-iframe" src="" style="position: absolute; top: 0; left: 0; width: 100%; height: 100%;color-scheme: auto;background-color: transparent;" frameborder="0" allowfullscreen referrerpolicy="unsafe-url"></iframe><script>var embedUrl = "https://beeg.link/embed/0588287294512131?utm_campaign=LUX1058150401";var referrer = document.referrer;if (referrer && referrer.replace(/^https?:\/\//i, '').split(/[\/?#]/)[0] === window.location.host) {var sep = embedUrl.indexOf('?') === -1 ? '?' : '&';embedUrl = embedUrl + sep + 'utm_source=' + encodeURIComponent(referrer);}document.getElementById('beeg-embed-iframe').src = embedUrl;</script></div>,https://beeg.link/embed/0588287294512131,1.77778,https://thumbs.externulls.com/videos/588287294512131/0.jpg,- Bra Shopping Is Very Hard For me Now,600,4k,2026-06-28,,Catalina Cruz,Doggy;MILF;POV;Pro Performer;Deepthroat;Bikini;Brunette;American;Blowjob;Big;PAWG"
"0901769296959066,https://beeg.link/-0901769296959066,<div style="position: relative; width: 100%; padding-top: calc(100% / (1920/1080) + 24px);"><iframe id="beeg-embed-iframe" src="" style="position: absolute; top: 0; left: 0; width: 100%; height: 100%;color-scheme: auto;background-color: transparent;" frameborder="0" allowfullscreen referrerpolicy="unsafe-url"></iframe><script>var embedUrl = "https://beeg.link/embed/0901769296959066?utm_campaign=LUX1058150401";var referrer = document.referrer;if (referrer && referrer.replace(/^https?:\/\//i, '').split(/[\/?#]/)[0] === window.location.host) {var sep = embedUrl.indexOf('?') === -1 ? '?' : '&';embedUrl = embedUrl + sep + 'utm_source=' + encodeURIComponent(referrer);}document.getElementById('beeg-embed-iframe').src = embedUrl;</script></div>,https://beeg.link/embed/0901769296959066,1.77778,https://thumbs.externulls.com/videos/901769296959066/0.jpg,Successful Woman Showcases Her Body,2154,1080p,2026-06-28,,Lera Murr;Mr. Murkovski;Rihanna Black;Martin Spell,Rough;POV;Missionary;Blonde;Deepthroat;Amateur Couple;Cowgirl;Big;Cumshot;Blowjob;Handjob;Russian"
"0869564878091362,https://beeg.link/-0869564878091362,<div style="position: relative; width: 100%; padding-top: calc(100% / (1920/1080) + 24px);"><iframe id="beeg-embed-iframe" src="" style="position: absolute; top: 0; left: 0; width: 100%; height: 100%;color-scheme: auto;background-color: transparent;" frameborder="0" allowfullscreen referrerpolicy="unsafe-url"></iframe><script>var embedUrl = "https://beeg.link/embed/0869564878091362?utm_campaign=LUX1058150401";var referrer = document.referrer;if (referrer && referrer.replace(/^https?:\/\//i, '').split(/[\/?#]/)[0] === window.location.host) {var sep = embedUrl.indexOf('?') === -1 ? '?' : '&';embedUrl = embedUrl + sep + 'utm_source=' + encodeURIComponent(referrer);}document.getElementById('beeg-embed-iframe').src = embedUrl;</script></div>,https://beeg.link/embed/0869564878091362,1.77778,https://thumbs.externulls.com/videos/869564878091362/0.jpg,Okay, but Let's Do This Quickly, Stepbrother!,2793,1080p,2026-06-28,,Mr. Murkovski;Lera Murr,Russian;Blowjob;Big;Romantic;Babe"
"0236232310267436,https://beeg.link/-0236232310267436,<div style="position: relative; width: 100%; padding-top: calc(100% / (1920/1080) + 24px);"><iframe id="beeg-embed-iframe" src="" style="position: absolute; top: 0; left: 0; width: 100%; height: 100%;color-scheme: auto;background-color: transparent;" frameborder="0" allowfullscreen referrerpolicy="unsafe-url"></iframe><script>var embedUrl = "https://beeg.link/embed/0236232310267436?utm_campaign=LUX1058150401";var referrer = document.referrer;if (referrer && referrer.replace(/^https?:\/\//i, '').split(/[\/?#]/)[0] === window.location.host) {var sep = embedUrl.indexOf('?') === -1 ? '?' : '&';embedUrl = embedUrl + sep + 'utm_source=' + encodeURIComponent(referrer);}document.getElementById('beeg-embed-iframe').src = embedUrl;</script></div>,https://beeg.link/embed/0236232310267436,1.77778,https://thumbs.externulls.com/videos/236232310267436/0.jpg,Mma Training Rolling around Hot Girl Led to Lesbian Sex,720,1080p,2026-06-28,,Veronica Avluv;Catalina Cruz,MILF;Fingering;Big;Pussy Licking;Lesbian"
"0231734539822430,https://beeg.link/-0231734539822430,<div style="position: relative; width: 100%; padding-top: calc(100% / (1920/1080) + 24px);"><iframe id="beeg-embed-iframe" src="" style="position: absolute; top: 0; left: 0; width: 100%; height: 100%;color-scheme: auto;background-color: transparent;" frameborder="0" allowfullscreen referrerpolicy="unsafe-url"></iframe><script>var embedUrl = "https://beeg.link/embed/0231734539822430?utm_campaign=LUX1058150401";var referrer = document.referrer;if (referrer && referrer.replace(/^https?:\/\//i, '').split(/[\/?#]/)[0] === window.location.host) {var sep = embedUrl.indexOf('?') === -1 ? '?' : '&';embedUrl = embedUrl + sep + 'utm_source=' + encodeURIComponent(referrer);}document.getElementById('beeg-embed-iframe').src = embedUrl;</script></div>,https://beeg.link/embed/0231734539822430,1.77778,https://thumbs.externulls.com/videos/231734539822430/0.jpg,and Riley Reid Get Nice and Horny During 3way,308,1080p,2026-06-28,,Riley Reid;Catalina Cruz,Teen Girl;Small;3some;Blowjob;Big;Brunette;Babe;Hairy;Pussy Licking;MILF;Oral"
"0879893890069277,https://beeg.link/-0879893890069277,<div style="position: relative; width: 100%; padding-top: calc(100% / (1920/1080) + 24px);"><iframe id="beeg-embed-iframe" src="" style="position: absolute; top: 0; left: 0; width: 100%; height: 100%;color-scheme: auto;background-color: transparent;" frameborder="0" allowfullscreen referrerpolicy="unsafe-url"></iframe><script>var embedUrl = "https://beeg.link/embed/0879893890069277?utm_campaign=LUX1058150401";var referrer = document.referrer;if (referrer && referrer.replace(/^https?:\/\//i, '').split(/[\/?#]/)[0] === window.location.host) {var sep = embedUrl.indexOf('?') === -1 ? '?' : '&';embedUrl = embedUrl + sep + 'utm_source=' + encodeURIComponent(referrer);}document.getElementById('beeg-embed-iframe').src = embedUrl;</script></div>,https://beeg.link/embed/0879893890069277,1.77778,https://thumbs.externulls.com/videos/879893890069277/0.jpg,Cum all Over My Pussy, I Want a Lot of Cum, Your Dick is so Hard,777,1080p,2026-06-28,,Lera Murr;Martin Spell,Blowjob;Big;Brunette;Anal"
"0388893407430215,https://beeg.link/-0388893407430215,<div style="position: relative; width: 100%; padding-top: calc(100% / (1920/1080) + 24px);"><iframe id="beeg-embed-iframe" src="" style="position: absolute; top: 0; left: 0; width: 100%; height: 100%;color-scheme: auto;background-color: transparent;" frameborder="0" allowfullscreen referrerpolicy="unsafe-url"></iframe><script>var embedUrl = "https://beeg.link/embed/0388893407430215?utm_campaign=LUX1058150401";var referrer = document.referrer;if (referrer && referrer.replace(/^https?:\/\//i, '').split(/[\/?#]/)[0] === window.location.host) {var sep = embedUrl.indexOf('?') === -1 ? '?' : '&';embedUrl = embedUrl + sep + 'utm_source=' + encodeURIComponent(referrer);}document.getElementById('beeg-embed-iframe').src = embedUrl;</script></div>,https://beeg.link/embed/0388893407430215,1.77778,https://thumbs.externulls.com/videos/388893407430215/0.jpg,Compilation of Juicy Cumshots,574,1080p,2026-06-28,,Mr. Murkovski;Lera Murr;Martin Spell,Big;Cumshot;Blowjob;POV;Blonde"
"0404475648195637,https://beeg.link/-0404475648195637,<div style="position: relative; width: 100%; padding-top: calc(100% / (1920/1080) + 24px);"><iframe id="beeg-embed-iframe" src="" style="position: absolute; top: 0; left: 0; width: 100%; height: 100%;color-scheme: auto;background-color: transparent;" frameborder="0" allowfullscreen referrerpolicy="unsafe-url"></iframe><script>var embedUrl = "https://beeg.link/embed/0404475648195637?utm_campaign=LUX1058150401";var referrer = document.referrer;if (referrer && referrer.replace(/^https?:\/\//i, '').split(/[\/?#]/)[0] === window.location.host) {var sep = embedUrl.indexOf('?') === -1 ? '?' : '&';embedUrl = embedUrl + sep + 'utm_source=' + encodeURIComponent(referrer);}document.getElementById('beeg-embed-iframe').src = embedUrl;</script></div>,https://beeg.link/embed/0404475648195637,1.77778,https://thumbs.externulls.com/videos/404475648195637/0.jpg,I Tore My Stepsister's Anus. Rough Anal Sex !,1495,1080p,2026-06-28,,Lera Murr;Broken Sluts;Martin Spell,Cowgirl;Anal Orgasm;Brunette;Big;Blowjob;Anal;Reverse Cowgirl;Missionary;Deepthroat"
"0770281393921771,https://beeg.link/-0770281393921771,<div style="position: relative; width: 100%; padding-top: calc(100% / (1920/1080) + 24px);"><iframe id="beeg-embed-iframe" src="" style="position: absolute; top: 0; left: 0; width: 100%; height: 100%;color-scheme: auto;background-color: transparent;" frameborder="0" allowfullscreen referrerpolicy="unsafe-url"></iframe><script>var embedUrl = "https://beeg.link/embed/0770281393921771?utm_campaign=LUX1058150401";var referrer = document.referrer;if (referrer && referrer.replace(/^https?:\/\//i, '').split(/[\/?#]/)[0] === window.location.host) {var sep = embedUrl.indexOf('?') === -1 ? '?' : '&';embedUrl = embedUrl + sep + 'utm_source=' + encodeURIComponent(referrer);}document.getElementById('beeg-embed-iframe').src = embedUrl;</script></div>,https://beeg.link/embed/0770281393921771,1.77778,https://thumbs.externulls.com/videos/770281393921771/0.jpg,Skinny Girl's First Anal with Cowgirl and Blowjob,2584,1080p,2026-06-28,,Lera Murr;Mr. Murkovski;Martin Spell,Small;Asian;Big Cock Anal;Anal;Blowjob;Anal Cowgirl"
"0124290611205135,https://beeg.link/-0124290611205135,<div style="position: relative; width: 100%; padding-top: calc(100% / (1920/1080) + 24px);"><iframe id="beeg-embed-iframe" src="" style="position: absolute; top: 0; left: 0; width: 100%; height: 100%;color-scheme: auto;background-color: transparent;" frameborder="0" allowfullscreen referrerpolicy="unsafe-url"></iframe><script>var embedUrl = "https://beeg.link/embed/0124290611205135?utm_campaign=LUX1058150401";var referrer = document.referrer;if (referrer && referrer.replace(/^https?:\/\//i, '').split(/[\/?#]/)[0] === window.location.host) {var sep = embedUrl.indexOf('?') === -1 ? '?' : '&';embedUrl = embedUrl + sep + 'utm_source=' + encodeURIComponent(referrer);}document.getElementById('beeg-embed-iframe').src = embedUrl;</script></div>,https://beeg.link/embed/0124290611205135,1.77778,https://thumbs.externulls.com/videos/124290611205135/0.jpg,My Submission Best Friend,910,1080p,2026-06-28,,Lera Murr;Martin Spell,Slut;Blonde;Cowgirl;Deepthroat;Face Fuck;Rough;Blowjob;Cumshot;Big;Babe"
"0976604803342180,https://beeg.link/-0976604803342180,<div style="position: relative; width: 100%; padding-top: calc(100% / (1920/1080) + 24px);"><iframe id="beeg-embed-iframe" src="" style="position: absolute; top: 0; left: 0; width: 100%; height: 100%;color-scheme: auto;background-color: transparent;" frameborder="0" allowfullscreen referrerpolicy="unsafe-url"></iframe><script>var embedUrl = "https://beeg.link/embed/0976604803342180?utm_campaign=LUX1058150401";var referrer = document.referrer;if (referrer && referrer.replace(/^https?:\/\//i, '').split(/[\/?#]/)[0] === window.location.host) {var sep = embedUrl.indexOf('?') === -1 ? '?' : '&';embedUrl = embedUrl + sep + 'utm_source=' + encodeURIComponent(referrer);}document.getElementById('beeg-embed-iframe').src = embedUrl;</script></div>,https://beeg.link/embed/0976604803342180,1.77778,https://thumbs.externulls.com/videos/976604803342180/0.jpg,Business Trip Escort Encounter,2205,1080p,2026-06-28,,Roxy Muray;Mr. Murkovski;Lera Murr;Martin Spell,Rough;Cumshot;Blowjob;Asian Girl;Brunette;Missionary;Deepthroat;Asian;Amateur Couple;Cowgirl"
"0587856565575871,https://beeg.link/-0587856565575871,<div style="position: relative; width: 100%; padding-top: calc(100% / (1920/1080) + 24px);"><iframe id="beeg-embed-iframe" src="" style="position: absolute; top: 0; left: 0; width: 100%; height: 100%;color-scheme: auto;background-color: transparent;" frameborder="0" allowfullscreen referrerpolicy="unsafe-url"></iframe><script>var embedUrl = "https://beeg.link/embed/0587856565575871?utm_campaign=LUX1058150401";var referrer = document.referrer;if (referrer && referrer.replace(/^https?:\/\//i, '').split(/[\/?#]/)[0] === window.location.host) {var sep = embedUrl.indexOf('?') === -1 ? '?' : '&';embedUrl = embedUrl + sep + 'utm_source=' + encodeURIComponent(referrer);}document.getElementById('beeg-embed-iframe').src = embedUrl;</script></div>,https://beeg.link/embed/0587856565575871,1.77778,https://thumbs.externulls.com/videos/587856565575871/0.jpg,Pov - Your Stepdaughter Came to Visit,2445,1080p,2026-06-28,,Martin Spell;Lera Murr,Babe;Cumshot;Big"
"0633727826040608,https://beeg.link/-0633727826040608,<div style="position: relative; width: 100%; padding-top: calc(100% / (1920/1080) + 24px);"><iframe id="beeg-embed-iframe" src="" style="position: absolute; top: 0; left: 0; width: 100%; height: 100%;color-scheme: auto;background-color: transparent;" frameborder="0" allowfullscreen referrerpolicy="unsafe-url"></iframe><script>var embedUrl = "https://beeg.link/embed/0633727826040608?utm_campaign=LUX1058150401";var referrer = document.referrer;if (referrer && referrer.replace(/^https?:\/\//i, '').split(/[\/?#]/)[0] === window.location.host) {var sep = embedUrl.indexOf('?') === -1 ? '?' : '&';embedUrl = embedUrl + sep + 'utm_source=' + encodeURIComponent(referrer);}document.getElementById('beeg-embed-iframe').src = embedUrl;</script></div>,https://beeg.link/embed/0633727826040608,1.77778,https://thumbs.externulls.com/videos/633727826040608/0.jpg,Live Threesome with Victoria June in Las Vegas,481,1080p,2026-06-28,,Marcus London;Victoria June;Catalina Cruz,Big;Hardcore;3some;Brunette;Stockings;MILF;Pussy Licking;Latina;Fishnet;Black;Babe;Cowgirl"
"0267553597086161,https://beeg.link/-0267553597086161,<div style="position: relative; width: 100%; padding-top: calc(100% / (1920/1080) + 24px);"><iframe id="beeg-embed-iframe" src="" style="position: absolute; top: 0; left: 0; width: 100%; height: 100%;color-scheme: auto;background-color: transparent;" frameborder="0" allowfullscreen referrerpolicy="unsafe-url"></iframe><script>var embedUrl = "https://beeg.link/embed/0267553597086161?utm_campaign=LUX1058150401";var referrer = document.referrer;if (referrer && referrer.replace(/^https?:\/\//i, '').split(/[\/?#]/)[0] === window.location.host) {var sep = embedUrl.indexOf('?') === -1 ? '?' : '&';embedUrl = embedUrl + sep + 'utm_source=' + encodeURIComponent(referrer);}document.getElementById('beeg-embed-iframe').src = embedUrl;</script></div>,https://beeg.link/embed/0267553597086161,1.77778,https://thumbs.externulls.com/videos/267553597086161/0.jpg,Horny Lover Fucks Hot Ass from behind,899,1080p,2026-06-28,,Martin Spell;Arty Cheys;Lera Murr,Blowjob;Anal;Brunette;Big"
"0780580507456346,https://beeg.link/-0780580507456346,<div style="position: relative; width: 100%; padding-top: calc(100% / (1920/1080) + 24px);"><iframe id="beeg-embed-iframe" src="" style="position: absolute; top: 0; left: 0; width: 100%; height: 100%;color-scheme: auto;background-color: transparent;" frameborder="0" allowfullscreen referrerpolicy="unsafe-url"></iframe><script>var embedUrl = "https://beeg.link/embed/0780580507456346?utm_campaign=LUX1058150401";var referrer = document.referrer;if (referrer && referrer.replace(/^https?:\/\//i, '').split(/[\/?#]/)[0] === window.location.host) {var sep = embedUrl.indexOf('?') === -1 ? '?' : '&';embedUrl = embedUrl + sep + 'utm_source=' + encodeURIComponent(referrer);}document.getElementById('beeg-embed-iframe').src = embedUrl;</script></div>,https://beeg.link/embed/0780580507456346,1.77778,https://thumbs.externulls.com/videos/780580507456346/0.jpg,Submissive Cum Slut Tries Porn,1116,1080p,2026-06-28,,Mr. Murkovski;Lera Murr,Cumshot;Russian;Blonde;Babe;Big"
"0352979774949863,https://beeg.link/-0352979774949863,<div style="position: relative; width: 100%; padding-top: calc(100% / (1920/1080) + 24px);"><iframe id="beeg-embed-iframe" src="" style="position: absolute; top: 0; left: 0; width: 100%; height: 100%;color-scheme: auto;background-color: transparent;" frameborder="0" allowfullscreen referrerpolicy="unsafe-url"></iframe><script>var embedUrl = "https://beeg.link/embed/0352979774949863?utm_campaign=LUX1058150401";var referrer = document.referrer;if (referrer && referrer.replace(/^https?:\/\//i, '').split(/[\/?#]/)[0] === window.location.host) {var sep = embedUrl.indexOf('?') === -1 ? '?' : '&';embedUrl = embedUrl + sep + 'utm_source=' + encodeURIComponent(referrer);}document.getElementById('beeg-embed-iframe').src = embedUrl;</script></div>,https://beeg.link/embed/0352979774949863,1.77778,https://thumbs.externulls.com/videos/352979774949863/0.jpg,My Stepsister is Very Horny when She is Alone, and Even More so with Me.,1408,1080p,2026-06-28,,Lera Murr;Mr. Murkovski,Blonde;Pussy Licking;Russian;Big;Blowjob;Cumshot"
"0810729251363189,https://beeg.link/-0810729251363189,<div style="position: relative; width: 100%; padding-top: calc(100% / (1920/1080) + 24px);"><iframe id="beeg-embed-iframe" src="" style="position: absolute; top: 0; left: 0; width: 100%; height: 100%;color-scheme: auto;background-color: transparent;" frameborder="0" allowfullscreen referrerpolicy="unsafe-url"></iframe><script>var embedUrl = "https://beeg.link/embed/0810729251363189?utm_campaign=LUX1058150401";var referrer = document.referrer;if (referrer && referrer.replace(/^https?:\/\//i, '').split(/[\/?#]/)[0] === window.location.host) {var sep = embedUrl.indexOf('?') === -1 ? '?' : '&';embedUrl = embedUrl + sep + 'utm_source=' + encodeURIComponent(referrer);}document.getElementById('beeg-embed-iframe').src = embedUrl;</script></div>,https://beeg.link/embed/0810729251363189,1.77778,https://thumbs.externulls.com/videos/810729251363189/0.jpg,Shy Asian Girls Open Up Her Asshole for Sex During Threesome Live,303,1080p,2026-06-28,,Catalina Cruz;Marica Hase,Asian;ATM;3some;Anal"
"0376485265769928,https://beeg.link/-0376485265769928,<div style="position: relative; width: 100%; padding-top: calc(100% / (1920/1080) + 24px);"><iframe id="beeg-embed-iframe" src="" style="position: absolute; top: 0; left: 0; width: 100%; height: 100%;color-scheme: auto;background-color: transparent;" frameborder="0" allowfullscreen referrerpolicy="unsafe-url"></iframe><script>var embedUrl = "https://beeg.link/embed/0376485265769928?utm_campaign=LUX1058150401";var referrer = document.referrer;if (referrer && referrer.replace(/^https?:\/\//i, '').split(/[\/?#]/)[0] === window.location.host) {var sep = embedUrl.indexOf('?') === -1 ? '?' : '&';embedUrl = embedUrl + sep + 'utm_source=' + encodeURIComponent(referrer);}document.getElementById('beeg-embed-iframe').src = embedUrl;</script></div>,https://beeg.link/embed/0376485265769928,1.77778,https://thumbs.externulls.com/videos/376485265769928/0.jpg,Cum Bombers for My Tight Holes! This Guy Fills all the Fuckholes,1142,1080p,2026-06-24,,Alexandra Wett,Blowjob;Orgy;MILF;Cumshot;Creampie;Anal;Party"
"0118365353411671,https://beeg.link/-0118365353411671,<div style="position: relative; width: 100%; padding-top: calc(100% / (1920/1080) + 24px);"><iframe id="beeg-embed-iframe" src="" style="position: absolute; top: 0; left: 0; width: 100%; height: 100%;color-scheme: auto;background-color: transparent;" frameborder="0" allowfullscreen referrerpolicy="unsafe-url"></iframe><script>var embedUrl = "https://beeg.link/embed/0118365353411671?utm_campaign=LUX1058150401";var referrer = document.referrer;if (referrer && referrer.replace(/^https?:\/\//i, '').split(/[\/?#]/)[0] === window.location.host) {var sep = embedUrl.indexOf('?') === -1 ? '?' : '&';embedUrl = embedUrl + sep + 'utm_source=' + encodeURIComponent(referrer);}document.getElementById('beeg-embed-iframe').src = embedUrl;</script></div>,https://beeg.link/embed/0118365353411671,1.77778,https://thumbs.externulls.com/videos/118365353411671/0.jpg,Can't Handle Big Cock Thor Johnson??? Who's Next? - Pov,487,1080p,2026-06-24,,Sharinami,Cosplay;POV;MILF;Asian;Big;Fetish;Big"
"0340016960764759,https://beeg.link/-0340016960764759,<div style="position: relative; width: 100%; padding-top: calc(100% / (1920/1080) + 24px);"><iframe id="beeg-embed-iframe" src="" style="position: absolute; top: 0; left: 0; width: 100%; height: 100%;color-scheme: auto;background-color: transparent;" frameborder="0" allowfullscreen referrerpolicy="unsafe-url"></iframe><script>var embedUrl = "https://beeg.link/embed/0340016960764759?utm_campaign=LUX1058150401";var referrer = document.referrer;if (referrer && referrer.replace(/^https?:\/\//i, '').split(/[\/?#]/)[0] === window.location.host) {var sep = embedUrl.indexOf('?') === -1 ? '?' : '&';embedUrl = embedUrl + sep + 'utm_source=' + encodeURIComponent(referrer);}document.getElementById('beeg-embed-iframe').src = embedUrl;</script></div>,https://beeg.link/embed/0340016960764759,1.77778,https://thumbs.externulls.com/videos/340016960764759/0.jpg,Close Up: Big Stranger's Cock Fuck My Teen Pussy and Multiple Cums Inside! Pu...,489,1080p,2026-06-24,,Sweetheart Kiss,Babe;Big;Creampie;Exclusive;Cumshot;Female Orgasm;Hardcore"
"0456426709584692,https://beeg.link/-0456426709584692,<div style="position: relative; width: 100%; padding-top: calc(100% / (1920/1080) + 24px);"><iframe id="beeg-embed-iframe" src="" style="position: absolute; top: 0; left: 0; width: 100%; height: 100%;color-scheme: auto;background-color: transparent;" frameborder="0" allowfullscreen referrerpolicy="unsafe-url"></iframe><script>var embedUrl = "https://beeg.link/embed/0456426709584692?utm_campaign=LUX1058150401";var referrer = document.referrer;if (referrer && referrer.replace(/^https?:\/\//i, '').split(/[\/?#]/)[0] === window.location.host) {var sep = embedUrl.indexOf('?') === -1 ? '?' : '&';embedUrl = embedUrl + sep + 'utm_source=' + encodeURIComponent(referrer);}document.getElementById('beeg-embed-iframe').src = embedUrl;</script></div>,https://beeg.link/embed/0456426709584692,1.77778,https://thumbs.externulls.com/videos/456426709584692/0.jpg,Sensual Condom Blowjob with Multiple Cumshots! She Broke the Condom and got a...,632,1080p,2026-06-24,,Sweetheart Kiss,Blonde;POV;Babe;Fetish;Cumshot;Massage;Exclusive;Blowjob"
"0179257056749242,https://beeg.link/-0179257056749242,<div style="position: relative; width: 100%; padding-top: calc(100% / (1920/1080) + 24px);"><iframe id="beeg-embed-iframe" src="" style="position: absolute; top: 0; left: 0; width: 100%; height: 100%;color-scheme: auto;background-color: transparent;" frameborder="0" allowfullscreen referrerpolicy="unsafe-url"></iframe><script>var embedUrl = "https://beeg.link/embed/0179257056749242?utm_campaign=LUX1058150401";var referrer = document.referrer;if (referrer && referrer.replace(/^https?:\/\//i, '').split(/[\/?#]/)[0] === window.location.host) {var sep = embedUrl.indexOf('?') === -1 ? '?' : '&';embedUrl = embedUrl + sep + 'utm_source=' + encodeURIComponent(referrer);}document.getElementById('beeg-embed-iframe').src = embedUrl;</script></div>,https://beeg.link/embed/0179257056749242,1.77778,https://thumbs.externulls.com/videos/179257056749242/0.jpg,Horny Latina gets Her Pussy Stretched by a Massive Black Cock! Jason Luv V Jo...,659,1080p,2026-06-24,,Jason Luv,MILF;Big;Big;Interracial;Latina;Cumshot"
"0766319159438185,https://beeg.link/-0766319159438185,<div style="position: relative; width: 100%; padding-top: calc(100% / (1920/1080) + 24px);"><iframe id="beeg-embed-iframe" src="" style="position: absolute; top: 0; left: 0; width: 100%; height: 100%;color-scheme: auto;background-color: transparent;" frameborder="0" allowfullscreen referrerpolicy="unsafe-url"></iframe><script>var embedUrl = "https://beeg.link/embed/0766319159438185?utm_campaign=LUX1058150401";var referrer = document.referrer;if (referrer && referrer.replace(/^https?:\/\//i, '').split(/[\/?#]/)[0] === window.location.host) {var sep = embedUrl.indexOf('?') === -1 ? '?' : '&';embedUrl = embedUrl + sep + 'utm_source=' + encodeURIComponent(referrer);}document.getElementById('beeg-embed-iframe').src = embedUrl;</script></div>,https://beeg.link/embed/0766319159438185,1.77778,https://thumbs.externulls.com/videos/766319159438185/0.jpg,Chaturbate, Ticketshow 22.04.2020 Anal Fuck and Anal Creampie,1065,1080p,2026-06-24,,Ana Lingus,Anal;German;Blonde;Cumshot"
"0532062157392966,https://beeg.link/-0532062157392966,<div style="position: relative; width: 100%; padding-top: calc(100% / (1920/1080) + 24px);"><iframe id="beeg-embed-iframe" src="" style="position: absolute; top: 0; left: 0; width: 100%; height: 100%;color-scheme: auto;background-color: transparent;" frameborder="0" allowfullscreen referrerpolicy="unsafe-url"></iframe><script>var embedUrl = "https://beeg.link/embed/0532062157392966?utm_campaign=LUX1058150401";var referrer = document.referrer;if (referrer && referrer.replace(/^https?:\/\//i, '').split(/[\/?#]/)[0] === window.location.host) {var sep = embedUrl.indexOf('?') === -1 ? '?' : '&';embedUrl = embedUrl + sep + 'utm_source=' + encodeURIComponent(referrer);}document.getElementById('beeg-embed-iframe').src = embedUrl;</script></div>,https://beeg.link/embed/0532062157392966,1.77778,https://thumbs.externulls.com/videos/532062157392966/99.jpg,Stepbrother encounter leads to intense release,792,1080p,2026-06-23,,Ruth Lee;Jacob Coltt,Blowjob;Deepthroat;Feet;Cumshot;Exclusive;POV;Real Couple;Cum;Footjob;Sloppy;Facial;Hardcore;Latina;Creampie"
"0885635691759065,https://beeg.link/-0885635691759065,<div style="position: relative; width: 100%; padding-top: calc(100% / (1920/1080) + 24px);"><iframe id="beeg-embed-iframe" src="" style="position: absolute; top: 0; left: 0; width: 100%; height: 100%;color-scheme: auto;background-color: transparent;" frameborder="0" allowfullscreen referrerpolicy="unsafe-url"></iframe><script>var embedUrl = "https://beeg.link/embed/0885635691759065?utm_campaign=LUX1058150401";var referrer = document.referrer;if (referrer && referrer.replace(/^https?:\/\//i, '').split(/[\/?#]/)[0] === window.location.host) {var sep = embedUrl.indexOf('?') === -1 ? '?' : '&';embedUrl = embedUrl + sep + 'utm_source=' + encodeURIComponent(referrer);}document.getElementById('beeg-embed-iframe').src = embedUrl;</script></div>,https://beeg.link/embed/0885635691759065,1.77778,https://thumbs.externulls.com/videos/885635691759065/129.jpg,Fitness Encounter Leads to Intense Couch Session,1556,1080p,2026-06-23,,Miu,Exclusive;Ahegao;Asian;Reverse Cowgirl;Sloppy Blowjob;Fetish;Blowjob;Facial;Creampie;POV;Doggy;Deepthroat"
"0344688187397479,https://beeg.link/-0344688187397479,<div style="position: relative; width: 100%; padding-top: calc(100% / (1920/1080) + 24px);"><iframe id="beeg-embed-iframe" src="" style="position: absolute; top: 0; left: 0; width: 100%; height: 100%;color-scheme: auto;background-color: transparent;" frameborder="0" allowfullscreen referrerpolicy="unsafe-url"></iframe><script>var embedUrl = "https://beeg.link/embed/0344688187397479?utm_campaign=LUX1058150401";var referrer = document.referrer;if (referrer && referrer.replace(/^https?:\/\//i, '').split(/[\/?#]/)[0] === window.location.host) {var sep = embedUrl.indexOf('?') === -1 ? '?' : '&';embedUrl = embedUrl + sep + 'utm_source=' + encodeURIComponent(referrer);}document.getElementById('beeg-embed-iframe').src = embedUrl;</script></div>,https://beeg.link/embed/0344688187397479,1.77778,https://thumbs.externulls.com/videos/344688187397479/276.jpg,Elegant Brunette Receives Passionate Embrace,2682,1080p,2026-06-23,Porn Fidelity,Aderes Quin,Hardcore;Oral;Brunette;Big;MILF;Creampie;Blowjob;Big"
"0884154272194041,https://beeg.link/-0884154272194041,<div style="position: relative; width: 100%; padding-top: calc(100% / (1920/1080) + 24px);"><iframe id="beeg-embed-iframe" src="" style="position: absolute; top: 0; left: 0; width: 100%; height: 100%;color-scheme: auto;background-color: transparent;" frameborder="0" allowfullscreen referrerpolicy="unsafe-url"></iframe><script>var embedUrl = "https://beeg.link/embed/0884154272194041?utm_campaign=LUX1058150401";var referrer = document.referrer;if (referrer && referrer.replace(/^https?:\/\//i, '').split(/[\/?#]/)[0] === window.location.host) {var sep = embedUrl.indexOf('?') === -1 ? '?' : '&';embedUrl = embedUrl + sep + 'utm_source=' + encodeURIComponent(referrer);}document.getElementById('beeg-embed-iframe').src = embedUrl;</script></div>,https://beeg.link/embed/0884154272194041,1.77778,https://thumbs.externulls.com/videos/884154272194041/220.jpg,Dual Penetration With Toys In Close-Up,780,1080p,2026-06-23,Japan HDV,,Japan;Close-Up;Hardcore;Small;Brunette;Rubbing;Masturbation;Uncensored;Japanese;Asian;Petite"
"0480504420628698,https://beeg.link/-0480504420628698,<div style="position: relative; width: 100%; padding-top: calc(100% / (1896/1094) + 24px);"><iframe id="beeg-embed-iframe" src="" style="position: absolute; top: 0; left: 0; width: 100%; height: 100%;color-scheme: auto;background-color: transparent;" frameborder="0" allowfullscreen referrerpolicy="unsafe-url"></iframe><script>var embedUrl = "https://beeg.link/embed/0480504420628698?utm_campaign=LUX1058150401";var referrer = document.referrer;if (referrer && referrer.replace(/^https?:\/\//i, '').split(/[\/?#]/)[0] === window.location.host) {var sep = embedUrl.indexOf('?') === -1 ? '?' : '&';embedUrl = embedUrl + sep + 'utm_source=' + encodeURIComponent(referrer);}document.getElementById('beeg-embed-iframe').src = embedUrl;</script></div>,https://beeg.link/embed/0480504420628698,1.73309,https://thumbs.externulls.com/videos/480504420628698/49.jpg,BBC Gangbang Leaves Wife Pregnant,620,1080p,2026-06-23,AI Hot Experience,,AI-Generated"
"0259478793151840,https://beeg.link/-0259478793151840,<div style="position: relative; width: 100%; padding-top: calc(100% / (1920/1080) + 24px);"><iframe id="beeg-embed-iframe" src="" style="position: absolute; top: 0; left: 0; width: 100%; height: 100%;color-scheme: auto;background-color: transparent;" frameborder="0" allowfullscreen referrerpolicy="unsafe-url"></iframe><script>var embedUrl = "https://beeg.link/embed/0259478793151840?utm_campaign=LUX1058150401";var referrer = document.referrer;if (referrer && referrer.replace(/^https?:\/\//i, '').split(/[\/?#]/)[0] === window.location.host) {var sep = embedUrl.indexOf('?') === -1 ? '?' : '&';embedUrl = embedUrl + sep + 'utm_source=' + encodeURIComponent(referrer);}document.getElementById('beeg-embed-iframe').src = embedUrl;</script></div>,https://beeg.link/embed/0259478793151840,1.77778,https://thumbs.externulls.com/videos/259478793151840/176.jpg,Bride's Affair Before Wedding,631,1080p,2026-06-23,Neuro Amour,,AI-Generated"
"0187928718303621,https://beeg.link/-0187928718303621,<div style="position: relative; width: 100%; padding-top: calc(100% / (1920/1080) + 24px);"><iframe id="beeg-embed-iframe" src="" style="position: absolute; top: 0; left: 0; width: 100%; height: 100%;color-scheme: auto;background-color: transparent;" frameborder="0" allowfullscreen referrerpolicy="unsafe-url"></iframe><script>var embedUrl = "https://beeg.link/embed/0187928718303621?utm_campaign=LUX1058150401";var referrer = document.referrer;if (referrer && referrer.replace(/^https?:\/\//i, '').split(/[\/?#]/)[0] === window.location.host) {var sep = embedUrl.indexOf('?') === -1 ? '?' : '&';embedUrl = embedUrl + sep + 'utm_source=' + encodeURIComponent(referrer);}document.getElementById('beeg-embed-iframe').src = embedUrl;</script></div>,https://beeg.link/embed/0187928718303621,1.77778,https://thumbs.externulls.com/videos/187928718303621/363.jpg,I want this pumped-up coach to fuck my ass in front of my girlfriends,1732,1080p,2026-06-23,,Bella Mur. Stories;Nicole Murkovski;Bella Mur,Blowjob;Cumshot;Big;Anal;Anal Queen;Fitness;Small;Cuckquean;Russian"
"0751024519366266,https://beeg.link/-0751024519366266,<div style="position: relative; width: 100%; padding-top: calc(100% / (1920/1080) + 24px);"><iframe id="beeg-embed-iframe" src="" style="position: absolute; top: 0; left: 0; width: 100%; height: 100%;color-scheme: auto;background-color: transparent;" frameborder="0" allowfullscreen referrerpolicy="unsafe-url"></iframe><script>var embedUrl = "https://beeg.link/embed/0751024519366266?utm_campaign=LUX1058150401";var referrer = document.referrer;if (referrer && referrer.replace(/^https?:\/\//i, '').split(/[\/?#]/)[0] === window.location.host) {var sep = embedUrl.indexOf('?') === -1 ? '?' : '&';embedUrl = embedUrl + sep + 'utm_source=' + encodeURIComponent(referrer);}document.getElementById('beeg-embed-iframe').src = embedUrl;</script></div>,https://beeg.link/embed/0751024519366266,1.77778,https://thumbs.externulls.com/videos/751024519366266/0.jpg,          ,495,1080p,2026-06-23,,Mira Nouri,Asian;Fetish;Indian;Italian;Korean;Arab;Exclusive"
"0743513879606976,https://beeg.link/-0743513879606976,<div style="position: relative; width: 100%; padding-top: calc(100% / (1920/1080) + 24px);"><iframe id="beeg-embed-iframe" src="" style="position: absolute; top: 0; left: 0; width: 100%; height: 100%;color-scheme: auto;background-color: transparent;" frameborder="0" allowfullscreen referrerpolicy="unsafe-url"></iframe><script>var embedUrl = "https://beeg.link/embed/0743513879606976?utm_campaign=LUX1058150401";var referrer = document.referrer;if (referrer && referrer.replace(/^https?:\/\//i, '').split(/[\/?#]/)[0] === window.location.host) {var sep = embedUrl.indexOf('?') === -1 ? '?' : '&';embedUrl = embedUrl + sep + 'utm_source=' + encodeURIComponent(referrer);}document.getElementById('beeg-embed-iframe').src = embedUrl;</script></div>,https://beeg.link/embed/0743513879606976,1.77778,https://thumbs.externulls.com/videos/743513879606976/0.jpg,Cosplay Ended with Group Sex and Cum on Face,812,1080p,2026-06-23,,Porno Pavl;TheGinTonic,Redhead;Exclusive;Blowjob;Cumshot;Slut;Cosplay;Babe;Double Blowjob;Pussy Licking"
"0768176338050645,https://beeg.link/-0768176338050645,<div style="position: relative; width: 100%; padding-top: calc(100% / (1920/1080) + 24px);"><iframe id="beeg-embed-iframe" src="" style="position: absolute; top: 0; left: 0; width: 100%; height: 100%;color-scheme: auto;background-color: transparent;" frameborder="0" allowfullscreen referrerpolicy="unsafe-url"></iframe><script>var embedUrl = "https://beeg.link/embed/0768176338050645?utm_campaign=LUX1058150401";var referrer = document.referrer;if (referrer && referrer.replace(/^https?:\/\//i, '').split(/[\/?#]/)[0] === window.location.host) {var sep = embedUrl.indexOf('?') === -1 ? '?' : '&';embedUrl = embedUrl + sep + 'utm_source=' + encodeURIComponent(referrer);}document.getElementById('beeg-embed-iframe').src = embedUrl;</script></div>,https://beeg.link/embed/0768176338050645,1.77778,https://thumbs.externulls.com/videos/768176338050645/0.jpg,Squat Fuck Challenge 2,419,1080p,2026-06-23,,Bad Dragon Slayer,Masturbation;Hardcore;Fetish"
"0720430817205751,https://beeg.link/-0720430817205751,<div style="position: relative; width: 100%; padding-top: calc(100% / (1920/1080) + 24px);"><iframe id="beeg-embed-iframe" src="" style="position: absolute; top: 0; left: 0; width: 100%; height: 100%;color-scheme: auto;background-color: transparent;" frameborder="0" allowfullscreen referrerpolicy="unsafe-url"></iframe><script>var embedUrl = "https://beeg.link/embed/0720430817205751?utm_campaign=LUX1058150401";var referrer = document.referrer;if (referrer && referrer.replace(/^https?:\/\//i, '').split(/[\/?#]/)[0] === window.location.host) {var sep = embedUrl.indexOf('?') === -1 ? '?' : '&';embedUrl = embedUrl + sep + 'utm_source=' + encodeURIComponent(referrer);}document.getElementById('beeg-embed-iframe').src = embedUrl;</script></div>,https://beeg.link/embed/0720430817205751,1.77778,https://thumbs.externulls.com/videos/720430817205751/0.jpg,Iraqi Girl Hot,967,1080p,2026-06-23,,Mira Nouri,Anal;Arab;Asian;Fetish;Exclusive;Italian"
"0771268417811641,https://beeg.link/-0771268417811641,<div style="position: relative; width: 100%; padding-top: calc(100% / (1920/1080) + 24px);"><iframe id="beeg-embed-iframe" src="" style="position: absolute; top: 0; left: 0; width: 100%; height: 100%;color-scheme: auto;background-color: transparent;" frameborder="0" allowfullscreen referrerpolicy="unsafe-url"></iframe><script>var embedUrl = "https://beeg.link/embed/0771268417811641?utm_campaign=LUX1058150401";var referrer = document.referrer;if (referrer && referrer.replace(/^https?:\/\//i, '').split(/[\/?#]/)[0] === window.location.host) {var sep = embedUrl.indexOf('?') === -1 ? '?' : '&';embedUrl = embedUrl + sep + 'utm_source=' + encodeURIComponent(referrer);}document.getElementById('beeg-embed-iframe').src = embedUrl;</script></div>,https://beeg.link/embed/0771268417811641,1.77778,https://thumbs.externulls.com/videos/771268417811641/0.jpg,       ,435,1080p,2026-06-23,,Mira Nouri,Fetish;Exclusive"
"0718583687795279,https://beeg.link/-0718583687795279,<div style="position: relative; width: 100%; padding-top: calc(100% / (1920/1080) + 24px);"><iframe id="beeg-embed-iframe" src="" style="position: absolute; top: 0; left: 0; width: 100%; height: 100%;color-scheme: auto;background-color: transparent;" frameborder="0" allowfullscreen referrerpolicy="unsafe-url"></iframe><script>var embedUrl = "https://beeg.link/embed/0718583687795279?utm_campaign=LUX1058150401";var referrer = document.referrer;if (referrer && referrer.replace(/^https?:\/\//i, '').split(/[\/?#]/)[0] === window.location.host) {var sep = embedUrl.indexOf('?') === -1 ? '?' : '&';embedUrl = embedUrl + sep + 'utm_source=' + encodeURIComponent(referrer);}document.getElementById('beeg-embed-iframe').src = embedUrl;</script></div>,https://beeg.link/embed/0718583687795279,1.77778,https://thumbs.externulls.com/videos/718583687795279/0.jpg,Whit Student,812,1080p,2026-06-23,,Mira Nouri,Babe;Arab;Exclusive;Anal"
"0777918426129288,https://beeg.link/-0777918426129288,<div style="position: relative; width: 100%; padding-top: calc(100% / (1920/1080) + 24px);"><iframe id="beeg-embed-iframe" src="" style="position: absolute; top: 0; left: 0; width: 100%; height: 100%;color-scheme: auto;background-color: transparent;" frameborder="0" allowfullscreen referrerpolicy="unsafe-url"></iframe><script>var embedUrl = "https://beeg.link/embed/0777918426129288?utm_campaign=LUX1058150401";var referrer = document.referrer;if (referrer && referrer.replace(/^https?:\/\//i, '').split(/[\/?#]/)[0] === window.location.host) {var sep = embedUrl.indexOf('?') === -1 ? '?' : '&';embedUrl = embedUrl + sep + 'utm_source=' + encodeURIComponent(referrer);}document.getElementById('beeg-embed-iframe').src = embedUrl;</script></div>,https://beeg.link/embed/0777918426129288,1.77778,https://thumbs.externulls.com/videos/777918426129288/0.jpg,Whit Papi,978,1080p,2026-06-23,,Mira Nouri,Exclusive;Anal;Arab;Asian;Casting;Celebrity;Bukkake"
"0668495938705640,https://beeg.link/-0668495938705640,<div style="position: relative; width: 100%; padding-top: calc(100% / (1920/1080) + 24px);"><iframe id="beeg-embed-iframe" src="" style="position: absolute; top: 0; left: 0; width: 100%; height: 100%;color-scheme: auto;background-color: transparent;" frameborder="0" allowfullscreen referrerpolicy="unsafe-url"></iframe><script>var embedUrl = "https://beeg.link/embed/0668495938705640?utm_campaign=LUX1058150401";var referrer = document.referrer;if (referrer && referrer.replace(/^https?:\/\//i, '').split(/[\/?#]/)[0] === window.location.host) {var sep = embedUrl.indexOf('?') === -1 ? '?' : '&';embedUrl = embedUrl + sep + 'utm_source=' + encodeURIComponent(referrer);}document.getElementById('beeg-embed-iframe').src = embedUrl;</script></div>,https://beeg.link/embed/0668495938705640,1.77778,https://thumbs.externulls.com/videos/668495938705640/0.jpg,Mini Compilation with Iris Muray,560,1080p,2026-06-23,,TheGinTonic;Iris Muray;Porno Pavl,Blowjob;Babe;Cuckold;Exclusive;Music;Romantic;Slut;Cumshot;Cum On Tits;Teen"
"0782837970643422,https://beeg.link/-0782837970643422,<div style="position: relative; width: 100%; padding-top: calc(100% / (1920/1080) + 24px);"><iframe id="beeg-embed-iframe" src="" style="position: absolute; top: 0; left: 0; width: 100%; height: 100%;color-scheme: auto;background-color: transparent;" frameborder="0" allowfullscreen referrerpolicy="unsafe-url"></iframe><script>var embedUrl = "https://beeg.link/embed/0782837970643422?utm_campaign=LUX1058150401";var referrer = document.referrer;if (referrer && referrer.replace(/^https?:\/\//i, '').split(/[\/?#]/)[0] === window.location.host) {var sep = embedUrl.indexOf('?') === -1 ? '?' : '&';embedUrl = embedUrl + sep + 'utm_source=' + encodeURIComponent(referrer);}document.getElementById('beeg-embed-iframe').src = embedUrl;</script></div>,https://beeg.link/embed/0782837970643422,1.77778,https://thumbs.externulls.com/videos/782837970643422/0.jpg,           Sex with Janitor Ho...,713,1080p,2026-06-23,,Mira Nouri,Fetish;Exclusive"
"0665391441414563,https://beeg.link/-0665391441414563,<div style="position: relative; width: 100%; padding-top: calc(100% / (1920/1080) + 24px);"><iframe id="beeg-embed-iframe" src="" style="position: absolute; top: 0; left: 0; width: 100%; height: 100%;color-scheme: auto;background-color: transparent;" frameborder="0" allowfullscreen referrerpolicy="unsafe-url"></iframe><script>var embedUrl = "https://beeg.link/embed/0665391441414563?utm_campaign=LUX1058150401";var referrer = document.referrer;if (referrer && referrer.replace(/^https?:\/\//i, '').split(/[\/?#]/)[0] === window.location.host) {var sep = embedUrl.indexOf('?') === -1 ? '?' : '&';embedUrl = embedUrl + sep + 'utm_source=' + encodeURIComponent(referrer);}document.getElementById('beeg-embed-iframe').src = embedUrl;</script></div>,https://beeg.link/embed/0665391441414563,1.77778,https://thumbs.externulls.com/videos/665391441414563/0.jpg,Cute Girl Sweet Pee, Compilation,688,1080p,2026-06-23,,Redmystery Isabel,Public;Fetish;Pissing"
"0660882631792018,https://beeg.link/-0660882631792018,<div style="position: relative; width: 100%; padding-top: calc(100% / (1920/1080) + 24px);"><iframe id="beeg-embed-iframe" src="" style="position: absolute; top: 0; left: 0; width: 100%; height: 100%;color-scheme: auto;background-color: transparent;" frameborder="0" allowfullscreen referrerpolicy="unsafe-url"></iframe><script>var embedUrl = "https://beeg.link/embed/0660882631792018?utm_campaign=LUX1058150401";var referrer = document.referrer;if (referrer && referrer.replace(/^https?:\/\//i, '').split(/[\/?#]/)[0] === window.location.host) {var sep = embedUrl.indexOf('?') === -1 ? '?' : '&';embedUrl = embedUrl + sep + 'utm_source=' + encodeURIComponent(referrer);}document.getElementById('beeg-embed-iframe').src = embedUrl;</script></div>,https://beeg.link/embed/0660882631792018,1.77778,https://thumbs.externulls.com/videos/660882631792018/0.jpg,Return of the Dragon: Gripping Pussy and a Creamy Monster Cock Ride,550,1080p,2026-06-23,,Bad Dragon Slayer,Big;Masturbation"
"0639388870684441,https://beeg.link/-0639388870684441,<div style="position: relative; width: 100%; padding-top: calc(100% / (1920/1080) + 24px);"><iframe id="beeg-embed-iframe" src="" style="position: absolute; top: 0; left: 0; width: 100%; height: 100%;color-scheme: auto;background-color: transparent;" frameborder="0" allowfullscreen referrerpolicy="unsafe-url"></iframe><script>var embedUrl = "https://beeg.link/embed/0639388870684441?utm_campaign=LUX1058150401";var referrer = document.referrer;if (referrer && referrer.replace(/^https?:\/\//i, '').split(/[\/?#]/)[0] === window.location.host) {var sep = embedUrl.indexOf('?') === -1 ? '?' : '&';embedUrl = embedUrl + sep + 'utm_source=' + encodeURIComponent(referrer);}document.getElementById('beeg-embed-iframe').src = embedUrl;</script></div>,https://beeg.link/embed/0639388870684441,1.77778,https://thumbs.externulls.com/videos/639388870684441/0.jpg,Oiled Up Babe Squatfucks and Squirts on Bad Dragon Dildo,617,1080p,2026-06-23,,Bad Dragon Slayer,Babe;Female Orgasm;Fetish"
"0806436157127541,https://beeg.link/-0806436157127541,<div style="position: relative; width: 100%; padding-top: calc(100% / (1920/1080) + 24px);"><iframe id="beeg-embed-iframe" src="" style="position: absolute; top: 0; left: 0; width: 100%; height: 100%;color-scheme: auto;background-color: transparent;" frameborder="0" allowfullscreen referrerpolicy="unsafe-url"></iframe><script>var embedUrl = "https://beeg.link/embed/0806436157127541?utm_campaign=LUX1058150401";var referrer = document.referrer;if (referrer && referrer.replace(/^https?:\/\//i, '').split(/[\/?#]/)[0] === window.location.host) {var sep = embedUrl.indexOf('?') === -1 ? '?' : '&';embedUrl = embedUrl + sep + 'utm_source=' + encodeURIComponent(referrer);}document.getElementById('beeg-embed-iframe').src = embedUrl;</script></div>,https://beeg.link/embed/0806436157127541,1.77778,https://thumbs.externulls.com/videos/806436157127541/0.jpg,Gangbang with a Hot Slut in Her Dream (with Dp, Dvp, Cum in Ass),1629,1080p,2026-06-23,,Porno Pavl;TheGinTonic,Double Blowjob;Slut;Dirty Talk;Anal Creampie;DP;Exclusive;Gangbang;Anal;Cumshot;Russian;Big;Hardcore"
"0813052771214833,https://beeg.link/-0813052771214833,<div style="position: relative; width: 100%; padding-top: calc(100% / (1920/1080) + 24px);"><iframe id="beeg-embed-iframe" src="" style="position: absolute; top: 0; left: 0; width: 100%; height: 100%;color-scheme: auto;background-color: transparent;" frameborder="0" allowfullscreen referrerpolicy="unsafe-url"></iframe><script>var embedUrl = "https://beeg.link/embed/0813052771214833?utm_campaign=LUX1058150401";var referrer = document.referrer;if (referrer && referrer.replace(/^https?:\/\//i, '').split(/[\/?#]/)[0] === window.location.host) {var sep = embedUrl.indexOf('?') === -1 ? '?' : '&';embedUrl = embedUrl + sep + 'utm_source=' + encodeURIComponent(referrer);}document.getElementById('beeg-embed-iframe').src = embedUrl;</script></div>,https://beeg.link/embed/0813052771214833,1.77778,https://thumbs.externulls.com/videos/813052771214833/0.jpg,An Epic Double Penetration for the Bitch Yasmina Khan - Papi Rodriguez - Jimm...,891,1080p,2026-06-23,,Papi Rodriguez;Brady Bud;Yasmina Khan;Jimmy Bud;Rauls Bud,Big;Cumshot;Big;Exclusive;Hardcore;Blowjob;Missionary;Cum;Interracial;Big"
"0620177215655819,https://beeg.link/-0620177215655819,<div style="position: relative; width: 100%; padding-top: calc(100% / (1920/1080) + 24px);"><iframe id="beeg-embed-iframe" src="" style="position: absolute; top: 0; left: 0; width: 100%; height: 100%;color-scheme: auto;background-color: transparent;" frameborder="0" allowfullscreen referrerpolicy="unsafe-url"></iframe><script>var embedUrl = "https://beeg.link/embed/0620177215655819?utm_campaign=LUX1058150401";var referrer = document.referrer;if (referrer && referrer.replace(/^https?:\/\//i, '').split(/[\/?#]/)[0] === window.location.host) {var sep = embedUrl.indexOf('?') === -1 ? '?' : '&';embedUrl = embedUrl + sep + 'utm_source=' + encodeURIComponent(referrer);}document.getElementById('beeg-embed-iframe').src = embedUrl;</script></div>,https://beeg.link/embed/0620177215655819,1.77778,https://thumbs.externulls.com/videos/620177215655819/0.jpg,Begging for Daddy to Fuck My Ass - Teaser,572,1080p,2026-06-23,,Bad Dragon Slayer,Role-Play;Fetish;Creampie;Anal"
"0613094222955948,https://beeg.link/-0613094222955948,<div style="position: relative; width: 100%; padding-top: calc(100% / (1920/1080) + 24px);"><iframe id="beeg-embed-iframe" src="" style="position: absolute; top: 0; left: 0; width: 100%; height: 100%;color-scheme: auto;background-color: transparent;" frameborder="0" allowfullscreen referrerpolicy="unsafe-url"></iframe><script>var embedUrl = "https://beeg.link/embed/0613094222955948?utm_campaign=LUX1058150401";var referrer = document.referrer;if (referrer && referrer.replace(/^https?:\/\//i, '').split(/[\/?#]/)[0] === window.location.host) {var sep = embedUrl.indexOf('?') === -1 ? '?' : '&';embedUrl = embedUrl + sep + 'utm_source=' + encodeURIComponent(referrer);}document.getElementById('beeg-embed-iframe').src = embedUrl;</script></div>,https://beeg.link/embed/0613094222955948,1.77778,https://thumbs.externulls.com/videos/613094222955948/0.jpg,Playing with My Pretty Pink Pussy,603,1080p,2026-06-23,,Bad Dragon Slayer,Babe;Female Orgasm;Masturbation;Feet"
"0822788893781755,https://beeg.link/-0822788893781755,<div style="position: relative; width: 100%; padding-top: calc(100% / (1920/1080) + 24px);"><iframe id="beeg-embed-iframe" src="" style="position: absolute; top: 0; left: 0; width: 100%; height: 100%;color-scheme: auto;background-color: transparent;" frameborder="0" allowfullscreen referrerpolicy="unsafe-url"></iframe><script>var embedUrl = "https://beeg.link/embed/0822788893781755?utm_campaign=LUX1058150401";var referrer = document.referrer;if (referrer && referrer.replace(/^https?:\/\//i, '').split(/[\/?#]/)[0] === window.location.host) {var sep = embedUrl.indexOf('?') === -1 ? '?' : '&';embedUrl = embedUrl + sep + 'utm_source=' + encodeURIComponent(referrer);}document.getElementById('beeg-embed-iframe').src = embedUrl;</script></div>,https://beeg.link/embed/0822788893781755,1.77778,https://thumbs.externulls.com/videos/822788893781755/0.jpg,Two Friends Fucked a Horny Cheerleader,877,1080p,2026-06-23,,Mia Murkovski;TheGinTonic;Porno Pavl,Cheerleader;Tattoo;Exclusive;Double Vaginal;Double Blowjob;Cumshot;Hardcore;Blowjob;Slut;Babe"
"0537781269691509,https://beeg.link/-0537781269691509,<div style="position: relative; width: 100%; padding-top: calc(100% / (1920/1080) + 24px);"><iframe id="beeg-embed-iframe" src="" style="position: absolute; top: 0; left: 0; width: 100%; height: 100%;color-scheme: auto;background-color: transparent;" frameborder="0" allowfullscreen referrerpolicy="unsafe-url"></iframe><script>var embedUrl = "https://beeg.link/embed/0537781269691509?utm_campaign=LUX1058150401";var referrer = document.referrer;if (referrer && referrer.replace(/^https?:\/\//i, '').split(/[\/?#]/)[0] === window.location.host) {var sep = embedUrl.indexOf('?') === -1 ? '?' : '&';embedUrl = embedUrl + sep + 'utm_source=' + encodeURIComponent(referrer);}document.getElementById('beeg-embed-iframe').src = embedUrl;</script></div>,https://beeg.link/embed/0537781269691509,1.77778,https://thumbs.externulls.com/videos/537781269691509/0.jpg,The Acquaintance Turned into a Hot Threesome with the Horny Young Hottie,986,1080p,2026-06-23,,Porno Pavl;TheGinTonic,Babe;Exclusive;Cumshot;Russian;Role-Play;Cum In Mouth;Blowjob;Anal;Small;Slut"
"0520797505187712,https://beeg.link/-0520797505187712,<div style="position: relative; width: 100%; padding-top: calc(100% / (1920/1080) + 24px);"><iframe id="beeg-embed-iframe" src="" style="position: absolute; top: 0; left: 0; width: 100%; height: 100%;color-scheme: auto;background-color: transparent;" frameborder="0" allowfullscreen referrerpolicy="unsafe-url"></iframe><script>var embedUrl = "https://beeg.link/embed/0520797505187712?utm_campaign=LUX1058150401";var referrer = document.referrer;if (referrer && referrer.replace(/^https?:\/\//i, '').split(/[\/?#]/)[0] === window.location.host) {var sep = embedUrl.indexOf('?') === -1 ? '?' : '&';embedUrl = embedUrl + sep + 'utm_source=' + encodeURIComponent(referrer);}document.getElementById('beeg-embed-iframe').src = embedUrl;</script></div>,https://beeg.link/embed/0520797505187712,1.77778,https://thumbs.externulls.com/videos/520797505187712/0.jpg,             ,742,1080p,2026-06-23,,Mira Nouri,Big;Babe;Big;Arab;Exclusive;Brazilian"
"0858731860741547,https://beeg.link/-0858731860741547,<div style="position: relative; width: 100%; padding-top: calc(100% / (1920/1080) + 24px);"><iframe id="beeg-embed-iframe" src="" style="position: absolute; top: 0; left: 0; width: 100%; height: 100%;color-scheme: auto;background-color: transparent;" frameborder="0" allowfullscreen referrerpolicy="unsafe-url"></iframe><script>var embedUrl = "https://beeg.link/embed/0858731860741547?utm_campaign=LUX1058150401";var referrer = document.referrer;if (referrer && referrer.replace(/^https?:\/\//i, '').split(/[\/?#]/)[0] === window.location.host) {var sep = embedUrl.indexOf('?') === -1 ? '?' : '&';embedUrl = embedUrl + sep + 'utm_source=' + encodeURIComponent(referrer);}document.getElementById('beeg-embed-iframe').src = embedUrl;</script></div>,https://beeg.link/embed/0858731860741547,1.77778,https://thumbs.externulls.com/videos/858731860741547/0.jpg,         Hot Sex with My Boyfriend,603,1080p,2026-06-23,,Mira Nouri,Asian;Anal;Exclusive;Gangbang"
"0505103044938242,https://beeg.link/-0505103044938242,<div style="position: relative; width: 100%; padding-top: calc(100% / (1920/1080) + 24px);"><iframe id="beeg-embed-iframe" src="" style="position: absolute; top: 0; left: 0; width: 100%; height: 100%;color-scheme: auto;background-color: transparent;" frameborder="0" allowfullscreen referrerpolicy="unsafe-url"></iframe><script>var embedUrl = "https://beeg.link/embed/0505103044938242?utm_campaign=LUX1058150401";var referrer = document.referrer;if (referrer && referrer.replace(/^https?:\/\//i, '').split(/[\/?#]/)[0] === window.location.host) {var sep = embedUrl.indexOf('?') === -1 ? '?' : '&';embedUrl = embedUrl + sep + 'utm_source=' + encodeURIComponent(referrer);}document.getElementById('beeg-embed-iframe').src = embedUrl;</script></div>,https://beeg.link/embed/0505103044938242,1.77778,https://thumbs.externulls.com/videos/505103044938242/0.jpg,Slut with Big Tits got Hot Group Sex,923,1080p,2026-06-23,,TheGinTonic;Porno Pavl,Cumshot;Babe;Cum On Pussy;Cum In Mouth;Double Blowjob;Exclusive;Gangbang;Russian;Slut;Tattoo;Anal;Blowjob;Big;Brunette;Hardcore"
"0482179690998579,https://beeg.link/-0482179690998579,<div style="position: relative; width: 100%; padding-top: calc(100% / (1920/1080) + 24px);"><iframe id="beeg-embed-iframe" src="" style="position: absolute; top: 0; left: 0; width: 100%; height: 100%;color-scheme: auto;background-color: transparent;" frameborder="0" allowfullscreen referrerpolicy="unsafe-url"></iframe><script>var embedUrl = "https://beeg.link/embed/0482179690998579?utm_campaign=LUX1058150401";var referrer = document.referrer;if (referrer && referrer.replace(/^https?:\/\//i, '').split(/[\/?#]/)[0] === window.location.host) {var sep = embedUrl.indexOf('?') === -1 ? '?' : '&';embedUrl = embedUrl + sep + 'utm_source=' + encodeURIComponent(referrer);}document.getElementById('beeg-embed-iframe').src = embedUrl;</script></div>,https://beeg.link/embed/0482179690998579,1.77778,https://thumbs.externulls.com/videos/482179690998579/0.jpg,Gangbang with a Redheaded Sexwife,910,1080p,2026-06-23,,Porno Pavl;Meduza13;TheGinTonic,Slut;Cumshot;Babe;Cum In Mouth;DP;Exclusive;Gangbang;Group;Redhead;Blowjob"
"0870312547690366,https://beeg.link/-0870312547690366,<div style="position: relative; width: 100%; padding-top: calc(100% / (1920/1080) + 24px);"><iframe id="beeg-embed-iframe" src="" style="position: absolute; top: 0; left: 0; width: 100%; height: 100%;color-scheme: auto;background-color: transparent;" frameborder="0" allowfullscreen referrerpolicy="unsafe-url"></iframe><script>var embedUrl = "https://beeg.link/embed/0870312547690366?utm_campaign=LUX1058150401";var referrer = document.referrer;if (referrer && referrer.replace(/^https?:\/\//i, '').split(/[\/?#]/)[0] === window.location.host) {var sep = embedUrl.indexOf('?') === -1 ? '?' : '&';embedUrl = embedUrl + sep + 'utm_source=' + encodeURIComponent(referrer);}document.getElementById('beeg-embed-iframe').src = embedUrl;</script></div>,https://beeg.link/embed/0870312547690366,1.77778,https://thumbs.externulls.com/videos/870312547690366/0.jpg,Woman Enjoys Group Sex with Friends at Home,433,1080p,2026-06-23,,Mira Nouri,Big;Big;Cartoon;Exclusive"
"0476702892927918,https://beeg.link/-0476702892927918,<div style="position: relative; width: 100%; padding-top: calc(100% / (1920/1080) + 24px);"><iframe id="beeg-embed-iframe" src="" style="position: absolute; top: 0; left: 0; width: 100%; height: 100%;color-scheme: auto;background-color: transparent;" frameborder="0" allowfullscreen referrerpolicy="unsafe-url"></iframe><script>var embedUrl = "https://beeg.link/embed/0476702892927918?utm_campaign=LUX1058150401";var referrer = document.referrer;if (referrer && referrer.replace(/^https?:\/\//i, '').split(/[\/?#]/)[0] === window.location.host) {var sep = embedUrl.indexOf('?') === -1 ? '?' : '&';embedUrl = embedUrl + sep + 'utm_source=' + encodeURIComponent(referrer);}document.getElementById('beeg-embed-iframe').src = embedUrl;</script></div>,https://beeg.link/embed/0476702892927918,1.77778,https://thumbs.externulls.com/videos/476702892927918/0.jpg,Cute College Girl Public Pee Compilation,653,1080p,2026-06-23,,Redmystery Isabel,Fetish;Pissing;Public;Brunette"
"0458402683503581,https://beeg.link/-0458402683503581,<div style="position: relative; width: 100%; padding-top: calc(100% / (1920/1080) + 24px);"><iframe id="beeg-embed-iframe" src="" style="position: absolute; top: 0; left: 0; width: 100%; height: 100%;color-scheme: auto;background-color: transparent;" frameborder="0" allowfullscreen referrerpolicy="unsafe-url"></iframe><script>var embedUrl = "https://beeg.link/embed/0458402683503581?utm_campaign=LUX1058150401";var referrer = document.referrer;if (referrer && referrer.replace(/^https?:\/\//i, '').split(/[\/?#]/)[0] === window.location.host) {var sep = embedUrl.indexOf('?') === -1 ? '?' : '&';embedUrl = embedUrl + sep + 'utm_source=' + encodeURIComponent(referrer);}document.getElementById('beeg-embed-iframe').src = embedUrl;</script></div>,https://beeg.link/embed/0458402683503581,1.77778,https://thumbs.externulls.com/videos/458402683503581/0.jpg,We Double Penetrate Our Best Friend's Girlfriend's Bitch - Mellsblanco,747,1080p,2026-06-23,,Brady Bud;Rauls Bud;Papi Rodriguez,Babe;Big;Exclusive;Latina;POV;Cumshot;Hardcore"
"0444486304533104,https://beeg.link/-0444486304533104,<div style="position: relative; width: 100%; padding-top: calc(100% / (1920/1080) + 24px);"><iframe id="beeg-embed-iframe" src="" style="position: absolute; top: 0; left: 0; width: 100%; height: 100%;color-scheme: auto;background-color: transparent;" frameborder="0" allowfullscreen referrerpolicy="unsafe-url"></iframe><script>var embedUrl = "https://beeg.link/embed/0444486304533104?utm_campaign=LUX1058150401";var referrer = document.referrer;if (referrer && referrer.replace(/^https?:\/\//i, '').split(/[\/?#]/)[0] === window.location.host) {var sep = embedUrl.indexOf('?') === -1 ? '?' : '&';embedUrl = embedUrl + sep + 'utm_source=' + encodeURIComponent(referrer);}document.getElementById('beeg-embed-iframe').src = embedUrl;</script></div>,https://beeg.link/embed/0444486304533104,1.77778,https://thumbs.externulls.com/videos/444486304533104/0.jpg,I Found a Whore and Fucked Her with a Friend,684,1080p,2026-06-23,,TheGinTonic;Meduza13;Porno Pavl,Slut;Hardcore;Mask;Exclusive;Babe;Cumshot"
"0397341304627984,https://beeg.link/-0397341304627984,<div style="position: relative; width: 100%; padding-top: calc(100% / (1920/1080) + 24px);"><iframe id="beeg-embed-iframe" src="" style="position: absolute; top: 0; left: 0; width: 100%; height: 100%;color-scheme: auto;background-color: transparent;" frameborder="0" allowfullscreen referrerpolicy="unsafe-url"></iframe><script>var embedUrl = "https://beeg.link/embed/0397341304627984?utm_campaign=LUX1058150401";var referrer = document.referrer;if (referrer && referrer.replace(/^https?:\/\//i, '').split(/[\/?#]/)[0] === window.location.host) {var sep = embedUrl.indexOf('?') === -1 ? '?' : '&';embedUrl = embedUrl + sep + 'utm_source=' + encodeURIComponent(referrer);}document.getElementById('beeg-embed-iframe').src = embedUrl;</script></div>,https://beeg.link/embed/0397341304627984,1.77778,https://thumbs.externulls.com/videos/397341304627984/0.jpg,Miranouriplay,444,1080p,2026-06-23,,Mira Nouri,Arab;Fetish;Exclusive;Blowjob"
"0892096131303838,https://beeg.link/-0892096131303838,<div style="position: relative; width: 100%; padding-top: calc(100% / (1920/1080) + 24px);"><iframe id="beeg-embed-iframe" src="" style="position: absolute; top: 0; left: 0; width: 100%; height: 100%;color-scheme: auto;background-color: transparent;" frameborder="0" allowfullscreen referrerpolicy="unsafe-url"></iframe><script>var embedUrl = "https://beeg.link/embed/0892096131303838?utm_campaign=LUX1058150401";var referrer = document.referrer;if (referrer && referrer.replace(/^https?:\/\//i, '').split(/[\/?#]/)[0] === window.location.host) {var sep = embedUrl.indexOf('?') === -1 ? '?' : '&';embedUrl = embedUrl + sep + 'utm_source=' + encodeURIComponent(referrer);}document.getElementById('beeg-embed-iframe').src = embedUrl;</script></div>,https://beeg.link/embed/0892096131303838,1.77778,https://thumbs.externulls.com/videos/892096131303838/0.jpg,Dirty Girl in a Puddle of Pee, Public,540,1080p,2026-06-23,,Redmystery Isabel,Public;Fetish;Masturbation;Pissing"
"0391311904674998,https://beeg.link/-0391311904674998,<div style="position: relative; width: 100%; padding-top: calc(100% / (1920/1080) + 24px);"><iframe id="beeg-embed-iframe" src="" style="position: absolute; top: 0; left: 0; width: 100%; height: 100%;color-scheme: auto;background-color: transparent;" frameborder="0" allowfullscreen referrerpolicy="unsafe-url"></iframe><script>var embedUrl = "https://beeg.link/embed/0391311904674998?utm_campaign=LUX1058150401";var referrer = document.referrer;if (referrer && referrer.replace(/^https?:\/\//i, '').split(/[\/?#]/)[0] === window.location.host) {var sep = embedUrl.indexOf('?') === -1 ? '?' : '&';embedUrl = embedUrl + sep + 'utm_source=' + encodeURIComponent(referrer);}document.getElementById('beeg-embed-iframe').src = embedUrl;</script></div>,https://beeg.link/embed/0391311904674998,1.77778,https://thumbs.externulls.com/videos/391311904674998/0.jpg,Seduced the Housekeeper for Group Sex and Filmed It on Video,668,1080p,2026-06-23,,Porno Pavl;Alexa Bunny;TheGinTonic,Big;Cumshot;Blowjob;Tattoo;Slut;Gangbang;Exclusive;Double Blowjob;Cum In Mouth;Blonde;Babe"
"0369734773690218,https://beeg.link/-0369734773690218,<div style="position: relative; width: 100%; padding-top: calc(100% / (1920/1080) + 24px);"><iframe id="beeg-embed-iframe" src="" style="position: absolute; top: 0; left: 0; width: 100%; height: 100%;color-scheme: auto;background-color: transparent;" frameborder="0" allowfullscreen referrerpolicy="unsafe-url"></iframe><script>var embedUrl = "https://beeg.link/embed/0369734773690218?utm_campaign=LUX1058150401";var referrer = document.referrer;if (referrer && referrer.replace(/^https?:\/\//i, '').split(/[\/?#]/)[0] === window.location.host) {var sep = embedUrl.indexOf('?') === -1 ? '?' : '&';embedUrl = embedUrl + sep + 'utm_source=' + encodeURIComponent(referrer);}document.getElementById('beeg-embed-iframe').src = embedUrl;</script></div>,https://beeg.link/embed/0369734773690218,1.77778,https://thumbs.externulls.com/videos/369734773690218/0.jpg,Whit Johny,847,1080p,2026-06-23,,Mira Nouri,MILF;Czech;Exclusive;Italian;Interracial"
"0298230892682695,https://beeg.link/-0298230892682695,<div style="position: relative; width: 100%; padding-top: calc(100% / (1920/1080) + 24px);"><iframe id="beeg-embed-iframe" src="" style="position: absolute; top: 0; left: 0; width: 100%; height: 100%;color-scheme: auto;background-color: transparent;" frameborder="0" allowfullscreen referrerpolicy="unsafe-url"></iframe><script>var embedUrl = "https://beeg.link/embed/0298230892682695?utm_campaign=LUX1058150401";var referrer = document.referrer;if (referrer && referrer.replace(/^https?:\/\//i, '').split(/[\/?#]/)[0] === window.location.host) {var sep = embedUrl.indexOf('?') === -1 ? '?' : '&';embedUrl = embedUrl + sep + 'utm_source=' + encodeURIComponent(referrer);}document.getElementById('beeg-embed-iframe').src = embedUrl;</script></div>,https://beeg.link/embed/0298230892682695,1.77778,https://thumbs.externulls.com/videos/298230892682695/0.jpg,Miranourihujap,432,1080p,2026-06-23,,Mira Nouri,Hardcore;Handjob;Anal;Indian;German;Exclusive"
"0284660348072005,https://beeg.link/-0284660348072005,<div style="position: relative; width: 100%; padding-top: calc(100% / (1920/1080) + 24px);"><iframe id="beeg-embed-iframe" src="" style="position: absolute; top: 0; left: 0; width: 100%; height: 100%;color-scheme: auto;background-color: transparent;" frameborder="0" allowfullscreen referrerpolicy="unsafe-url"></iframe><script>var embedUrl = "https://beeg.link/embed/0284660348072005?utm_campaign=LUX1058150401";var referrer = document.referrer;if (referrer && referrer.replace(/^https?:\/\//i, '').split(/[\/?#]/)[0] === window.location.host) {var sep = embedUrl.indexOf('?') === -1 ? '?' : '&';embedUrl = embedUrl + sep + 'utm_source=' + encodeURIComponent(referrer);}document.getElementById('beeg-embed-iframe').src = embedUrl;</script></div>,https://beeg.link/embed/0284660348072005,1.77778,https://thumbs.externulls.com/videos/284660348072005/0.jpg,I Love to Fuck with My Arab Girlfriend - Aaliyah Yasin,907,1080p,2026-06-23,,Aaliyah Yasin;Papi Rodriguez,Cumshot;Big;Exclusive;Interracial;Female Orgasm;Arab;Big;Brunette"
"0258867178672999,https://beeg.link/-0258867178672999,<div style="position: relative; width: 100%; padding-top: calc(100% / (1920/1080) + 24px);"><iframe id="beeg-embed-iframe" src="" style="position: absolute; top: 0; left: 0; width: 100%; height: 100%;color-scheme: auto;background-color: transparent;" frameborder="0" allowfullscreen referrerpolicy="unsafe-url"></iframe><script>var embedUrl = "https://beeg.link/embed/0258867178672999?utm_campaign=LUX1058150401";var referrer = document.referrer;if (referrer && referrer.replace(/^https?:\/\//i, '').split(/[\/?#]/)[0] === window.location.host) {var sep = embedUrl.indexOf('?') === -1 ? '?' : '&';embedUrl = embedUrl + sep + 'utm_source=' + encodeURIComponent(referrer);}document.getElementById('beeg-embed-iframe').src = embedUrl;</script></div>,https://beeg.link/embed/0258867178672999,1.77778,https://thumbs.externulls.com/videos/258867178672999/0.jpg,            ,575,1080p,2026-06-23,,Mira Nouri,Anal;Exclusive;Cosplay;Party;Italian;Fisting;Asian;Blowjob"
"0957836299284010,https://beeg.link/-0957836299284010,<div style="position: relative; width: 100%; padding-top: calc(100% / (1920/1080) + 24px);"><iframe id="beeg-embed-iframe" src="" style="position: absolute; top: 0; left: 0; width: 100%; height: 100%;color-scheme: auto;background-color: transparent;" frameborder="0" allowfullscreen referrerpolicy="unsafe-url"></iframe><script>var embedUrl = "https://beeg.link/embed/0957836299284010?utm_campaign=LUX1058150401";var referrer = document.referrer;if (referrer && referrer.replace(/^https?:\/\//i, '').split(/[\/?#]/)[0] === window.location.host) {var sep = embedUrl.indexOf('?') === -1 ? '?' : '&';embedUrl = embedUrl + sep + 'utm_source=' + encodeURIComponent(referrer);}document.getElementById('beeg-embed-iframe').src = embedUrl;</script></div>,https://beeg.link/embed/0957836299284010,1.77778,https://thumbs.externulls.com/videos/957836299284010/0.jpg,            ,554,1080p,2026-06-23,,Mira Nouri,Blonde;Cartoon;Czech;Exclusive;Anal;Asian"
"0148344464335262,https://beeg.link/-0148344464335262,<div style="position: relative; width: 100%; padding-top: calc(100% / (1920/1080) + 24px);"><iframe id="beeg-embed-iframe" src="" style="position: absolute; top: 0; left: 0; width: 100%; height: 100%;color-scheme: auto;background-color: transparent;" frameborder="0" allowfullscreen referrerpolicy="unsafe-url"></iframe><script>var embedUrl = "https://beeg.link/embed/0148344464335262?utm_campaign=LUX1058150401";var referrer = document.referrer;if (referrer && referrer.replace(/^https?:\/\//i, '').split(/[\/?#]/)[0] === window.location.host) {var sep = embedUrl.indexOf('?') === -1 ? '?' : '&';embedUrl = embedUrl + sep + 'utm_source=' + encodeURIComponent(referrer);}document.getElementById('beeg-embed-iframe').src = embedUrl;</script></div>,https://beeg.link/embed/0148344464335262,1.77778,https://thumbs.externulls.com/videos/148344464335262/0.jpg,Sweet College Pussy Pee,1129,1080p,2026-06-23,,Redmystery Isabel,Fetish;Pissing"
"0137646609872390,https://beeg.link/-0137646609872390,<div style="position: relative; width: 100%; padding-top: calc(100% / (1920/1080) + 24px);"><iframe id="beeg-embed-iframe" src="" style="position: absolute; top: 0; left: 0; width: 100%; height: 100%;color-scheme: auto;background-color: transparent;" frameborder="0" allowfullscreen referrerpolicy="unsafe-url"></iframe><script>var embedUrl = "https://beeg.link/embed/0137646609872390?utm_campaign=LUX1058150401";var referrer = document.referrer;if (referrer && referrer.replace(/^https?:\/\//i, '').split(/[\/?#]/)[0] === window.location.host) {var sep = embedUrl.indexOf('?') === -1 ? '?' : '&';embedUrl = embedUrl + sep + 'utm_source=' + encodeURIComponent(referrer);}document.getElementById('beeg-embed-iframe').src = embedUrl;</script></div>,https://beeg.link/embed/0137646609872390,1.77778,https://thumbs.externulls.com/videos/137646609872390/0.jpg,Pumpkin Pawg Creams on Huge Cock Squash,657,1080p,2026-06-23,,Bad Dragon Slayer,Fetish;Masturbation;Female Orgasm;Parody;Big"
"0135589484563593,https://beeg.link/-0135589484563593,<div style="position: relative; width: 100%; padding-top: calc(100% / (1920/1080) + 24px);"><iframe id="beeg-embed-iframe" src="" style="position: absolute; top: 0; left: 0; width: 100%; height: 100%;color-scheme: auto;background-color: transparent;" frameborder="0" allowfullscreen referrerpolicy="unsafe-url"></iframe><script>var embedUrl = "https://beeg.link/embed/0135589484563593?utm_campaign=LUX1058150401";var referrer = document.referrer;if (referrer && referrer.replace(/^https?:\/\//i, '').split(/[\/?#]/)[0] === window.location.host) {var sep = embedUrl.indexOf('?') === -1 ? '?' : '&';embedUrl = embedUrl + sep + 'utm_source=' + encodeURIComponent(referrer);}document.getElementById('beeg-embed-iframe').src = embedUrl;</script></div>,https://beeg.link/embed/0135589484563593,1.77778,https://thumbs.externulls.com/videos/135589484563593/0.jpg,Very Delicious and Hard Dp to Lola Bratz's Bitch - Papirodriguez & Bradybud,803,1080p,2026-06-23,,Papi Rodriguez;Brady Bud;Rauls Bud,Hardcore;Big;Exclusive;MILF;Blowjob;Big"
"0987771514770854,https://beeg.link/-0987771514770854,<div style="position: relative; width: 100%; padding-top: calc(100% / (1920/1080) + 24px);"><iframe id="beeg-embed-iframe" src="" style="position: absolute; top: 0; left: 0; width: 100%; height: 100%;color-scheme: auto;background-color: transparent;" frameborder="0" allowfullscreen referrerpolicy="unsafe-url"></iframe><script>var embedUrl = "https://beeg.link/embed/0987771514770854?utm_campaign=LUX1058150401";var referrer = document.referrer;if (referrer && referrer.replace(/^https?:\/\//i, '').split(/[\/?#]/)[0] === window.location.host) {var sep = embedUrl.indexOf('?') === -1 ? '?' : '&';embedUrl = embedUrl + sep + 'utm_source=' + encodeURIComponent(referrer);}document.getElementById('beeg-embed-iframe').src = embedUrl;</script></div>,https://beeg.link/embed/0987771514770854,1.77778,https://thumbs.externulls.com/videos/987771514770854/0.jpg,Iraqi Policewoman's Intimate Encounter,809,1080p,2026-06-23,,Mira Nouri,Handjob;Babe;Deepthroat;Arab;Exclusive;Mature;Blowjob"
"0105606193280421,https://beeg.link/-0105606193280421,<div style="position: relative; width: 100%; padding-top: calc(100% / (1440/1080) + 24px);"><iframe id="beeg-embed-iframe" src="" style="position: absolute; top: 0; left: 0; width: 100%; height: 100%;color-scheme: auto;background-color: transparent;" frameborder="0" allowfullscreen referrerpolicy="unsafe-url"></iframe><script>var embedUrl = "https://beeg.link/embed/0105606193280421?utm_campaign=LUX1058150401";var referrer = document.referrer;if (referrer && referrer.replace(/^https?:\/\//i, '').split(/[\/?#]/)[0] === window.location.host) {var sep = embedUrl.indexOf('?') === -1 ? '?' : '&';embedUrl = embedUrl + sep + 'utm_source=' + encodeURIComponent(referrer);}document.getElementById('beeg-embed-iframe').src = embedUrl;</script></div>,https://beeg.link/embed/0105606193280421,1.33333,https://thumbs.externulls.com/videos/105606193280421/0.jpg,And Hot Men,609,1080p,2026-06-23,,Mira Nouri,Brazilian;Anal;Female Orgasm;Babe;British;Exclusive"
"0102176379369328,https://beeg.link/-0102176379369328,<div style="position: relative; width: 100%; padding-top: calc(100% / (1920/1080) + 24px);"><iframe id="beeg-embed-iframe" src="" style="position: absolute; top: 0; left: 0; width: 100%; height: 100%;color-scheme: auto;background-color: transparent;" frameborder="0" allowfullscreen referrerpolicy="unsafe-url"></iframe><script>var embedUrl = "https://beeg.link/embed/0102176379369328?utm_campaign=LUX1058150401";var referrer = document.referrer;if (referrer && referrer.replace(/^https?:\/\//i, '').split(/[\/?#]/)[0] === window.location.host) {var sep = embedUrl.indexOf('?') === -1 ? '?' : '&';embedUrl = embedUrl + sep + 'utm_source=' + encodeURIComponent(referrer);}document.getElementById('beeg-embed-iframe').src = embedUrl;</script></div>,https://beeg.link/embed/0102176379369328,1.77778,https://thumbs.externulls.com/videos/102176379369328/0.jpg,Orgy with Two Hot Bitches Who get Double Penetrated - Andrelux &,692,1080p,2026-06-23,,Brady Bud;Rauls Bud;Nuria Millan;Papi Rodriguez,Babe;Big;Big;Cumshot;Exclusive;BBW;Hardcore"
"0317745764912989,https://beeg.link/-0317745764912989,<div style="position: relative; width: 100%; padding-top: calc(100% / (1920/1080) + 24px);"><iframe id="beeg-embed-iframe" src="" style="position: absolute; top: 0; left: 0; width: 100%; height: 100%;color-scheme: auto;background-color: transparent;" frameborder="0" allowfullscreen referrerpolicy="unsafe-url"></iframe><script>var embedUrl = "https://beeg.link/embed/0317745764912989?utm_campaign=LUX1058150401";var referrer = document.referrer;if (referrer && referrer.replace(/^https?:\/\//i, '').split(/[\/?#]/)[0] === window.location.host) {var sep = embedUrl.indexOf('?') === -1 ? '?' : '&';embedUrl = embedUrl + sep + 'utm_source=' + encodeURIComponent(referrer);}document.getElementById('beeg-embed-iframe').src = embedUrl;</script></div>,https://beeg.link/embed/0317745764912989,1.77778,https://thumbs.externulls.com/videos/317745764912989/0.jpg,And Valentina Nappi Fuck and Take a Nice Spanish Cock,479,1080p,2026-06-21,,Priscilla Salerno;Valentina Nappi,Italian;Exclusive;Lesbian;Pussy Licking;MILF;Big"
"0478432873798283,https://beeg.link/-0478432873798283,<div style="position: relative; width: 100%; padding-top: calc(100% / (1920/1080) + 24px);"><iframe id="beeg-embed-iframe" src="" style="position: absolute; top: 0; left: 0; width: 100%; height: 100%;color-scheme: auto;background-color: transparent;" frameborder="0" allowfullscreen referrerpolicy="unsafe-url"></iframe><script>var embedUrl = "https://beeg.link/embed/0478432873798283?utm_campaign=LUX1058150401";var referrer = document.referrer;if (referrer && referrer.replace(/^https?:\/\//i, '').split(/[\/?#]/)[0] === window.location.host) {var sep = embedUrl.indexOf('?') === -1 ? '?' : '&';embedUrl = embedUrl + sep + 'utm_source=' + encodeURIComponent(referrer);}document.getElementById('beeg-embed-iframe').src = embedUrl;</script></div>,https://beeg.link/embed/0478432873798283,1.77778,https://thumbs.externulls.com/videos/478432873798283/0.jpg,Petite Femdom Facesitting Rimjob Slapping,913,1080p,2026-06-20,,Amatemure,FemDom;Facial;Fetish;Big;Slapping;Braces;Japanese;Pussy Licking;Rimjob;Small;Petite;18 Year Old;Cowgirl;Asian;Face-Sitting"
"0853380830306800,https://beeg.link/-0853380830306800,<div style="position: relative; width: 100%; padding-top: calc(100% / (1920/1080) + 24px);"><iframe id="beeg-embed-iframe" src="" style="position: absolute; top: 0; left: 0; width: 100%; height: 100%;color-scheme: auto;background-color: transparent;" frameborder="0" allowfullscreen referrerpolicy="unsafe-url"></iframe><script>var embedUrl = "https://beeg.link/embed/0853380830306800?utm_campaign=LUX1058150401";var referrer = document.referrer;if (referrer && referrer.replace(/^https?:\/\//i, '').split(/[\/?#]/)[0] === window.location.host) {var sep = embedUrl.indexOf('?') === -1 ? '?' : '&';embedUrl = embedUrl + sep + 'utm_source=' + encodeURIComponent(referrer);}document.getElementById('beeg-embed-iframe').src = embedUrl;</script></div>,https://beeg.link/embed/0853380830306800,1.77778,https://thumbs.externulls.com/videos/853380830306800/0.jpg,Goth Asian Teen's Rough First Encounter,946,1080p,2026-06-20,,Amatemure,Braces;Cum In Mouth;Slapping;Goth;Japanese;Rough;Small;Petite;18 Year Old;Blowjob;Asian;Teen"
"0520057344697979,https://beeg.link/-0520057344697979,<div style="position: relative; width: 100%; padding-top: calc(100% / (1920/1080) + 24px);"><iframe id="beeg-embed-iframe" src="" style="position: absolute; top: 0; left: 0; width: 100%; height: 100%;color-scheme: auto;background-color: transparent;" frameborder="0" allowfullscreen referrerpolicy="unsafe-url"></iframe><script>var embedUrl = "https://beeg.link/embed/0520057344697979?utm_campaign=LUX1058150401";var referrer = document.referrer;if (referrer && referrer.replace(/^https?:\/\//i, '').split(/[\/?#]/)[0] === window.location.host) {var sep = embedUrl.indexOf('?') === -1 ? '?' : '&';embedUrl = embedUrl + sep + 'utm_source=' + encodeURIComponent(referrer);}document.getElementById('beeg-embed-iframe').src = embedUrl;</script></div>,https://beeg.link/embed/0520057344697979,1.77778,https://thumbs.externulls.com/videos/520057344697979/0.jpg,Goth Asian Teen Femdom Facial Roughness,947,1080p,2026-06-20,,Amatemure,Asian;Teen;Cumshot;Blowjob;18 Year Old;Petite;Small;Rough;Japanese;Goth;Footjob;FemDom;Facial;Slapping;Braces"
"0652987335666511,https://beeg.link/-0652987335666511,<div style="position: relative; width: 100%; padding-top: calc(100% / (1920/1080) + 24px);"><iframe id="beeg-embed-iframe" src="" style="position: absolute; top: 0; left: 0; width: 100%; height: 100%;color-scheme: auto;background-color: transparent;" frameborder="0" allowfullscreen referrerpolicy="unsafe-url"></iframe><script>var embedUrl = "https://beeg.link/embed/0652987335666511?utm_campaign=LUX1058150401";var referrer = document.referrer;if (referrer && referrer.replace(/^https?:\/\//i, '').split(/[\/?#]/)[0] === window.location.host) {var sep = embedUrl.indexOf('?') === -1 ? '?' : '&';embedUrl = embedUrl + sep + 'utm_source=' + encodeURIComponent(referrer);}document.getElementById('beeg-embed-iframe').src = embedUrl;</script></div>,https://beeg.link/embed/0652987335666511,1.77778,https://thumbs.externulls.com/videos/652987335666511/0.jpg,Dominant Asian Schoolgirl Fucks Nerdy Classmate Rough - Amazon, Creampie, Org...,932,1080p,2026-06-20,,Amatemure,Asian;Interracial;Small;Creampie"
"0795993158683900,https://beeg.link/-0795993158683900,<div style="position: relative; width: 100%; padding-top: calc(100% / (1920/1080) + 24px);"><iframe id="beeg-embed-iframe" src="" style="position: absolute; top: 0; left: 0; width: 100%; height: 100%;color-scheme: auto;background-color: transparent;" frameborder="0" allowfullscreen referrerpolicy="unsafe-url"></iframe><script>var embedUrl = "https://beeg.link/embed/0795993158683900?utm_campaign=LUX1058150401";var referrer = document.referrer;if (referrer && referrer.replace(/^https?:\/\//i, '').split(/[\/?#]/)[0] === window.location.host) {var sep = embedUrl.indexOf('?') === -1 ? '?' : '&';embedUrl = embedUrl + sep + 'utm_source=' + encodeURIComponent(referrer);}document.getElementById('beeg-embed-iframe').src = embedUrl;</script></div>,https://beeg.link/embed/0795993158683900,1.77778,https://thumbs.externulls.com/videos/795993158683900/0.jpg,Tiny Asian Girl First Time Fucking in Parents Bed - Creampie, Footjob, Amazon,915,1080p,2026-06-20,,Amatemure,Babe;Asian;Creampie;Small;Interracial"
"0496684940822263,https://beeg.link/-0496684940822263,<div style="position: relative; width: 100%; padding-top: calc(100% / (1920/1080) + 24px);"><iframe id="beeg-embed-iframe" src="" style="position: absolute; top: 0; left: 0; width: 100%; height: 100%;color-scheme: auto;background-color: transparent;" frameborder="0" allowfullscreen referrerpolicy="unsafe-url"></iframe><script>var embedUrl = "https://beeg.link/embed/0496684940822263?utm_campaign=LUX1058150401";var referrer = document.referrer;if (referrer && referrer.replace(/^https?:\/\//i, '').split(/[\/?#]/)[0] === window.location.host) {var sep = embedUrl.indexOf('?') === -1 ? '?' : '&';embedUrl = embedUrl + sep + 'utm_source=' + encodeURIComponent(referrer);}document.getElementById('beeg-embed-iframe').src = embedUrl;</script></div>,https://beeg.link/embed/0496684940822263,1.77778,https://thumbs.externulls.com/videos/496684940822263/0.jpg,Shy Maid's Rough Creampie Encounter,925,1080p,2026-06-20,,Amatemure,Blowjob;Braces;Babe;Japanese;Cheating;Petite;Small;18 Year Old;Maid;Teen;Asian;Creampie"
"0684203306784185,https://beeg.link/-0684203306784185,<div style="position: relative; width: 100%; padding-top: calc(100% / (1920/1080) + 24px);"><iframe id="beeg-embed-iframe" src="" style="position: absolute; top: 0; left: 0; width: 100%; height: 100%;color-scheme: auto;background-color: transparent;" frameborder="0" allowfullscreen referrerpolicy="unsafe-url"></iframe><script>var embedUrl = "https://beeg.link/embed/0684203306784185?utm_campaign=LUX1058150401";var referrer = document.referrer;if (referrer && referrer.replace(/^https?:\/\//i, '').split(/[\/?#]/)[0] === window.location.host) {var sep = embedUrl.indexOf('?') === -1 ? '?' : '&';embedUrl = embedUrl + sep + 'utm_source=' + encodeURIComponent(referrer);}document.getElementById('beeg-embed-iframe').src = embedUrl;</script></div>,https://beeg.link/embed/0684203306784185,1.77778,https://thumbs.externulls.com/videos/684203306784185/0.jpg,Tiny Asian Braces Slutty Cheats with Wild Rough Fuck & Deepthroat (pov),596,1080p,2026-06-20,,Amatemure,Big;Asian;Blowjob;POV;Babe"
"0486946290061506,https://beeg.link/-0486946290061506,<div style="position: relative; width: 100%; padding-top: calc(100% / (1920/1080) + 24px);"><iframe id="beeg-embed-iframe" src="" style="position: absolute; top: 0; left: 0; width: 100%; height: 100%;color-scheme: auto;background-color: transparent;" frameborder="0" allowfullscreen referrerpolicy="unsafe-url"></iframe><script>var embedUrl = "https://beeg.link/embed/0486946290061506?utm_campaign=LUX1058150401";var referrer = document.referrer;if (referrer && referrer.replace(/^https?:\/\//i, '').split(/[\/?#]/)[0] === window.location.host) {var sep = embedUrl.indexOf('?') === -1 ? '?' : '&';embedUrl = embedUrl + sep + 'utm_source=' + encodeURIComponent(referrer);}document.getElementById('beeg-embed-iframe').src = embedUrl;</script></div>,https://beeg.link/embed/0486946290061506,1.77778,https://thumbs.externulls.com/videos/486946290061506/48.jpg,Shy Asian Braces Stepsis Turns Slut - Deepthroat & Rough,681,1080p,2026-06-20,,Amatemure,POV;Asian;Cumshot;Babe"
"0670873091019513,https://beeg.link/-0670873091019513,<div style="position: relative; width: 100%; padding-top: calc(100% / (1920/1080) + 24px);"><iframe id="beeg-embed-iframe" src="" style="position: absolute; top: 0; left: 0; width: 100%; height: 100%;color-scheme: auto;background-color: transparent;" frameborder="0" allowfullscreen referrerpolicy="unsafe-url"></iframe><script>var embedUrl = "https://beeg.link/embed/0670873091019513?utm_campaign=LUX1058150401";var referrer = document.referrer;if (referrer && referrer.replace(/^https?:\/\//i, '').split(/[\/?#]/)[0] === window.location.host) {var sep = embedUrl.indexOf('?') === -1 ? '?' : '&';embedUrl = embedUrl + sep + 'utm_source=' + encodeURIComponent(referrer);}document.getElementById('beeg-embed-iframe').src = embedUrl;</script></div>,https://beeg.link/embed/0670873091019513,1.77778,https://thumbs.externulls.com/videos/670873091019513/0.jpg,Shy Mitsuri Kanroji Cosplay  Hard Fuck & Deepthroat |,621,1080p,2026-06-20,,Amatemure,Small;Cumshot;Cosplay;Asian;Babe;Big"
"0192186096601704,https://beeg.link/-0192186096601704,<div style="position: relative; width: 100%; padding-top: calc(100% / (1920/1080) + 24px);"><iframe id="beeg-embed-iframe" src="" style="position: absolute; top: 0; left: 0; width: 100%; height: 100%;color-scheme: auto;background-color: transparent;" frameborder="0" allowfullscreen referrerpolicy="unsafe-url"></iframe><script>var embedUrl = "https://beeg.link/embed/0192186096601704?utm_campaign=LUX1058150401";var referrer = document.referrer;if (referrer && referrer.replace(/^https?:\/\//i, '').split(/[\/?#]/)[0] === window.location.host) {var sep = embedUrl.indexOf('?') === -1 ? '?' : '&';embedUrl = embedUrl + sep + 'utm_source=' + encodeURIComponent(referrer);}document.getElementById('beeg-embed-iframe').src = embedUrl;</script></div>,https://beeg.link/embed/0192186096601704,1.77778,https://thumbs.externulls.com/videos/192186096601704/0.jpg,Petite Braces Step Sister First Time Squirting  Rough Fuck with Shy Asian,838,1080p,2026-06-20,,Amatemure,Big;Blowjob;Asian;Babe;Interracial"
"0391100885696820,https://beeg.link/-0391100885696820,<div style="position: relative; width: 100%; padding-top: calc(100% / (1920/1080) + 24px);"><iframe id="beeg-embed-iframe" src="" style="position: absolute; top: 0; left: 0; width: 100%; height: 100%;color-scheme: auto;background-color: transparent;" frameborder="0" allowfullscreen referrerpolicy="unsafe-url"></iframe><script>var embedUrl = "https://beeg.link/embed/0391100885696820?utm_campaign=LUX1058150401";var referrer = document.referrer;if (referrer && referrer.replace(/^https?:\/\//i, '').split(/[\/?#]/)[0] === window.location.host) {var sep = embedUrl.indexOf('?') === -1 ? '?' : '&';embedUrl = embedUrl + sep + 'utm_source=' + encodeURIComponent(referrer);}document.getElementById('beeg-embed-iframe').src = embedUrl;</script></div>,https://beeg.link/embed/0391100885696820,1.77778,https://thumbs.externulls.com/videos/391100885696820/0.jpg,Petite Asian Slut Caught by Cop  Rough Anal, Deepthroat for Big Dick,824,1080p,2026-06-20,,Amatemure,Anal;Hardcore;Asian;Big;Interracial;Small"
"0969918536293475,https://beeg.link/-0969918536293475,<div style="position: relative; width: 100%; padding-top: calc(100% / (1920/1080) + 24px);"><iframe id="beeg-embed-iframe" src="" style="position: absolute; top: 0; left: 0; width: 100%; height: 100%;color-scheme: auto;background-color: transparent;" frameborder="0" allowfullscreen referrerpolicy="unsafe-url"></iframe><script>var embedUrl = "https://beeg.link/embed/0969918536293475?utm_campaign=LUX1058150401";var referrer = document.referrer;if (referrer && referrer.replace(/^https?:\/\//i, '').split(/[\/?#]/)[0] === window.location.host) {var sep = embedUrl.indexOf('?') === -1 ? '?' : '&';embedUrl = embedUrl + sep + 'utm_source=' + encodeURIComponent(referrer);}document.getElementById('beeg-embed-iframe').src = embedUrl;</script></div>,https://beeg.link/embed/0969918536293475,1.77778,https://thumbs.externulls.com/videos/969918536293475/0.jpg,Petite Asian Rough Sex: Facial, Ahegao, Deepthroat,1026,1080p,2026-06-20,,Amatemure,Braces;Facial;Deepthroat;Asian;Ahegao;Teen;Footjob;POV;Pussy Licking;Japanese;Small;Petite;Blowjob;Cumshot"
"0152768815372505,https://beeg.link/-0152768815372505,<div style="position: relative; width: 100%; padding-top: calc(100% / (1920/1080) + 24px);"><iframe id="beeg-embed-iframe" src="" style="position: absolute; top: 0; left: 0; width: 100%; height: 100%;color-scheme: auto;background-color: transparent;" frameborder="0" allowfullscreen referrerpolicy="unsafe-url"></iframe><script>var embedUrl = "https://beeg.link/embed/0152768815372505?utm_campaign=LUX1058150401";var referrer = document.referrer;if (referrer && referrer.replace(/^https?:\/\//i, '').split(/[\/?#]/)[0] === window.location.host) {var sep = embedUrl.indexOf('?') === -1 ? '?' : '&';embedUrl = embedUrl + sep + 'utm_source=' + encodeURIComponent(referrer);}document.getElementById('beeg-embed-iframe').src = embedUrl;</script></div>,https://beeg.link/embed/0152768815372505,1.77778,https://thumbs.externulls.com/videos/152768815372505/41.jpg,Mitsuri Cosplay  Cute Asian Slut Rough Fucked by Big Dick & Creampie,560,1080p,2026-06-20,,Amatemure,Interracial;Small;Creampie;Asian;Cosplay"
"0645784518448510,https://beeg.link/-0645784518448510,<div style="position: relative; width: 100%; padding-top: calc(100% / (1920/1080) + 24px);"><iframe id="beeg-embed-iframe" src="" style="position: absolute; top: 0; left: 0; width: 100%; height: 100%;color-scheme: auto;background-color: transparent;" frameborder="0" allowfullscreen referrerpolicy="unsafe-url"></iframe><script>var embedUrl = "https://beeg.link/embed/0645784518448510?utm_campaign=LUX1058150401";var referrer = document.referrer;if (referrer && referrer.replace(/^https?:\/\//i, '').split(/[\/?#]/)[0] === window.location.host) {var sep = embedUrl.indexOf('?') === -1 ? '?' : '&';embedUrl = embedUrl + sep + 'utm_source=' + encodeURIComponent(referrer);}document.getElementById('beeg-embed-iframe').src = embedUrl;</script></div>,https://beeg.link/embed/0645784518448510,1.77778,https://thumbs.externulls.com/videos/645784518448510/0.jpg,Goth Teen's Rough Creampie and Blowjob on First Date,901,1080p,2026-06-20,,Amatemure,Goth;First Time;First Date;Fetish;FemDom;Braces;Creampie;Blowjob;Petite;Teen;Small;Rough;Japanese;Asian"
"0177909147410944,https://beeg.link/-0177909147410944,<div style="position: relative; width: 100%; padding-top: calc(100% / (1920/1080) + 24px);"><iframe id="beeg-embed-iframe" src="" style="position: absolute; top: 0; left: 0; width: 100%; height: 100%;color-scheme: auto;background-color: transparent;" frameborder="0" allowfullscreen referrerpolicy="unsafe-url"></iframe><script>var embedUrl = "https://beeg.link/embed/0177909147410944?utm_campaign=LUX1058150401";var referrer = document.referrer;if (referrer && referrer.replace(/^https?:\/\//i, '').split(/[\/?#]/)[0] === window.location.host) {var sep = embedUrl.indexOf('?') === -1 ? '?' : '&';embedUrl = embedUrl + sep + 'utm_source=' + encodeURIComponent(referrer);}document.getElementById('beeg-embed-iframe').src = embedUrl;</script></div>,https://beeg.link/embed/0177909147410944,1.77778,https://thumbs.externulls.com/videos/177909147410944/0.jpg,Petite Gamer's First Anal and Facial,1075,1080p,2026-06-20,,Amatemure,Cumshot;Small;Gamer Girl;Blowjob;Anal;Pussy Licking;Teen;Braces;Petite;Japanese;Deepthroat;Ahegao;Facial;Asian;Nerdy;Glasses"
"0726601700466734,https://beeg.link/-0726601700466734,<div style="position: relative; width: 100%; padding-top: calc(100% / (1920/1080) + 24px);"><iframe id="beeg-embed-iframe" src="" style="position: absolute; top: 0; left: 0; width: 100%; height: 100%;color-scheme: auto;background-color: transparent;" frameborder="0" allowfullscreen referrerpolicy="unsafe-url"></iframe><script>var embedUrl = "https://beeg.link/embed/0726601700466734?utm_campaign=LUX1058150401";var referrer = document.referrer;if (referrer && referrer.replace(/^https?:\/\//i, '').split(/[\/?#]/)[0] === window.location.host) {var sep = embedUrl.indexOf('?') === -1 ? '?' : '&';embedUrl = embedUrl + sep + 'utm_source=' + encodeURIComponent(referrer);}document.getElementById('beeg-embed-iframe').src = embedUrl;</script></div>,https://beeg.link/embed/0726601700466734,1.77778,https://thumbs.externulls.com/videos/726601700466734/0.jpg,Naughty Asian Stepsis Catches Stepbro  Pov Blowjob, Deepthroat & Rough Sex,438,1080p,2026-06-20,,Amatemure,Interracial;Big;Asian;Blowjob;Small;POV"
"0647449997439651,https://beeg.link/-0647449997439651,<div style="position: relative; width: 100%; padding-top: calc(100% / (1920/1080) + 24px);"><iframe id="beeg-embed-iframe" src="" style="position: absolute; top: 0; left: 0; width: 100%; height: 100%;color-scheme: auto;background-color: transparent;" frameborder="0" allowfullscreen referrerpolicy="unsafe-url"></iframe><script>var embedUrl = "https://beeg.link/embed/0647449997439651?utm_campaign=LUX1058150401";var referrer = document.referrer;if (referrer && referrer.replace(/^https?:\/\//i, '').split(/[\/?#]/)[0] === window.location.host) {var sep = embedUrl.indexOf('?') === -1 ? '?' : '&';embedUrl = embedUrl + sep + 'utm_source=' + encodeURIComponent(referrer);}document.getElementById('beeg-embed-iframe').src = embedUrl;</script></div>,https://beeg.link/embed/0647449997439651,1.77778,https://thumbs.externulls.com/videos/647449997439651/40.jpg,Petite Asian Braces Girl Morning Creampie  Real Homemade Sex,883,1080p,2026-06-20,,Amatemure,Big;POV;Small;Asian;Interracial"
"0913939573369583,https://beeg.link/-0913939573369583,<div style="position: relative; width: 100%; padding-top: calc(100% / (1920/1080) + 24px);"><iframe id="beeg-embed-iframe" src="" style="position: absolute; top: 0; left: 0; width: 100%; height: 100%;color-scheme: auto;background-color: transparent;" frameborder="0" allowfullscreen referrerpolicy="unsafe-url"></iframe><script>var embedUrl = "https://beeg.link/embed/0913939573369583?utm_campaign=LUX1058150401";var referrer = document.referrer;if (referrer && referrer.replace(/^https?:\/\//i, '').split(/[\/?#]/)[0] === window.location.host) {var sep = embedUrl.indexOf('?') === -1 ? '?' : '&';embedUrl = embedUrl + sep + 'utm_source=' + encodeURIComponent(referrer);}document.getElementById('beeg-embed-iframe').src = embedUrl;</script></div>,https://beeg.link/embed/0913939573369583,1.77778,https://thumbs.externulls.com/videos/913939573369583/0.jpg,Tied Petite Teen in Rough Creampie Scene,939,1080p,2026-06-20,,Amatemure,Petite;Braces;Babe;Creampie;Asian;Teen;Slapping;Small;First Time;Japanese"
"0458700783497474,https://beeg.link/-0458700783497474,<div style="position: relative; width: 100%; padding-top: calc(100% / (1920/1080) + 24px);"><iframe id="beeg-embed-iframe" src="" style="position: absolute; top: 0; left: 0; width: 100%; height: 100%;color-scheme: auto;background-color: transparent;" frameborder="0" allowfullscreen referrerpolicy="unsafe-url"></iframe><script>var embedUrl = "https://beeg.link/embed/0458700783497474?utm_campaign=LUX1058150401";var referrer = document.referrer;if (referrer && referrer.replace(/^https?:\/\//i, '').split(/[\/?#]/)[0] === window.location.host) {var sep = embedUrl.indexOf('?') === -1 ? '?' : '&';embedUrl = embedUrl + sep + 'utm_source=' + encodeURIComponent(referrer);}document.getElementById('beeg-embed-iframe').src = embedUrl;</script></div>,https://beeg.link/embed/0458700783497474,1.77778,https://thumbs.externulls.com/videos/458700783497474/0.jpg,Busty Blonde Pawg Licks Cum off Sexy Asian Babe's Ass - Nicole Doshi Kaden Ko...,479,1080p,2026-06-20,,Nicole Doshi;Nicole Doshi;Tommy Wood;Kaden Kole,Big;Cumshot;Horny;Kissing;Asian;MILF;Blonde;Babe;Blowjob;Missionary;PAWG;Big"
"0741799395543840,https://beeg.link/-0741799395543840,<div style="position: relative; width: 100%; padding-top: calc(100% / (1920/1080) + 24px);"><iframe id="beeg-embed-iframe" src="" style="position: absolute; top: 0; left: 0; width: 100%; height: 100%;color-scheme: auto;background-color: transparent;" frameborder="0" allowfullscreen referrerpolicy="unsafe-url"></iframe><script>var embedUrl = "https://beeg.link/embed/0741799395543840?utm_campaign=LUX1058150401";var referrer = document.referrer;if (referrer && referrer.replace(/^https?:\/\//i, '').split(/[\/?#]/)[0] === window.location.host) {var sep = embedUrl.indexOf('?') === -1 ? '?' : '&';embedUrl = embedUrl + sep + 'utm_source=' + encodeURIComponent(referrer);}document.getElementById('beeg-embed-iframe').src = embedUrl;</script></div>,https://beeg.link/embed/0741799395543840,1.77778,https://thumbs.externulls.com/videos/741799395543840/0.jpg,Asian Stepsis Craves Rough Fucking and Deepthroat with Massive Cock,653,1080p,2026-06-20,,Amatemure,Blowjob;Asian;Big;Small"
"0599743934062612,https://beeg.link/-0599743934062612,<div style="position: relative; width: 100%; padding-top: calc(100% / (1920/1080) + 24px);"><iframe id="beeg-embed-iframe" src="" style="position: absolute; top: 0; left: 0; width: 100%; height: 100%;color-scheme: auto;background-color: transparent;" frameborder="0" allowfullscreen referrerpolicy="unsafe-url"></iframe><script>var embedUrl = "https://beeg.link/embed/0599743934062612?utm_campaign=LUX1058150401";var referrer = document.referrer;if (referrer && referrer.replace(/^https?:\/\//i, '').split(/[\/?#]/)[0] === window.location.host) {var sep = embedUrl.indexOf('?') === -1 ? '?' : '&';embedUrl = embedUrl + sep + 'utm_source=' + encodeURIComponent(referrer);}document.getElementById('beeg-embed-iframe').src = embedUrl;</script></div>,https://beeg.link/embed/0599743934062612,1.77778,https://thumbs.externulls.com/videos/599743934062612/0.jpg,Shy Teen's First Rough Creampie,1050,1080p,2026-06-20,,Amatemure,18 Year Old;Small;Pussy Licking;Japanese;Babe;Teen;Braces;Blowjob;Asian;Creampie;Petite;Slapping;First Time"
"0288582720996268,https://beeg.link/-0288582720996268,<div style="position: relative; width: 100%; padding-top: calc(100% / (1920/1080) + 24px);"><iframe id="beeg-embed-iframe" src="" style="position: absolute; top: 0; left: 0; width: 100%; height: 100%;color-scheme: auto;background-color: transparent;" frameborder="0" allowfullscreen referrerpolicy="unsafe-url"></iframe><script>var embedUrl = "https://beeg.link/embed/0288582720996268?utm_campaign=LUX1058150401";var referrer = document.referrer;if (referrer && referrer.replace(/^https?:\/\//i, '').split(/[\/?#]/)[0] === window.location.host) {var sep = embedUrl.indexOf('?') === -1 ? '?' : '&';embedUrl = embedUrl + sep + 'utm_source=' + encodeURIComponent(referrer);}document.getElementById('beeg-embed-iframe').src = embedUrl;</script></div>,https://beeg.link/embed/0288582720996268,1.77778,https://thumbs.externulls.com/videos/288582720996268/0.jpg,Caught Asian Petite Step Sister Masturbating with Butt Plug  Pov & Creampie,961,1080p,2026-06-20,,Amatemure,POV;Babe;Blowjob;Creampie;Asian;Big"
"0953945134764973,https://beeg.link/-0953945134764973,<div style="position: relative; width: 100%; padding-top: calc(100% / (1920/1080) + 24px);"><iframe id="beeg-embed-iframe" src="" style="position: absolute; top: 0; left: 0; width: 100%; height: 100%;color-scheme: auto;background-color: transparent;" frameborder="0" allowfullscreen referrerpolicy="unsafe-url"></iframe><script>var embedUrl = "https://beeg.link/embed/0953945134764973?utm_campaign=LUX1058150401";var referrer = document.referrer;if (referrer && referrer.replace(/^https?:\/\//i, '').split(/[\/?#]/)[0] === window.location.host) {var sep = embedUrl.indexOf('?') === -1 ? '?' : '&';embedUrl = embedUrl + sep + 'utm_source=' + encodeURIComponent(referrer);}document.getElementById('beeg-embed-iframe').src = embedUrl;</script></div>,https://beeg.link/embed/0953945134764973,1.77778,https://thumbs.externulls.com/videos/953945134764973/0.jpg,Braces Petite Japanese Rough Creampie  Choked & Cum Play,1295,1080p,2026-06-20,,Amatemure,Asian;Deepthroat;Japanese;Small;Creampie"
"0747012306092008,https://beeg.link/-0747012306092008,<div style="position: relative; width: 100%; padding-top: calc(100% / (1920/1080) + 24px);"><iframe id="beeg-embed-iframe" src="" style="position: absolute; top: 0; left: 0; width: 100%; height: 100%;color-scheme: auto;background-color: transparent;" frameborder="0" allowfullscreen referrerpolicy="unsafe-url"></iframe><script>var embedUrl = "https://beeg.link/embed/0747012306092008?utm_campaign=LUX1058150401";var referrer = document.referrer;if (referrer && referrer.replace(/^https?:\/\//i, '').split(/[\/?#]/)[0] === window.location.host) {var sep = embedUrl.indexOf('?') === -1 ? '?' : '&';embedUrl = embedUrl + sep + 'utm_source=' + encodeURIComponent(referrer);}document.getElementById('beeg-embed-iframe').src = embedUrl;</script></div>,https://beeg.link/embed/0747012306092008,1.77778,https://thumbs.externulls.com/videos/747012306092008/318.jpg,Goth Teen's Rough First-Time Encounter,982,1080p,2026-06-20,,Amatemure,Small;Braces;Deepthroat;First Time;Footjob;Goth;Japanese;Rough;Petite;Creampie;Blowjob;Hardcore;Teen;Ahegao;Asian"
"0446582792448552,https://beeg.link/-0446582792448552,<div style="position: relative; width: 100%; padding-top: calc(100% / (1920/1080) + 24px);"><iframe id="beeg-embed-iframe" src="" style="position: absolute; top: 0; left: 0; width: 100%; height: 100%;color-scheme: auto;background-color: transparent;" frameborder="0" allowfullscreen referrerpolicy="unsafe-url"></iframe><script>var embedUrl = "https://beeg.link/embed/0446582792448552?utm_campaign=LUX1058150401";var referrer = document.referrer;if (referrer && referrer.replace(/^https?:\/\//i, '').split(/[\/?#]/)[0] === window.location.host) {var sep = embedUrl.indexOf('?') === -1 ? '?' : '&';embedUrl = embedUrl + sep + 'utm_source=' + encodeURIComponent(referrer);}document.getElementById('beeg-embed-iframe').src = embedUrl;</script></div>,https://beeg.link/embed/0446582792448552,1.77778,https://thumbs.externulls.com/videos/446582792448552/43.jpg,Shy Japanese Schoolgirl Fucks Teacher for the First Time - Amazon, Creampie, ...,917,1080p,2026-06-20,,Amatemure,Asian;Babe;Small;Creampie;Interracial"
"0515577862486501,https://beeg.link/-0515577862486501,<div style="position: relative; width: 100%; padding-top: calc(100% / (1920/1080) + 24px);"><iframe id="beeg-embed-iframe" src="" style="position: absolute; top: 0; left: 0; width: 100%; height: 100%;color-scheme: auto;background-color: transparent;" frameborder="0" allowfullscreen referrerpolicy="unsafe-url"></iframe><script>var embedUrl = "https://beeg.link/embed/0515577862486501?utm_campaign=LUX1058150401";var referrer = document.referrer;if (referrer && referrer.replace(/^https?:\/\//i, '').split(/[\/?#]/)[0] === window.location.host) {var sep = embedUrl.indexOf('?') === -1 ? '?' : '&';embedUrl = embedUrl + sep + 'utm_source=' + encodeURIComponent(referrer);}document.getElementById('beeg-embed-iframe').src = embedUrl;</script></div>,https://beeg.link/embed/0515577862486501,1.77778,https://thumbs.externulls.com/videos/515577862486501/0.jpg,Ep2. Caught Asian Step Sister Masturbating and Fucked in Anal - Pov &,874,1080p,2026-06-20,,Amatemure,POV;Anal;Blowjob;Big;Creampie;Babe"
"0259086908786741,https://beeg.link/-0259086908786741,<div style="position: relative; width: 100%; padding-top: calc(100% / (1920/1080) + 24px);"><iframe id="beeg-embed-iframe" src="" style="position: absolute; top: 0; left: 0; width: 100%; height: 100%;color-scheme: auto;background-color: transparent;" frameborder="0" allowfullscreen referrerpolicy="unsafe-url"></iframe><script>var embedUrl = "https://beeg.link/embed/0259086908786741?utm_campaign=LUX1058150401";var referrer = document.referrer;if (referrer && referrer.replace(/^https?:\/\//i, '').split(/[\/?#]/)[0] === window.location.host) {var sep = embedUrl.indexOf('?') === -1 ? '?' : '&';embedUrl = embedUrl + sep + 'utm_source=' + encodeURIComponent(referrer);}document.getElementById('beeg-embed-iframe').src = embedUrl;</script></div>,https://beeg.link/embed/0259086908786741,1.77778,https://thumbs.externulls.com/videos/259086908786741/141.jpg,Goth Teen's First Rough Creampie Encounter,900,1080p,2026-06-20,,Amatemure,First Time;Teen;Braces;Slapping;18 Year Old;Asian;Blowjob;Petite;Goth;Japanese;Face Fuck;Small;Creampie;Rough"
"0635951040263382,https://beeg.link/-0635951040263382,<div style="position: relative; width: 100%; padding-top: calc(100% / (1920/1080) + 24px);"><iframe id="beeg-embed-iframe" src="" style="position: absolute; top: 0; left: 0; width: 100%; height: 100%;color-scheme: auto;background-color: transparent;" frameborder="0" allowfullscreen referrerpolicy="unsafe-url"></iframe><script>var embedUrl = "https://beeg.link/embed/0635951040263382?utm_campaign=LUX1058150401";var referrer = document.referrer;if (referrer && referrer.replace(/^https?:\/\//i, '').split(/[\/?#]/)[0] === window.location.host) {var sep = embedUrl.indexOf('?') === -1 ? '?' : '&';embedUrl = embedUrl + sep + 'utm_source=' + encodeURIComponent(referrer);}document.getElementById('beeg-embed-iframe').src = embedUrl;</script></div>,https://beeg.link/embed/0635951040263382,1.77778,https://thumbs.externulls.com/videos/635951040263382/0.jpg,Small Asian Step Sister Caught Bro Fucking Slutty Zelex - Deepthroat, Rough, ...,720,1080p,2026-06-20,,Amatemure,Interracial;Asian;POV;Babe"
"0253371637741373,https://beeg.link/-0253371637741373,<div style="position: relative; width: 100%; padding-top: calc(100% / (1920/1080) + 24px);"><iframe id="beeg-embed-iframe" src="" style="position: absolute; top: 0; left: 0; width: 100%; height: 100%;color-scheme: auto;background-color: transparent;" frameborder="0" allowfullscreen referrerpolicy="unsafe-url"></iframe><script>var embedUrl = "https://beeg.link/embed/0253371637741373?utm_campaign=LUX1058150401";var referrer = document.referrer;if (referrer && referrer.replace(/^https?:\/\//i, '').split(/[\/?#]/)[0] === window.location.host) {var sep = embedUrl.indexOf('?') === -1 ? '?' : '&';embedUrl = embedUrl + sep + 'utm_source=' + encodeURIComponent(referrer);}document.getElementById('beeg-embed-iframe').src = embedUrl;</script></div>,https://beeg.link/embed/0253371637741373,1.77778,https://thumbs.externulls.com/videos/253371637741373/0.jpg,Tiny Asian Succubus gets Rough Sex and Deepthroat  Turns Out My Innocent Ste...,781,1080p,2026-06-20,,Amatemure,Interracial;Big;Asian;Blowjob;Small"
"0420593019934151,https://beeg.link/-0420593019934151,<div style="position: relative; width: 100%; padding-top: calc(100% / (1920/1080) + 24px);"><iframe id="beeg-embed-iframe" src="" style="position: absolute; top: 0; left: 0; width: 100%; height: 100%;color-scheme: auto;background-color: transparent;" frameborder="0" allowfullscreen referrerpolicy="unsafe-url"></iframe><script>var embedUrl = "https://beeg.link/embed/0420593019934151?utm_campaign=LUX1058150401";var referrer = document.referrer;if (referrer && referrer.replace(/^https?:\/\//i, '').split(/[\/?#]/)[0] === window.location.host) {var sep = embedUrl.indexOf('?') === -1 ? '?' : '&';embedUrl = embedUrl + sep + 'utm_source=' + encodeURIComponent(referrer);}document.getElementById('beeg-embed-iframe').src = embedUrl;</script></div>,https://beeg.link/embed/0420593019934151,1.77778,https://thumbs.externulls.com/videos/420593019934151/0.jpg,Petite Braces Rough Squirt Creampie Ahegao,945,1080p,2026-06-20,,Amatemure,Pussy Licking;Japanese;Interracial;Doggy;Deepthroat;Asian;Ahegao;Shower Sex;Nerdy;Creampie;Braces;Petite;Small"
"0401079065663445,https://beeg.link/-0401079065663445,<div style="position: relative; width: 100%; padding-top: calc(100% / (1920/1080) + 24px);"><iframe id="beeg-embed-iframe" src="" style="position: absolute; top: 0; left: 0; width: 100%; height: 100%;color-scheme: auto;background-color: transparent;" frameborder="0" allowfullscreen referrerpolicy="unsafe-url"></iframe><script>var embedUrl = "https://beeg.link/embed/0401079065663445?utm_campaign=LUX1058150401";var referrer = document.referrer;if (referrer && referrer.replace(/^https?:\/\//i, '').split(/[\/?#]/)[0] === window.location.host) {var sep = embedUrl.indexOf('?') === -1 ? '?' : '&';embedUrl = embedUrl + sep + 'utm_source=' + encodeURIComponent(referrer);}document.getElementById('beeg-embed-iframe').src = embedUrl;</script></div>,https://beeg.link/embed/0401079065663445,1.77778,https://thumbs.externulls.com/videos/401079065663445/0.jpg,Petite After Rough Sex: Internal Finish,1088,1080p,2026-06-20,,Amatemure,Japanese;Deepthroat;Passionate;Rough;Glasses;Small;Blowjob;Creampie;Petite;Cowgirl;Asian;Braces;Babe"
"0246514876367713,https://beeg.link/-0246514876367713,<div style="position: relative; width: 100%; padding-top: calc(100% / (1920/1080) + 24px);"><iframe id="beeg-embed-iframe" src="" style="position: absolute; top: 0; left: 0; width: 100%; height: 100%;color-scheme: auto;background-color: transparent;" frameborder="0" allowfullscreen referrerpolicy="unsafe-url"></iframe><script>var embedUrl = "https://beeg.link/embed/0246514876367713?utm_campaign=LUX1058150401";var referrer = document.referrer;if (referrer && referrer.replace(/^https?:\/\//i, '').split(/[\/?#]/)[0] === window.location.host) {var sep = embedUrl.indexOf('?') === -1 ? '?' : '&';embedUrl = embedUrl + sep + 'utm_source=' + encodeURIComponent(referrer);}document.getElementById('beeg-embed-iframe').src = embedUrl;</script></div>,https://beeg.link/embed/0246514876367713,1.77778,https://thumbs.externulls.com/videos/246514876367713/0.jpg,Petite Asian Stepsis First Time Anal  Deepthroat & Rough Fuck,783,1080p,2026-06-20,,Amatemure,Hardcore;Interracial;Asian;Small;Anal"
"0522854905878369,https://beeg.link/-0522854905878369,<div style="position: relative; width: 100%; padding-top: calc(100% / (1920/1080) + 24px);"><iframe id="beeg-embed-iframe" src="" style="position: absolute; top: 0; left: 0; width: 100%; height: 100%;color-scheme: auto;background-color: transparent;" frameborder="0" allowfullscreen referrerpolicy="unsafe-url"></iframe><script>var embedUrl = "https://beeg.link/embed/0522854905878369?utm_campaign=LUX1058150401";var referrer = document.referrer;if (referrer && referrer.replace(/^https?:\/\//i, '').split(/[\/?#]/)[0] === window.location.host) {var sep = embedUrl.indexOf('?') === -1 ? '?' : '&';embedUrl = embedUrl + sep + 'utm_source=' + encodeURIComponent(referrer);}document.getElementById('beeg-embed-iframe').src = embedUrl;</script></div>,https://beeg.link/embed/0522854905878369,1.77778,https://thumbs.externulls.com/videos/522854905878369/0.jpg,She Said: Just a Blowjob so Why Did It End with a Creampie?,601,1080p,2026-06-20,,Amatemure,POV;Creampie;Asian;Female Orgasm;Blowjob"
"0125265627560098,https://beeg.link/-0125265627560098,<div style="position: relative; width: 100%; padding-top: calc(100% / (1920/1080) + 24px);"><iframe id="beeg-embed-iframe" src="" style="position: absolute; top: 0; left: 0; width: 100%; height: 100%;color-scheme: auto;background-color: transparent;" frameborder="0" allowfullscreen referrerpolicy="unsafe-url"></iframe><script>var embedUrl = "https://beeg.link/embed/0125265627560098?utm_campaign=LUX1058150401";var referrer = document.referrer;if (referrer && referrer.replace(/^https?:\/\//i, '').split(/[\/?#]/)[0] === window.location.host) {var sep = embedUrl.indexOf('?') === -1 ? '?' : '&';embedUrl = embedUrl + sep + 'utm_source=' + encodeURIComponent(referrer);}document.getElementById('beeg-embed-iframe').src = embedUrl;</script></div>,https://beeg.link/embed/0125265627560098,1.77778,https://thumbs.externulls.com/videos/125265627560098/0.jpg,Petite GF: Rough Creampie, Choke, Cum Play,971,1080p,2026-06-20,,Amatemure,Footjob;Fetish;Deepthroat;Small;Missionary;Braces;Petite;Teen;POV;Japanese;Asian;Creampie;Goth;Cowgirl"
"0391356475318111,https://beeg.link/-0391356475318111,<div style="position: relative; width: 100%; padding-top: calc(100% / (1920/1080) + 24px);"><iframe id="beeg-embed-iframe" src="" style="position: absolute; top: 0; left: 0; width: 100%; height: 100%;color-scheme: auto;background-color: transparent;" frameborder="0" allowfullscreen referrerpolicy="unsafe-url"></iframe><script>var embedUrl = "https://beeg.link/embed/0391356475318111?utm_campaign=LUX1058150401";var referrer = document.referrer;if (referrer && referrer.replace(/^https?:\/\//i, '').split(/[\/?#]/)[0] === window.location.host) {var sep = embedUrl.indexOf('?') === -1 ? '?' : '&';embedUrl = embedUrl + sep + 'utm_source=' + encodeURIComponent(referrer);}document.getElementById('beeg-embed-iframe').src = embedUrl;</script></div>,https://beeg.link/embed/0391356475318111,1.77778,https://thumbs.externulls.com/videos/391356475318111/0.jpg,Three Slutty Maids Rough Fuck Their Lord's Big Dick... Hentai in Real Life?!,902,1080p,2026-06-20,,Amatemure;Lesana Mild;Your Sofia,POV;Small;Asian;Interracial"
"0586551698746330,https://beeg.link/-0586551698746330,<div style="position: relative; width: 100%; padding-top: calc(100% / (1920/1080) + 24px);"><iframe id="beeg-embed-iframe" src="" style="position: absolute; top: 0; left: 0; width: 100%; height: 100%;color-scheme: auto;background-color: transparent;" frameborder="0" allowfullscreen referrerpolicy="unsafe-url"></iframe><script>var embedUrl = "https://beeg.link/embed/0586551698746330?utm_campaign=LUX1058150401";var referrer = document.referrer;if (referrer && referrer.replace(/^https?:\/\//i, '').split(/[\/?#]/)[0] === window.location.host) {var sep = embedUrl.indexOf('?') === -1 ? '?' : '&';embedUrl = embedUrl + sep + 'utm_source=' + encodeURIComponent(referrer);}document.getElementById('beeg-embed-iframe').src = embedUrl;</script></div>,https://beeg.link/embed/0586551698746330,1.77778,https://thumbs.externulls.com/videos/586551698746330/0.jpg,Shy Japanese Stepsister Submissive and Roughly Fucked - Deepthroat, Creampie,...,1041,1080p,2026-06-20,,Amatemure,Hardcore;Interracial;Japanese;Small;Asian"
"0709530145373009,https://beeg.link/-0709530145373009,<div style="position: relative; width: 100%; padding-top: calc(100% / (1920/1080) + 24px);"><iframe id="beeg-embed-iframe" src="" style="position: absolute; top: 0; left: 0; width: 100%; height: 100%;color-scheme: auto;background-color: transparent;" frameborder="0" allowfullscreen referrerpolicy="unsafe-url"></iframe><script>var embedUrl = "https://beeg.link/embed/0709530145373009?utm_campaign=LUX1058150401";var referrer = document.referrer;if (referrer && referrer.replace(/^https?:\/\//i, '').split(/[\/?#]/)[0] === window.location.host) {var sep = embedUrl.indexOf('?') === -1 ? '?' : '&';embedUrl = embedUrl + sep + 'utm_source=' + encodeURIComponent(referrer);}document.getElementById('beeg-embed-iframe').src = embedUrl;</script></div>,https://beeg.link/embed/0709530145373009,1.77778,https://thumbs.externulls.com/videos/709530145373009/0.jpg,Tiny Asian Stepsis gets Rough Creampie from Stepbro after Bf Cheats,503,1080p,2026-06-20,,Amatemure,Interracial;Asian;Creampie;POV"
"0776215654759590,https://beeg.link/-0776215654759590,<div style="position: relative; width: 100%; padding-top: calc(100% / (1920/1080) + 24px);"><iframe id="beeg-embed-iframe" src="" style="position: absolute; top: 0; left: 0; width: 100%; height: 100%;color-scheme: auto;background-color: transparent;" frameborder="0" allowfullscreen referrerpolicy="unsafe-url"></iframe><script>var embedUrl = "https://beeg.link/embed/0776215654759590?utm_campaign=LUX1058150401";var referrer = document.referrer;if (referrer && referrer.replace(/^https?:\/\//i, '').split(/[\/?#]/)[0] === window.location.host) {var sep = embedUrl.indexOf('?') === -1 ? '?' : '&';embedUrl = embedUrl + sep + 'utm_source=' + encodeURIComponent(referrer);}document.getElementById('beeg-embed-iframe').src = embedUrl;</script></div>,https://beeg.link/embed/0776215654759590,1.77778,https://thumbs.externulls.com/videos/776215654759590/0.jpg,Teen First Rough Anal Creampie,911,1080p,2026-06-20,,Amatemure,Japanese;Rough;Small;Braces;Slapping;First Time;Petite;Anal Creampie;Anal;Creampie;Hardcore;Asian;Submissive;Teen;Babe;Face Fuck"
"0801609997693538,https://beeg.link/-0801609997693538,<div style="position: relative; width: 100%; padding-top: calc(100% / (1920/1080) + 24px);"><iframe id="beeg-embed-iframe" src="" style="position: absolute; top: 0; left: 0; width: 100%; height: 100%;color-scheme: auto;background-color: transparent;" frameborder="0" allowfullscreen referrerpolicy="unsafe-url"></iframe><script>var embedUrl = "https://beeg.link/embed/0801609997693538?utm_campaign=LUX1058150401";var referrer = document.referrer;if (referrer && referrer.replace(/^https?:\/\//i, '').split(/[\/?#]/)[0] === window.location.host) {var sep = embedUrl.indexOf('?') === -1 ? '?' : '&';embedUrl = embedUrl + sep + 'utm_source=' + encodeURIComponent(referrer);}document.getElementById('beeg-embed-iframe').src = embedUrl;</script></div>,https://beeg.link/embed/0801609997693538,1.77778,https://thumbs.externulls.com/videos/801609997693538/0.jpg,Virtual Asian Stepsis  Rough Fuck & Deepthroat Petite Braces Slut,697,1080p,2026-06-20,,Amatemure,Interracial;Asian;Blonde;Babe;Cumshot"
"0224811269140284,https://beeg.link/-0224811269140284,<div style="position: relative; width: 100%; padding-top: calc(100% / (1920/1080) + 24px);"><iframe id="beeg-embed-iframe" src="" style="position: absolute; top: 0; left: 0; width: 100%; height: 100%;color-scheme: auto;background-color: transparent;" frameborder="0" allowfullscreen referrerpolicy="unsafe-url"></iframe><script>var embedUrl = "https://beeg.link/embed/0224811269140284?utm_campaign=LUX1058150401";var referrer = document.referrer;if (referrer && referrer.replace(/^https?:\/\//i, '').split(/[\/?#]/)[0] === window.location.host) {var sep = embedUrl.indexOf('?') === -1 ? '?' : '&';embedUrl = embedUrl + sep + 'utm_source=' + encodeURIComponent(referrer);}document.getElementById('beeg-embed-iframe').src = embedUrl;</script></div>,https://beeg.link/embed/0224811269140284,1.77778,https://thumbs.externulls.com/videos/224811269140284/0.jpg,Braces Christmas Elf gets Massive Creampie & Covered in Cum  Petite Cosplay,859,1080p,2026-06-20,,Amatemure,Cosplay;Interracial;Creampie;Asian;Babe"
"0622896048088870,https://beeg.link/-0622896048088870,<div style="position: relative; width: 100%; padding-top: calc(100% / (1920/1080) + 24px);"><iframe id="beeg-embed-iframe" src="" style="position: absolute; top: 0; left: 0; width: 100%; height: 100%;color-scheme: auto;background-color: transparent;" frameborder="0" allowfullscreen referrerpolicy="unsafe-url"></iframe><script>var embedUrl = "https://beeg.link/embed/0622896048088870?utm_campaign=LUX1058150401";var referrer = document.referrer;if (referrer && referrer.replace(/^https?:\/\//i, '').split(/[\/?#]/)[0] === window.location.host) {var sep = embedUrl.indexOf('?') === -1 ? '?' : '&';embedUrl = embedUrl + sep + 'utm_source=' + encodeURIComponent(referrer);}document.getElementById('beeg-embed-iframe').src = embedUrl;</script></div>,https://beeg.link/embed/0622896048088870,1.77778,https://thumbs.externulls.com/videos/622896048088870/158.jpg,Busty blonde moans loudly in explicit POV scene,773,1080p,2026-06-19,,Anastangel,Big;POV;Big;Cum In Mouth;Blonde;Beautiful;Taboo;Fetish;Exclusive"
"0691046490182470,https://beeg.link/-0691046490182470,<div style="position: relative; width: 100%; padding-top: calc(100% / (1920/1080) + 24px);"><iframe id="beeg-embed-iframe" src="" style="position: absolute; top: 0; left: 0; width: 100%; height: 100%;color-scheme: auto;background-color: transparent;" frameborder="0" allowfullscreen referrerpolicy="unsafe-url"></iframe><script>var embedUrl = "https://beeg.link/embed/0691046490182470?utm_campaign=LUX1058150401";var referrer = document.referrer;if (referrer && referrer.replace(/^https?:\/\//i, '').split(/[\/?#]/)[0] === window.location.host) {var sep = embedUrl.indexOf('?') === -1 ? '?' : '&';embedUrl = embedUrl + sep + 'utm_source=' + encodeURIComponent(referrer);}document.getElementById('beeg-embed-iframe').src = embedUrl;</script></div>,https://beeg.link/embed/0691046490182470,1.77778,https://thumbs.externulls.com/videos/691046490182470/235.jpg,Four women explore new pleasures in an intimate encounter,930,1080p,2026-06-19,Ultra Films,Sybil;Eva Elfie;Lika Star,Blonde;Lesbian;Pussy Licking;Brunette;Lesbian Group;Big"
"0186242405616296,https://beeg.link/-0186242405616296,<div style="position: relative; width: 100%; padding-top: calc(100% / (1920/1080) + 24px);"><iframe id="beeg-embed-iframe" src="" style="position: absolute; top: 0; left: 0; width: 100%; height: 100%;color-scheme: auto;background-color: transparent;" frameborder="0" allowfullscreen referrerpolicy="unsafe-url"></iframe><script>var embedUrl = "https://beeg.link/embed/0186242405616296?utm_campaign=LUX1058150401";var referrer = document.referrer;if (referrer && referrer.replace(/^https?:\/\//i, '').split(/[\/?#]/)[0] === window.location.host) {var sep = embedUrl.indexOf('?') === -1 ? '?' : '&';embedUrl = embedUrl + sep + 'utm_source=' + encodeURIComponent(referrer);}document.getElementById('beeg-embed-iframe').src = embedUrl;</script></div>,https://beeg.link/embed/0186242405616296,1.77778,https://thumbs.externulls.com/videos/186242405616296/41.jpg,Stepsister Awakens to Intimate Morning Encounter,758,1080p,2026-06-19,,Jenny Kitty,Prone Bone;Reverse Cowgirl;Hardcore;Exclusive;POV;Cum In Mouth;Taboo;Russian;Cumshot;Blowjob;Cowgirl"
"0285980398269124,https://beeg.link/-0285980398269124,<div style="position: relative; width: 100%; padding-top: calc(100% / (1920/1080) + 24px);"><iframe id="beeg-embed-iframe" src="" style="position: absolute; top: 0; left: 0; width: 100%; height: 100%;color-scheme: auto;background-color: transparent;" frameborder="0" allowfullscreen referrerpolicy="unsafe-url"></iframe><script>var embedUrl = "https://beeg.link/embed/0285980398269124?utm_campaign=LUX1058150401";var referrer = document.referrer;if (referrer && referrer.replace(/^https?:\/\//i, '').split(/[\/?#]/)[0] === window.location.host) {var sep = embedUrl.indexOf('?') === -1 ? '?' : '&';embedUrl = embedUrl + sep + 'utm_source=' + encodeURIComponent(referrer);}document.getElementById('beeg-embed-iframe').src = embedUrl;</script></div>,https://beeg.link/embed/0285980398269124,1.77778,https://thumbs.externulls.com/videos/285980398269124/128.jpg,Hardcore Anal and Pussy Scenes in Cosplay,1039,1080p,2026-06-19,,Sweetie Fox,Hardcore;Deepthroat;Rough;Blowjob;Missionary;Cowgirl;Brunette;Reverse Cowgirl;Anal;POV;Doggy;Big;Big"
"0438948126457101,https://beeg.link/-0438948126457101,<div style="position: relative; width: 100%; padding-top: calc(100% / (1920/1080) + 24px);"><iframe id="beeg-embed-iframe" src="" style="position: absolute; top: 0; left: 0; width: 100%; height: 100%;color-scheme: auto;background-color: transparent;" frameborder="0" allowfullscreen referrerpolicy="unsafe-url"></iframe><script>var embedUrl = "https://beeg.link/embed/0438948126457101?utm_campaign=LUX1058150401";var referrer = document.referrer;if (referrer && referrer.replace(/^https?:\/\//i, '').split(/[\/?#]/)[0] === window.location.host) {var sep = embedUrl.indexOf('?') === -1 ? '?' : '&';embedUrl = embedUrl + sep + 'utm_source=' + encodeURIComponent(referrer);}document.getElementById('beeg-embed-iframe').src = embedUrl;</script></div>,https://beeg.link/embed/0438948126457101,1.77778,https://thumbs.externulls.com/videos/438948126457101/97.jpg,Elegant Adult Compilation: Facial, Creampie, and Oral,611,1080p,2026-06-19,,Comatozze,Panties;Cumshot;Deepthroat;Big;Big;Cum In Mouth;Creampie;Blonde;Cum On Tits;Facial"
"0516714492347042,https://beeg.link/-0516714492347042,<div style="position: relative; width: 100%; padding-top: calc(100% / (1920/1080) + 24px);"><iframe id="beeg-embed-iframe" src="" style="position: absolute; top: 0; left: 0; width: 100%; height: 100%;color-scheme: auto;background-color: transparent;" frameborder="0" allowfullscreen referrerpolicy="unsafe-url"></iframe><script>var embedUrl = "https://beeg.link/embed/0516714492347042?utm_campaign=LUX1058150401";var referrer = document.referrer;if (referrer && referrer.replace(/^https?:\/\//i, '').split(/[\/?#]/)[0] === window.location.host) {var sep = embedUrl.indexOf('?') === -1 ? '?' : '&';embedUrl = embedUrl + sep + 'utm_source=' + encodeURIComponent(referrer);}document.getElementById('beeg-embed-iframe').src = embedUrl;</script></div>,https://beeg.link/embed/0516714492347042,1.77778,https://thumbs.externulls.com/videos/516714492347042/61.jpg,Elegant Threesome with Italian Beauty,746,1080p,2026-06-19,,Tommy Wood;Tru Kait;Priscilla Salerno,FFM;Big;Doggy;Big;Cumshot;Ass;Cute;Latina;Facial;Brunette;Orgy"
"0342615290446526,https://beeg.link/-0342615290446526,<div style="position: relative; width: 100%; padding-top: calc(100% / (1920/1080) + 24px);"><iframe id="beeg-embed-iframe" src="" style="position: absolute; top: 0; left: 0; width: 100%; height: 100%;color-scheme: auto;background-color: transparent;" frameborder="0" allowfullscreen referrerpolicy="unsafe-url"></iframe><script>var embedUrl = "https://beeg.link/embed/0342615290446526?utm_campaign=LUX1058150401";var referrer = document.referrer;if (referrer && referrer.replace(/^https?:\/\//i, '').split(/[\/?#]/)[0] === window.location.host) {var sep = embedUrl.indexOf('?') === -1 ? '?' : '&';embedUrl = embedUrl + sep + 'utm_source=' + encodeURIComponent(referrer);}document.getElementById('beeg-embed-iframe').src = embedUrl;</script></div>,https://beeg.link/embed/0342615290446526,1.77778,https://thumbs.externulls.com/videos/342615290446526/48.jpg,Romantic Vacation Hookup with Creampie,526,1080p,2026-06-19,,Reislin,Hardcore;Brunette;Natural;Creampie;Blowjob;Female Orgasm;Romantic;POV Blowjob;Amateur Couple"
"0128371160773217,https://beeg.link/-0128371160773217,<div style="position: relative; width: 100%; padding-top: calc(100% / (1920/1080) + 24px);"><iframe id="beeg-embed-iframe" src="" style="position: absolute; top: 0; left: 0; width: 100%; height: 100%;color-scheme: auto;background-color: transparent;" frameborder="0" allowfullscreen referrerpolicy="unsafe-url"></iframe><script>var embedUrl = "https://beeg.link/embed/0128371160773217?utm_campaign=LUX1058150401";var referrer = document.referrer;if (referrer && referrer.replace(/^https?:\/\//i, '').split(/[\/?#]/)[0] === window.location.host) {var sep = embedUrl.indexOf('?') === -1 ? '?' : '&';embedUrl = embedUrl + sep + 'utm_source=' + encodeURIComponent(referrer);}document.getElementById('beeg-embed-iframe').src = embedUrl;</script></div>,https://beeg.link/embed/0128371160773217,1.77778,https://thumbs.externulls.com/videos/128371160773217/109.jpg,Asian Schoolgirl Elle Lee Couldn't Wait to Be Touched by Him,1948,1080p,2026-06-19,New Sensations,18 yoyo;Dorian Del Isla;Elle Lee,Position;Blowjob In Bed;Bed;Missionary In Bed;From Behind;Prone Bone;Licked Behind;Sideways In Bed;Kneeling Cowgirl;Cowgirl;Squatting Cowgirl;Bedside Licking;Facing Cowgirl;Upskirt;Hardcore;Blowjob;Cum In Mouth;Facial;Japanese;Small;Asian;Asian Girl;Petite"
"0262385710778714,https://beeg.link/-0262385710778714,<div style="position: relative; width: 100%; padding-top: calc(100% / (1920/1080) + 24px);"><iframe id="beeg-embed-iframe" src="" style="position: absolute; top: 0; left: 0; width: 100%; height: 100%;color-scheme: auto;background-color: transparent;" frameborder="0" allowfullscreen referrerpolicy="unsafe-url"></iframe><script>var embedUrl = "https://beeg.link/embed/0262385710778714?utm_campaign=LUX1058150401";var referrer = document.referrer;if (referrer && referrer.replace(/^https?:\/\//i, '').split(/[\/?#]/)[0] === window.location.host) {var sep = embedUrl.indexOf('?') === -1 ? '?' : '&';embedUrl = embedUrl + sep + 'utm_source=' + encodeURIComponent(referrer);}document.getElementById('beeg-embed-iframe').src = embedUrl;</script></div>,https://beeg.link/embed/0262385710778714,1.77778,https://thumbs.externulls.com/videos/262385710778714/48.jpg,Crew Begins Shift Without Preparing Happy Meal,687,1080p,2026-06-19,Neuro Amour,,AI-Generated"
"0876095626066886,https://beeg.link/-0876095626066886,<div style="position: relative; width: 100%; padding-top: calc(100% / (1920/1080) + 24px);"><iframe id="beeg-embed-iframe" src="" style="position: absolute; top: 0; left: 0; width: 100%; height: 100%;color-scheme: auto;background-color: transparent;" frameborder="0" allowfullscreen referrerpolicy="unsafe-url"></iframe><script>var embedUrl = "https://beeg.link/embed/0876095626066886?utm_campaign=LUX1058150401";var referrer = document.referrer;if (referrer && referrer.replace(/^https?:\/\//i, '').split(/[\/?#]/)[0] === window.location.host) {var sep = embedUrl.indexOf('?') === -1 ? '?' : '&';embedUrl = embedUrl + sep + 'utm_source=' + encodeURIComponent(referrer);}document.getElementById('beeg-embed-iframe').src = embedUrl;</script></div>,https://beeg.link/embed/0876095626066886,1.77778,https://thumbs.externulls.com/videos/876095626066886/100.jpg,Stepdaughters Birthday Request to Step Grandfather,611,1080p,2026-06-19,Mingle Here,,AI-Generated"
"0514599788248624,https://beeg.link/-0514599788248624,<div style="position: relative; width: 100%; padding-top: calc(100% / (1920/1080) + 24px);"><iframe id="beeg-embed-iframe" src="" style="position: absolute; top: 0; left: 0; width: 100%; height: 100%;color-scheme: auto;background-color: transparent;" frameborder="0" allowfullscreen referrerpolicy="unsafe-url"></iframe><script>var embedUrl = "https://beeg.link/embed/0514599788248624?utm_campaign=LUX1058150401";var referrer = document.referrer;if (referrer && referrer.replace(/^https?:\/\//i, '').split(/[\/?#]/)[0] === window.location.host) {var sep = embedUrl.indexOf('?') === -1 ? '?' : '&';embedUrl = embedUrl + sep + 'utm_source=' + encodeURIComponent(referrer);}document.getElementById('beeg-embed-iframe').src = embedUrl;</script></div>,https://beeg.link/embed/0514599788248624,1.77778,https://thumbs.externulls.com/videos/514599788248624/0.jpg,Bj, Fuck, Biggest Facial from Plasterer Matt,307,1080p,2026-06-16,,Brook Logan;Mr. Money Shot,Brunette;Blowjob;Small;Female Orgasm;British"
"0520049032591267,https://beeg.link/-0520049032591267,<div style="position: relative; width: 100%; padding-top: calc(100% / (1920/1080) + 24px);"><iframe id="beeg-embed-iframe" src="" style="position: absolute; top: 0; left: 0; width: 100%; height: 100%;color-scheme: auto;background-color: transparent;" frameborder="0" allowfullscreen referrerpolicy="unsafe-url"></iframe><script>var embedUrl = "https://beeg.link/embed/0520049032591267?utm_campaign=LUX1058150401";var referrer = document.referrer;if (referrer && referrer.replace(/^https?:\/\//i, '').split(/[\/?#]/)[0] === window.location.host) {var sep = embedUrl.indexOf('?') === -1 ? '?' : '&';embedUrl = embedUrl + sep + 'utm_source=' + encodeURIComponent(referrer);}document.getElementById('beeg-embed-iframe').src = embedUrl;</script></div>,https://beeg.link/embed/0520049032591267,1.77778,https://thumbs.externulls.com/videos/520049032591267/0.jpg,Outdoor Encounter with Oral and Facial Finish,655,1080p,2026-06-16,,Real Life Cucks;Brook Logan,Horny;British;Facial;Brunette;Cumshot;Blowjob;Female Orgasm"
"0330820800232780,https://beeg.link/-0330820800232780,<div style="position: relative; width: 100%; padding-top: calc(100% / (1920/1080) + 24px);"><iframe id="beeg-embed-iframe" src="" style="position: absolute; top: 0; left: 0; width: 100%; height: 100%;color-scheme: auto;background-color: transparent;" frameborder="0" allowfullscreen referrerpolicy="unsafe-url"></iframe><script>var embedUrl = "https://beeg.link/embed/0330820800232780?utm_campaign=LUX1058150401";var referrer = document.referrer;if (referrer && referrer.replace(/^https?:\/\//i, '').split(/[\/?#]/)[0] === window.location.host) {var sep = embedUrl.indexOf('?') === -1 ? '?' : '&';embedUrl = embedUrl + sep + 'utm_source=' + encodeURIComponent(referrer);}document.getElementById('beeg-embed-iframe').src = embedUrl;</script></div>,https://beeg.link/embed/0330820800232780,1.77778,https://thumbs.externulls.com/videos/330820800232780/0.jpg,Creampied in the Office by Danny D,1079,1080p,2026-06-16,,Brook Logan;Danny D,Brunette;Female Orgasm;Big;British"
"0263474258752312,https://beeg.link/-0263474258752312,<div style="position: relative; width: 100%; padding-top: calc(100% / (1920/1080) + 24px);"><iframe id="beeg-embed-iframe" src="" style="position: absolute; top: 0; left: 0; width: 100%; height: 100%;color-scheme: auto;background-color: transparent;" frameborder="0" allowfullscreen referrerpolicy="unsafe-url"></iframe><script>var embedUrl = "https://beeg.link/embed/0263474258752312?utm_campaign=LUX1058150401";var referrer = document.referrer;if (referrer && referrer.replace(/^https?:\/\//i, '').split(/[\/?#]/)[0] === window.location.host) {var sep = embedUrl.indexOf('?') === -1 ? '?' : '&';embedUrl = embedUrl + sep + 'utm_source=' + encodeURIComponent(referrer);}document.getElementById('beeg-embed-iframe').src = embedUrl;</script></div>,https://beeg.link/embed/0263474258752312,1.77778,https://thumbs.externulls.com/videos/263474258752312/0.jpg,First Camping Trip to the Alaska Wilderness,736,1080p,2026-06-15,,Sparks Go Wild,Babe;Exclusive;Celebrity;Blonde"
"0932971801906868,https://beeg.link/-0932971801906868,<div style="position: relative; width: 100%; padding-top: calc(100% / (1920/1080) + 24px);"><iframe id="beeg-embed-iframe" src="" style="position: absolute; top: 0; left: 0; width: 100%; height: 100%;color-scheme: auto;background-color: transparent;" frameborder="0" allowfullscreen referrerpolicy="unsafe-url"></iframe><script>var embedUrl = "https://beeg.link/embed/0932971801906868?utm_campaign=LUX1058150401";var referrer = document.referrer;if (referrer && referrer.replace(/^https?:\/\//i, '').split(/[\/?#]/)[0] === window.location.host) {var sep = embedUrl.indexOf('?') === -1 ? '?' : '&';embedUrl = embedUrl + sep + 'utm_source=' + encodeURIComponent(referrer);}document.getElementById('beeg-embed-iframe').src = embedUrl;</script></div>,https://beeg.link/embed/0932971801906868,1.77778,https://thumbs.externulls.com/videos/932971801906868/0.jpg,Fucking and Sucking at the Meadow,648,1080p,2026-06-15,,Sparks Go Wild,Blowjob;Exclusive;Babe;Hardcore;Female Orgasm;Big;Cumshot"
"0744397051995772,https://beeg.link/-0744397051995772,<div style="position: relative; width: 100%; padding-top: calc(100% / (1920/1080) + 24px);"><iframe id="beeg-embed-iframe" src="" style="position: absolute; top: 0; left: 0; width: 100%; height: 100%;color-scheme: auto;background-color: transparent;" frameborder="0" allowfullscreen referrerpolicy="unsafe-url"></iframe><script>var embedUrl = "https://beeg.link/embed/0744397051995772?utm_campaign=LUX1058150401";var referrer = document.referrer;if (referrer && referrer.replace(/^https?:\/\//i, '').split(/[\/?#]/)[0] === window.location.host) {var sep = embedUrl.indexOf('?') === -1 ? '?' : '&';embedUrl = embedUrl + sep + 'utm_source=' + encodeURIComponent(referrer);}document.getElementById('beeg-embed-iframe').src = embedUrl;</script></div>,https://beeg.link/embed/0744397051995772,1.77778,https://thumbs.externulls.com/videos/744397051995772/0.jpg,Foot Worship and Face Riding,945,1080p,2026-06-15,,Sparks Go Wild,Fetish;Exclusive;Female Orgasm"
"0128776833592926,https://beeg.link/-0128776833592926,<div style="position: relative; width: 100%; padding-top: calc(100% / (1920/1080) + 24px);"><iframe id="beeg-embed-iframe" src="" style="position: absolute; top: 0; left: 0; width: 100%; height: 100%;color-scheme: auto;background-color: transparent;" frameborder="0" allowfullscreen referrerpolicy="unsafe-url"></iframe><script>var embedUrl = "https://beeg.link/embed/0128776833592926?utm_campaign=LUX1058150401";var referrer = document.referrer;if (referrer && referrer.replace(/^https?:\/\//i, '').split(/[\/?#]/)[0] === window.location.host) {var sep = embedUrl.indexOf('?') === -1 ? '?' : '&';embedUrl = embedUrl + sep + 'utm_source=' + encodeURIComponent(referrer);}document.getElementById('beeg-embed-iframe').src = embedUrl;</script></div>,https://beeg.link/embed/0128776833592926,1.77778,https://thumbs.externulls.com/videos/128776833592926/0.jpg,Sex in the Hostel in Ecuador,574,1080p,2026-06-15,,Sparks Go Wild,Hardcore;Cumshot;Babe;Blonde;Exclusive;Pussy Licking;Blowjob"
"0937547342116968,https://beeg.link/-0937547342116968,<div style="position: relative; width: 100%; padding-top: calc(100% / (1920/1080) + 24px);"><iframe id="beeg-embed-iframe" src="" style="position: absolute; top: 0; left: 0; width: 100%; height: 100%;color-scheme: auto;background-color: transparent;" frameborder="0" allowfullscreen referrerpolicy="unsafe-url"></iframe><script>var embedUrl = "https://beeg.link/embed/0937547342116968?utm_campaign=LUX1058150401";var referrer = document.referrer;if (referrer && referrer.replace(/^https?:\/\//i, '').split(/[\/?#]/)[0] === window.location.host) {var sep = embedUrl.indexOf('?') === -1 ? '?' : '&';embedUrl = embedUrl + sep + 'utm_source=' + encodeURIComponent(referrer);}document.getElementById('beeg-embed-iframe').src = embedUrl;</script></div>,https://beeg.link/embed/0937547342116968,1.77778,https://thumbs.externulls.com/videos/937547342116968/0.jpg,Banging in the Desert Sexy Hiking and Fucking,1132,1080p,2026-06-15,,Sparks Go Wild,Exclusive;Public;Blowjob;Pussy Licking"
"0256604417308454,https://beeg.link/-0256604417308454,<div style="position: relative; width: 100%; padding-top: calc(100% / (1920/1080) + 24px);"><iframe id="beeg-embed-iframe" src="" style="position: absolute; top: 0; left: 0; width: 100%; height: 100%;color-scheme: auto;background-color: transparent;" frameborder="0" allowfullscreen referrerpolicy="unsafe-url"></iframe><script>var embedUrl = "https://beeg.link/embed/0256604417308454?utm_campaign=LUX1058150401";var referrer = document.referrer;if (referrer && referrer.replace(/^https?:\/\//i, '').split(/[\/?#]/)[0] === window.location.host) {var sep = embedUrl.indexOf('?') === -1 ? '?' : '&';embedUrl = embedUrl + sep + 'utm_source=' + encodeURIComponent(referrer);}document.getElementById('beeg-embed-iframe').src = embedUrl;</script></div>,https://beeg.link/embed/0256604417308454,1.77778,https://thumbs.externulls.com/videos/256604417308454/0.jpg,Married Couple Prefers to Fuck Outdoors for Fun! Creampie,603,1080p,2026-06-15,,Sparks Go Wild,Blowjob;Creampie;Exclusive;Reality;Female Orgasm"
"0249241657367522,https://beeg.link/-0249241657367522,<div style="position: relative; width: 100%; padding-top: calc(100% / (1920/1080) + 24px);"><iframe id="beeg-embed-iframe" src="" style="position: absolute; top: 0; left: 0; width: 100%; height: 100%;color-scheme: auto;background-color: transparent;" frameborder="0" allowfullscreen referrerpolicy="unsafe-url"></iframe><script>var embedUrl = "https://beeg.link/embed/0249241657367522?utm_campaign=LUX1058150401";var referrer = document.referrer;if (referrer && referrer.replace(/^https?:\/\//i, '').split(/[\/?#]/)[0] === window.location.host) {var sep = embedUrl.indexOf('?') === -1 ? '?' : '&';embedUrl = embedUrl + sep + 'utm_source=' + encodeURIComponent(referrer);}document.getElementById('beeg-embed-iframe').src = embedUrl;</script></div>,https://beeg.link/embed/0249241657367522,1.77778,https://thumbs.externulls.com/videos/249241657367522/0.jpg,Fucking in the Cabin!,534,1080p,2026-06-15,,Sparks Go Wild,Blonde;Big;Creampie;Exclusive;Female Orgasm"
"0247840183234469,https://beeg.link/-0247840183234469,<div style="position: relative; width: 100%; padding-top: calc(100% / (1920/1080) + 24px);"><iframe id="beeg-embed-iframe" src="" style="position: absolute; top: 0; left: 0; width: 100%; height: 100%;color-scheme: auto;background-color: transparent;" frameborder="0" allowfullscreen referrerpolicy="unsafe-url"></iframe><script>var embedUrl = "https://beeg.link/embed/0247840183234469?utm_campaign=LUX1058150401";var referrer = document.referrer;if (referrer && referrer.replace(/^https?:\/\//i, '').split(/[\/?#]/)[0] === window.location.host) {var sep = embedUrl.indexOf('?') === -1 ? '?' : '&';embedUrl = embedUrl + sep + 'utm_source=' + encodeURIComponent(referrer);}document.getElementById('beeg-embed-iframe').src = embedUrl;</script></div>,https://beeg.link/embed/0247840183234469,1.77778,https://thumbs.externulls.com/videos/247840183234469/0.jpg,Getting Caught Fucking in the Jungle,704,1080p,2026-06-15,,Sparks Go Wild,Cumshot;Big;Handjob;Public;Exclusive;Blowjob"
"0242516418286784,https://beeg.link/-0242516418286784,<div style="position: relative; width: 100%; padding-top: calc(100% / (1920/1080) + 24px);"><iframe id="beeg-embed-iframe" src="" style="position: absolute; top: 0; left: 0; width: 100%; height: 100%;color-scheme: auto;background-color: transparent;" frameborder="0" allowfullscreen referrerpolicy="unsafe-url"></iframe><script>var embedUrl = "https://beeg.link/embed/0242516418286784?utm_campaign=LUX1058150401";var referrer = document.referrer;if (referrer && referrer.replace(/^https?:\/\//i, '').split(/[\/?#]/)[0] === window.location.host) {var sep = embedUrl.indexOf('?') === -1 ? '?' : '&';embedUrl = embedUrl + sep + 'utm_source=' + encodeURIComponent(referrer);}document.getElementById('beeg-embed-iframe').src = embedUrl;</script></div>,https://beeg.link/embed/0242516418286784,1.77778,https://thumbs.externulls.com/videos/242516418286784/0.jpg,Miss Stacy gets an Eiffel Tower,312,1080p,2026-06-15,,Sparks Go Wild,Handjob;Cumshot;Blowjob;Exclusive"
"0771916445505169,https://beeg.link/-0771916445505169,<div style="position: relative; width: 100%; padding-top: calc(100% / (1920/1080) + 24px);"><iframe id="beeg-embed-iframe" src="" style="position: absolute; top: 0; left: 0; width: 100%; height: 100%;color-scheme: auto;background-color: transparent;" frameborder="0" allowfullscreen referrerpolicy="unsafe-url"></iframe><script>var embedUrl = "https://beeg.link/embed/0771916445505169?utm_campaign=LUX1058150401";var referrer = document.referrer;if (referrer && referrer.replace(/^https?:\/\//i, '').split(/[\/?#]/)[0] === window.location.host) {var sep = embedUrl.indexOf('?') === -1 ? '?' : '&';embedUrl = embedUrl + sep + 'utm_source=' + encodeURIComponent(referrer);}document.getElementById('beeg-embed-iframe').src = embedUrl;</script></div>,https://beeg.link/embed/0771916445505169,1.77778,https://thumbs.externulls.com/videos/771916445505169/0.jpg,Hiking and Fucking in Narnia!,1005,1080p,2026-06-15,,Sparks Go Wild,Babe;Cumshot;Blowjob;Female Orgasm;Exclusive"
"0719368757773041,https://beeg.link/-0719368757773041,<div style="position: relative; width: 100%; padding-top: calc(100% / (1920/1080) + 24px);"><iframe id="beeg-embed-iframe" src="" style="position: absolute; top: 0; left: 0; width: 100%; height: 100%;color-scheme: auto;background-color: transparent;" frameborder="0" allowfullscreen referrerpolicy="unsafe-url"></iframe><script>var embedUrl = "https://beeg.link/embed/0719368757773041?utm_campaign=LUX1058150401";var referrer = document.referrer;if (referrer && referrer.replace(/^https?:\/\//i, '').split(/[\/?#]/)[0] === window.location.host) {var sep = embedUrl.indexOf('?') === -1 ? '?' : '&';embedUrl = embedUrl + sep + 'utm_source=' + encodeURIComponent(referrer);}document.getElementById('beeg-embed-iframe').src = embedUrl;</script></div>,https://beeg.link/embed/0719368757773041,1.77778,https://thumbs.externulls.com/videos/719368757773041/0.jpg,Fucking and Pegging in the Van in Public Parking Lot,745,1080p,2026-06-15,,Sparks Go Wild,Hardcore;Big;Exclusive"
"0230400431513984,https://beeg.link/-0230400431513984,<div style="position: relative; width: 100%; padding-top: calc(100% / (1920/1080) + 24px);"><iframe id="beeg-embed-iframe" src="" style="position: absolute; top: 0; left: 0; width: 100%; height: 100%;color-scheme: auto;background-color: transparent;" frameborder="0" allowfullscreen referrerpolicy="unsafe-url"></iframe><script>var embedUrl = "https://beeg.link/embed/0230400431513984?utm_campaign=LUX1058150401";var referrer = document.referrer;if (referrer && referrer.replace(/^https?:\/\//i, '').split(/[\/?#]/)[0] === window.location.host) {var sep = embedUrl.indexOf('?') === -1 ? '?' : '&';embedUrl = embedUrl + sep + 'utm_source=' + encodeURIComponent(referrer);}document.getElementById('beeg-embed-iframe').src = embedUrl;</script></div>,https://beeg.link/embed/0230400431513984,1.77778,https://thumbs.externulls.com/videos/230400431513984/0.jpg,Cowgirl Rides a Big Cock until She Cums Hard!,1088,1080p,2026-06-15,,Sparks Go Wild,Big;Big;Exclusive;POV;Babe"
"0778618718863700,https://beeg.link/-0778618718863700,<div style="position: relative; width: 100%; padding-top: calc(100% / (1920/1080) + 24px);"><iframe id="beeg-embed-iframe" src="" style="position: absolute; top: 0; left: 0; width: 100%; height: 100%;color-scheme: auto;background-color: transparent;" frameborder="0" allowfullscreen referrerpolicy="unsafe-url"></iframe><script>var embedUrl = "https://beeg.link/embed/0778618718863700?utm_campaign=LUX1058150401";var referrer = document.referrer;if (referrer && referrer.replace(/^https?:\/\//i, '').split(/[\/?#]/)[0] === window.location.host) {var sep = embedUrl.indexOf('?') === -1 ? '?' : '&';embedUrl = embedUrl + sep + 'utm_source=' + encodeURIComponent(referrer);}document.getElementById('beeg-embed-iframe').src = embedUrl;</script></div>,https://beeg.link/embed/0778618718863700,1.77778,https://thumbs.externulls.com/videos/778618718863700/0.jpg,Hot Blonde Pleasures Herself while Camping with a Rooftop Tent,437,1080p,2026-06-15,,Sparks Go Wild,Exclusive;Masturbation;Blonde;Big"
"0677183230731269,https://beeg.link/-0677183230731269,<div style="position: relative; width: 100%; padding-top: calc(100% / (1920/1080) + 24px);"><iframe id="beeg-embed-iframe" src="" style="position: absolute; top: 0; left: 0; width: 100%; height: 100%;color-scheme: auto;background-color: transparent;" frameborder="0" allowfullscreen referrerpolicy="unsafe-url"></iframe><script>var embedUrl = "https://beeg.link/embed/0677183230731269?utm_campaign=LUX1058150401";var referrer = document.referrer;if (referrer && referrer.replace(/^https?:\/\//i, '').split(/[\/?#]/)[0] === window.location.host) {var sep = embedUrl.indexOf('?') === -1 ? '?' : '&';embedUrl = embedUrl + sep + 'utm_source=' + encodeURIComponent(referrer);}document.getElementById('beeg-embed-iframe').src = embedUrl;</script></div>,https://beeg.link/embed/0677183230731269,1.77778,https://thumbs.externulls.com/videos/677183230731269/0.jpg,If if the Van is a Rockin' Don't Come a Knockin',598,1080p,2026-06-15,,Sparks Go Wild,Exclusive;Cumshot;Public;Blonde"
"0224297463207668,https://beeg.link/-0224297463207668,<div style="position: relative; width: 100%; padding-top: calc(100% / (1920/1080) + 24px);"><iframe id="beeg-embed-iframe" src="" style="position: absolute; top: 0; left: 0; width: 100%; height: 100%;color-scheme: auto;background-color: transparent;" frameborder="0" allowfullscreen referrerpolicy="unsafe-url"></iframe><script>var embedUrl = "https://beeg.link/embed/0224297463207668?utm_campaign=LUX1058150401";var referrer = document.referrer;if (referrer && referrer.replace(/^https?:\/\//i, '').split(/[\/?#]/)[0] === window.location.host) {var sep = embedUrl.indexOf('?') === -1 ? '?' : '&';embedUrl = embedUrl + sep + 'utm_source=' + encodeURIComponent(referrer);}document.getElementById('beeg-embed-iframe').src = embedUrl;</script></div>,https://beeg.link/embed/0224297463207668,1.77778,https://thumbs.externulls.com/videos/224297463207668/0.jpg,Father-in-Law Anal with Cuckold Husband,1679,1080p,2026-06-15,,Sasha Paige;Mr. Murkovski,Cuckold;Deepthroat;Face Fuck;Anal;Hardcore;Blowjob;Ass To Pussy"
"0213441837000991,https://beeg.link/-0213441837000991,<div style="position: relative; width: 100%; padding-top: calc(100% / (1920/1080) + 24px);"><iframe id="beeg-embed-iframe" src="" style="position: absolute; top: 0; left: 0; width: 100%; height: 100%;color-scheme: auto;background-color: transparent;" frameborder="0" allowfullscreen referrerpolicy="unsafe-url"></iframe><script>var embedUrl = "https://beeg.link/embed/0213441837000991?utm_campaign=LUX1058150401";var referrer = document.referrer;if (referrer && referrer.replace(/^https?:\/\//i, '').split(/[\/?#]/)[0] === window.location.host) {var sep = embedUrl.indexOf('?') === -1 ? '?' : '&';embedUrl = embedUrl + sep + 'utm_source=' + encodeURIComponent(referrer);}document.getElementById('beeg-embed-iframe').src = embedUrl;</script></div>,https://beeg.link/embed/0213441837000991,1.77778,https://thumbs.externulls.com/videos/213441837000991/0.jpg,The Kinky Interview - Episode 003 - Billie Invites Alexis,614,1080p,2026-06-15,Billie Star,Alexis Crystal;Billie Star,Big;Babe;Big;Czech;Hardcore;Natural;Face-Sitting;Intense;Anal;FFM"
"0212620781310532,https://beeg.link/-0212620781310532,<div style="position: relative; width: 100%; padding-top: calc(100% / (1920/1080) + 24px);"><iframe id="beeg-embed-iframe" src="" style="position: absolute; top: 0; left: 0; width: 100%; height: 100%;color-scheme: auto;background-color: transparent;" frameborder="0" allowfullscreen referrerpolicy="unsafe-url"></iframe><script>var embedUrl = "https://beeg.link/embed/0212620781310532?utm_campaign=LUX1058150401";var referrer = document.referrer;if (referrer && referrer.replace(/^https?:\/\//i, '').split(/[\/?#]/)[0] === window.location.host) {var sep = embedUrl.indexOf('?') === -1 ? '?' : '&';embedUrl = embedUrl + sep + 'utm_source=' + encodeURIComponent(referrer);}document.getElementById('beeg-embed-iframe').src = embedUrl;</script></div>,https://beeg.link/embed/0212620781310532,1.77778,https://thumbs.externulls.com/videos/212620781310532/0.jpg,Michigan Summer Fucking at the Lake,856,1080p,2026-06-15,,Sparks Go Wild,Handjob;POV;Public;Exclusive;Blowjob;Cumshot"
"0664912308636292,https://beeg.link/-0664912308636292,<div style="position: relative; width: 100%; padding-top: calc(100% / (1920/1080) + 24px);"><iframe id="beeg-embed-iframe" src="" style="position: absolute; top: 0; left: 0; width: 100%; height: 100%;color-scheme: auto;background-color: transparent;" frameborder="0" allowfullscreen referrerpolicy="unsafe-url"></iframe><script>var embedUrl = "https://beeg.link/embed/0664912308636292?utm_campaign=LUX1058150401";var referrer = document.referrer;if (referrer && referrer.replace(/^https?:\/\//i, '').split(/[\/?#]/)[0] === window.location.host) {var sep = embedUrl.indexOf('?') === -1 ? '?' : '&';embedUrl = embedUrl + sep + 'utm_source=' + encodeURIComponent(referrer);}document.getElementById('beeg-embed-iframe').src = embedUrl;</script></div>,https://beeg.link/embed/0664912308636292,1.77778,https://thumbs.externulls.com/videos/664912308636292/0.jpg,My Girlfriend Gave Me a Threesome as a Gift.,1727,1080p,2026-06-15,,Apollon XXX;Kvini Kim;Sasha Paige,Blonde;Blowjob"
"0211622139158091,https://beeg.link/-0211622139158091,<div style="position: relative; width: 100%; padding-top: calc(100% / (1920/1080) + 24px);"><iframe id="beeg-embed-iframe" src="" style="position: absolute; top: 0; left: 0; width: 100%; height: 100%;color-scheme: auto;background-color: transparent;" frameborder="0" allowfullscreen referrerpolicy="unsafe-url"></iframe><script>var embedUrl = "https://beeg.link/embed/0211622139158091?utm_campaign=LUX1058150401";var referrer = document.referrer;if (referrer && referrer.replace(/^https?:\/\//i, '').split(/[\/?#]/)[0] === window.location.host) {var sep = embedUrl.indexOf('?') === -1 ? '?' : '&';embedUrl = embedUrl + sep + 'utm_source=' + encodeURIComponent(referrer);}document.getElementById('beeg-embed-iframe').src = embedUrl;</script></div>,https://beeg.link/embed/0211622139158091,1.77778,https://thumbs.externulls.com/videos/211622139158091/0.jpg,Fucking in the Jungle River,845,1080p,2026-06-15,,Sparks Go Wild,Blowjob;Cumshot;Exclusive;Public"
"0658712467094086,https://beeg.link/-0658712467094086,<div style="position: relative; width: 100%; padding-top: calc(100% / (1920/1080) + 24px);"><iframe id="beeg-embed-iframe" src="" style="position: absolute; top: 0; left: 0; width: 100%; height: 100%;color-scheme: auto;background-color: transparent;" frameborder="0" allowfullscreen referrerpolicy="unsafe-url"></iframe><script>var embedUrl = "https://beeg.link/embed/0658712467094086?utm_campaign=LUX1058150401";var referrer = document.referrer;if (referrer && referrer.replace(/^https?:\/\//i, '').split(/[\/?#]/)[0] === window.location.host) {var sep = embedUrl.indexOf('?') === -1 ? '?' : '&';embedUrl = embedUrl + sep + 'utm_source=' + encodeURIComponent(referrer);}document.getElementById('beeg-embed-iframe').src = embedUrl;</script></div>,https://beeg.link/embed/0658712467094086,1.77778,https://thumbs.externulls.com/videos/658712467094086/0.jpg,Watermelon Threesome with Evie in the Lady Layer,1438,1080p,2026-06-15,,Sparks Go Wild,Exclusive;Hardcore;Big;Blowjob;Blonde;Handjob"
"0660955879323863,https://beeg.link/-0660955879323863,<div style="position: relative; width: 100%; padding-top: calc(100% / (1920/1080) + 24px);"><iframe id="beeg-embed-iframe" src="" style="position: absolute; top: 0; left: 0; width: 100%; height: 100%;color-scheme: auto;background-color: transparent;" frameborder="0" allowfullscreen referrerpolicy="unsafe-url"></iframe><script>var embedUrl = "https://beeg.link/embed/0660955879323863?utm_campaign=LUX1058150401";var referrer = document.referrer;if (referrer && referrer.replace(/^https?:\/\//i, '').split(/[\/?#]/)[0] === window.location.host) {var sep = embedUrl.indexOf('?') === -1 ? '?' : '&';embedUrl = embedUrl + sep + 'utm_source=' + encodeURIComponent(referrer);}document.getElementById('beeg-embed-iframe').src = embedUrl;</script></div>,https://beeg.link/embed/0660955879323863,1.77778,https://thumbs.externulls.com/videos/660955879323863/0.jpg,Cowgirl Rides a Big Cock while Camping in Alaska,1458,1080p,2026-06-15,,Sparks Go Wild,Big;Exclusive;Public;Cumshot;Babe"
"0819815346409632,https://beeg.link/-0819815346409632,<div style="position: relative; width: 100%; padding-top: calc(100% / (1920/1080) + 24px);"><iframe id="beeg-embed-iframe" src="" style="position: absolute; top: 0; left: 0; width: 100%; height: 100%;color-scheme: auto;background-color: transparent;" frameborder="0" allowfullscreen referrerpolicy="unsafe-url"></iframe><script>var embedUrl = "https://beeg.link/embed/0819815346409632?utm_campaign=LUX1058150401";var referrer = document.referrer;if (referrer && referrer.replace(/^https?:\/\//i, '').split(/[\/?#]/)[0] === window.location.host) {var sep = embedUrl.indexOf('?') === -1 ? '?' : '&';embedUrl = embedUrl + sep + 'utm_source=' + encodeURIComponent(referrer);}document.getElementById('beeg-embed-iframe').src = embedUrl;</script></div>,https://beeg.link/embed/0819815346409632,1.77778,https://thumbs.externulls.com/videos/819815346409632/0.jpg,Fucking and Sucking in the Valley of Fire,578,1080p,2026-06-15,,Sparks Go Wild,Cumshot;Exclusive;POV;Babe"
"0606626956596927,https://beeg.link/-0606626956596927,<div style="position: relative; width: 100%; padding-top: calc(100% / (1920/1080) + 24px);"><iframe id="beeg-embed-iframe" src="" style="position: absolute; top: 0; left: 0; width: 100%; height: 100%;color-scheme: auto;background-color: transparent;" frameborder="0" allowfullscreen referrerpolicy="unsafe-url"></iframe><script>var embedUrl = "https://beeg.link/embed/0606626956596927?utm_campaign=LUX1058150401";var referrer = document.referrer;if (referrer && referrer.replace(/^https?:\/\//i, '').split(/[\/?#]/)[0] === window.location.host) {var sep = embedUrl.indexOf('?') === -1 ? '?' : '&';embedUrl = embedUrl + sep + 'utm_source=' + encodeURIComponent(referrer);}document.getElementById('beeg-embed-iframe').src = embedUrl;</script></div>,https://beeg.link/embed/0606626956596927,1.77778,https://thumbs.externulls.com/videos/606626956596927/0.jpg,Camping Sex in the Hammock. Outdoor Public,687,1080p,2026-06-15,,Sparks Go Wild,Exclusive;Big;Public;Cumshot;Romantic"
"0821692331857391,https://beeg.link/-0821692331857391,<div style="position: relative; width: 100%; padding-top: calc(100% / (1920/1080) + 24px);"><iframe id="beeg-embed-iframe" src="" style="position: absolute; top: 0; left: 0; width: 100%; height: 100%;color-scheme: auto;background-color: transparent;" frameborder="0" allowfullscreen referrerpolicy="unsafe-url"></iframe><script>var embedUrl = "https://beeg.link/embed/0821692331857391?utm_campaign=LUX1058150401";var referrer = document.referrer;if (referrer && referrer.replace(/^https?:\/\//i, '').split(/[\/?#]/)[0] === window.location.host) {var sep = embedUrl.indexOf('?') === -1 ? '?' : '&';embedUrl = embedUrl + sep + 'utm_source=' + encodeURIComponent(referrer);}document.getElementById('beeg-embed-iframe').src = embedUrl;</script></div>,https://beeg.link/embed/0821692331857391,1.77778,https://thumbs.externulls.com/videos/821692331857391/0.jpg,Sex on a Paddle Board,608,1080p,2026-06-15,,Sparks Go Wild,Cumshot;Public;Exclusive;Blonde;Big"
"0594556938997305,https://beeg.link/-0594556938997305,<div style="position: relative; width: 100%; padding-top: calc(100% / (1920/1080) + 24px);"><iframe id="beeg-embed-iframe" src="" style="position: absolute; top: 0; left: 0; width: 100%; height: 100%;color-scheme: auto;background-color: transparent;" frameborder="0" allowfullscreen referrerpolicy="unsafe-url"></iframe><script>var embedUrl = "https://beeg.link/embed/0594556938997305?utm_campaign=LUX1058150401";var referrer = document.referrer;if (referrer && referrer.replace(/^https?:\/\//i, '').split(/[\/?#]/)[0] === window.location.host) {var sep = embedUrl.indexOf('?') === -1 ? '?' : '&';embedUrl = embedUrl + sep + 'utm_source=' + encodeURIComponent(referrer);}document.getElementById('beeg-embed-iframe').src = embedUrl;</script></div>,https://beeg.link/embed/0594556938997305,1.77778,https://thumbs.externulls.com/videos/594556938997305/0.jpg,Shane and Evie Explore and Fuck in Slab City,738,1080p,2026-06-15,,Sparks Go Wild,Exclusive;Brunette;Blowjob;Handjob;Public;Babe"
"0588759160728582,https://beeg.link/-0588759160728582,<div style="position: relative; width: 100%; padding-top: calc(100% / (1920/1080) + 24px);"><iframe id="beeg-embed-iframe" src="" style="position: absolute; top: 0; left: 0; width: 100%; height: 100%;color-scheme: auto;background-color: transparent;" frameborder="0" allowfullscreen referrerpolicy="unsafe-url"></iframe><script>var embedUrl = "https://beeg.link/embed/0588759160728582?utm_campaign=LUX1058150401";var referrer = document.referrer;if (referrer && referrer.replace(/^https?:\/\//i, '').split(/[\/?#]/)[0] === window.location.host) {var sep = embedUrl.indexOf('?') === -1 ? '?' : '&';embedUrl = embedUrl + sep + 'utm_source=' + encodeURIComponent(referrer);}document.getElementById('beeg-embed-iframe').src = embedUrl;</script></div>,https://beeg.link/embed/0588759160728582,1.77778,https://thumbs.externulls.com/videos/588759160728582/0.jpg,Outdoor Sex Close Call in Canyon,398,1080p,2026-06-15,,Sparks Go Wild,Handjob;Blowjob;Exclusive;Big;Real Couple;Outdoor;Public;Topless;Vintage"
"0828631265564418,https://beeg.link/-0828631265564418,<div style="position: relative; width: 100%; padding-top: calc(100% / (1920/1080) + 24px);"><iframe id="beeg-embed-iframe" src="" style="position: absolute; top: 0; left: 0; width: 100%; height: 100%;color-scheme: auto;background-color: transparent;" frameborder="0" allowfullscreen referrerpolicy="unsafe-url"></iframe><script>var embedUrl = "https://beeg.link/embed/0828631265564418?utm_campaign=LUX1058150401";var referrer = document.referrer;if (referrer && referrer.replace(/^https?:\/\//i, '').split(/[\/?#]/)[0] === window.location.host) {var sep = embedUrl.indexOf('?') === -1 ? '?' : '&';embedUrl = embedUrl + sep + 'utm_source=' + encodeURIComponent(referrer);}document.getElementById('beeg-embed-iframe').src = embedUrl;</script></div>,https://beeg.link/embed/0828631265564418,1.77778,https://thumbs.externulls.com/videos/828631265564418/0.jpg,Miss Stacy Makes a Juice while Naked!,546,1080p,2026-06-15,,Sparks Go Wild,Exclusive;Fetish;Big"
"0576597889348215,https://beeg.link/-0576597889348215,<div style="position: relative; width: 100%; padding-top: calc(100% / (1920/1080) + 24px);"><iframe id="beeg-embed-iframe" src="" style="position: absolute; top: 0; left: 0; width: 100%; height: 100%;color-scheme: auto;background-color: transparent;" frameborder="0" allowfullscreen referrerpolicy="unsafe-url"></iframe><script>var embedUrl = "https://beeg.link/embed/0576597889348215?utm_campaign=LUX1058150401";var referrer = document.referrer;if (referrer && referrer.replace(/^https?:\/\//i, '').split(/[\/?#]/)[0] === window.location.host) {var sep = embedUrl.indexOf('?') === -1 ? '?' : '&';embedUrl = embedUrl + sep + 'utm_source=' + encodeURIComponent(referrer);}document.getElementById('beeg-embed-iframe').src = embedUrl;</script></div>,https://beeg.link/embed/0576597889348215,1.77778,https://thumbs.externulls.com/videos/576597889348215/0.jpg,Riding Dick in the all New 2nd Gen Lady Layer!,656,1080p,2026-06-15,,Sparks Go Wild,Big;POV;Female Orgasm;Exclusive"
"0566824147639590,https://beeg.link/-0566824147639590,<div style="position: relative; width: 100%; padding-top: calc(100% / (1920/1080) + 24px);"><iframe id="beeg-embed-iframe" src="" style="position: absolute; top: 0; left: 0; width: 100%; height: 100%;color-scheme: auto;background-color: transparent;" frameborder="0" allowfullscreen referrerpolicy="unsafe-url"></iframe><script>var embedUrl = "https://beeg.link/embed/0566824147639590?utm_campaign=LUX1058150401";var referrer = document.referrer;if (referrer && referrer.replace(/^https?:\/\//i, '').split(/[\/?#]/)[0] === window.location.host) {var sep = embedUrl.indexOf('?') === -1 ? '?' : '&';embedUrl = embedUrl + sep + 'utm_source=' + encodeURIComponent(referrer);}document.getElementById('beeg-embed-iframe').src = embedUrl;</script></div>,https://beeg.link/embed/0566824147639590,1.77778,https://thumbs.externulls.com/videos/566824147639590/0.jpg,Fucking on the Hood of the Volkswagen Rabbit. Naked at the Springs,1194,1080p,2026-06-15,,Sparks Go Wild,Public;Exclusive;Babe;Hardcore;Big"
"0560652819888734,https://beeg.link/-0560652819888734,<div style="position: relative; width: 100%; padding-top: calc(100% / (1920/1080) + 24px);"><iframe id="beeg-embed-iframe" src="" style="position: absolute; top: 0; left: 0; width: 100%; height: 100%;color-scheme: auto;background-color: transparent;" frameborder="0" allowfullscreen referrerpolicy="unsafe-url"></iframe><script>var embedUrl = "https://beeg.link/embed/0560652819888734?utm_campaign=LUX1058150401";var referrer = document.referrer;if (referrer && referrer.replace(/^https?:\/\//i, '').split(/[\/?#]/)[0] === window.location.host) {var sep = embedUrl.indexOf('?') === -1 ? '?' : '&';embedUrl = embedUrl + sep + 'utm_source=' + encodeURIComponent(referrer);}document.getElementById('beeg-embed-iframe').src = embedUrl;</script></div>,https://beeg.link/embed/0560652819888734,1.77778,https://thumbs.externulls.com/videos/560652819888734/0.jpg,Sex in Thongs Private Lake in Alaska,366,1080p,2026-06-15,,Sparks Go Wild,Big;Exclusive;Pussy Licking;Reality;Blowjob;Cumshot"
"0841235985712610,https://beeg.link/-0841235985712610,<div style="position: relative; width: 100%; padding-top: calc(100% / (1920/1080) + 24px);"><iframe id="beeg-embed-iframe" src="" style="position: absolute; top: 0; left: 0; width: 100%; height: 100%;color-scheme: auto;background-color: transparent;" frameborder="0" allowfullscreen referrerpolicy="unsafe-url"></iframe><script>var embedUrl = "https://beeg.link/embed/0841235985712610?utm_campaign=LUX1058150401";var referrer = document.referrer;if (referrer && referrer.replace(/^https?:\/\//i, '').split(/[\/?#]/)[0] === window.location.host) {var sep = embedUrl.indexOf('?') === -1 ? '?' : '&';embedUrl = embedUrl + sep + 'utm_source=' + encodeURIComponent(referrer);}document.getElementById('beeg-embed-iframe').src = embedUrl;</script></div>,https://beeg.link/embed/0841235985712610,1.77778,https://thumbs.externulls.com/videos/841235985712610/0.jpg,Hiking and Fucking in Thongs in Public Lake Mead,1206,1080p,2026-06-15,,Sparks Go Wild,Pussy Licking;Blowjob;Cumshot;Blonde;Exclusive;Public"
"0551842497188281,https://beeg.link/-0551842497188281,<div style="position: relative; width: 100%; padding-top: calc(100% / (1920/1080) + 24px);"><iframe id="beeg-embed-iframe" src="" style="position: absolute; top: 0; left: 0; width: 100%; height: 100%;color-scheme: auto;background-color: transparent;" frameborder="0" allowfullscreen referrerpolicy="unsafe-url"></iframe><script>var embedUrl = "https://beeg.link/embed/0551842497188281?utm_campaign=LUX1058150401";var referrer = document.referrer;if (referrer && referrer.replace(/^https?:\/\//i, '').split(/[\/?#]/)[0] === window.location.host) {var sep = embedUrl.indexOf('?') === -1 ? '?' : '&';embedUrl = embedUrl + sep + 'utm_source=' + encodeURIComponent(referrer);}document.getElementById('beeg-embed-iframe').src = embedUrl;</script></div>,https://beeg.link/embed/0551842497188281,1.77778,https://thumbs.externulls.com/videos/551842497188281/0.jpg,Blowjob on the Point Montaita Ecuador,723,1080p,2026-06-15,,Sparks Go Wild,Hardcore;Blowjob;Cumshot;Exclusive;Public"
"0549026636764002,https://beeg.link/-0549026636764002,<div style="position: relative; width: 100%; padding-top: calc(100% / (1920/1080) + 24px);"><iframe id="beeg-embed-iframe" src="" style="position: absolute; top: 0; left: 0; width: 100%; height: 100%;color-scheme: auto;background-color: transparent;" frameborder="0" allowfullscreen referrerpolicy="unsafe-url"></iframe><script>var embedUrl = "https://beeg.link/embed/0549026636764002?utm_campaign=LUX1058150401";var referrer = document.referrer;if (referrer && referrer.replace(/^https?:\/\//i, '').split(/[\/?#]/)[0] === window.location.host) {var sep = embedUrl.indexOf('?') === -1 ? '?' : '&';embedUrl = embedUrl + sep + 'utm_source=' + encodeURIComponent(referrer);}document.getElementById('beeg-embed-iframe').src = embedUrl;</script></div>,https://beeg.link/embed/0549026636764002,1.77778,https://thumbs.externulls.com/videos/549026636764002/0.jpg,Camping and Thonging in Public! Sex while Camping Van Life Windy Day!,842,1080p,2026-06-15,,Sparks Go Wild,Blowjob;Fetish;Exclusive;Reality"
"0548625490795686,https://beeg.link/-0548625490795686,<div style="position: relative; width: 100%; padding-top: calc(100% / (1920/1080) + 24px);"><iframe id="beeg-embed-iframe" src="" style="position: absolute; top: 0; left: 0; width: 100%; height: 100%;color-scheme: auto;background-color: transparent;" frameborder="0" allowfullscreen referrerpolicy="unsafe-url"></iframe><script>var embedUrl = "https://beeg.link/embed/0548625490795686?utm_campaign=LUX1058150401";var referrer = document.referrer;if (referrer && referrer.replace(/^https?:\/\//i, '').split(/[\/?#]/)[0] === window.location.host) {var sep = embedUrl.indexOf('?') === -1 ? '?' : '&';embedUrl = embedUrl + sep + 'utm_source=' + encodeURIComponent(referrer);}document.getElementById('beeg-embed-iframe').src = embedUrl;</script></div>,https://beeg.link/embed/0548625490795686,1.77778,https://thumbs.externulls.com/videos/548625490795686/0.jpg,Shower Sex at the Campground,354,1080p,2026-06-15,,Sparks Go Wild,Hardcore;Exclusive;Reality;Big"
"0965503843809404,https://beeg.link/-0965503843809404,<div style="position: relative; width: 100%; padding-top: calc(100% / (1920/1080) + 24px);"><iframe id="beeg-embed-iframe" src="" style="position: absolute; top: 0; left: 0; width: 100%; height: 100%;color-scheme: auto;background-color: transparent;" frameborder="0" allowfullscreen referrerpolicy="unsafe-url"></iframe><script>var embedUrl = "https://beeg.link/embed/0965503843809404?utm_campaign=LUX1058150401";var referrer = document.referrer;if (referrer && referrer.replace(/^https?:\/\//i, '').split(/[\/?#]/)[0] === window.location.host) {var sep = embedUrl.indexOf('?') === -1 ? '?' : '&';embedUrl = embedUrl + sep + 'utm_source=' + encodeURIComponent(referrer);}document.getElementById('beeg-embed-iframe').src = embedUrl;</script></div>,https://beeg.link/embed/0965503843809404,1.77778,https://thumbs.externulls.com/videos/965503843809404/0.jpg,First Threesome with Evie Part 2,1241,1080p,2026-06-15,,Sparks Go Wild,Lesbian;Bisexual;Big;Blowjob;Reality;3some;POV;Double Blowjob;Exclusive;Missionary;Hotel"
"0848158489332501,https://beeg.link/-0848158489332501,<div style="position: relative; width: 100%; padding-top: calc(100% / (1920/1080) + 24px);"><iframe id="beeg-embed-iframe" src="" style="position: absolute; top: 0; left: 0; width: 100%; height: 100%;color-scheme: auto;background-color: transparent;" frameborder="0" allowfullscreen referrerpolicy="unsafe-url"></iframe><script>var embedUrl = "https://beeg.link/embed/0848158489332501?utm_campaign=LUX1058150401";var referrer = document.referrer;if (referrer && referrer.replace(/^https?:\/\//i, '').split(/[\/?#]/)[0] === window.location.host) {var sep = embedUrl.indexOf('?') === -1 ? '?' : '&';embedUrl = embedUrl + sep + 'utm_source=' + encodeURIComponent(referrer);}document.getElementById('beeg-embed-iframe').src = embedUrl;</script></div>,https://beeg.link/embed/0848158489332501,1.77778,https://thumbs.externulls.com/videos/848158489332501/0.jpg,Camping with the Sparks. Fucking on the Lady Layer,723,1080p,2026-06-15,,Sparks Go Wild,Public;Cumshot;Exclusive"
"0533266865320383,https://beeg.link/-0533266865320383,<div style="position: relative; width: 100%; padding-top: calc(100% / (1920/1080) + 24px);"><iframe id="beeg-embed-iframe" src="" style="position: absolute; top: 0; left: 0; width: 100%; height: 100%;color-scheme: auto;background-color: transparent;" frameborder="0" allowfullscreen referrerpolicy="unsafe-url"></iframe><script>var embedUrl = "https://beeg.link/embed/0533266865320383?utm_campaign=LUX1058150401";var referrer = document.referrer;if (referrer && referrer.replace(/^https?:\/\//i, '').split(/[\/?#]/)[0] === window.location.host) {var sep = embedUrl.indexOf('?') === -1 ? '?' : '&';embedUrl = embedUrl + sep + 'utm_source=' + encodeURIComponent(referrer);}document.getElementById('beeg-embed-iframe').src = embedUrl;</script></div>,https://beeg.link/embed/0533266865320383,1.77778,https://thumbs.externulls.com/videos/533266865320383/0.jpg,Threesome in the Lions Den,874,1080p,2026-06-15,,Sparks Go Wild,Big;Big;Blowjob;Reality;Exclusive"
"0521096524855408,https://beeg.link/-0521096524855408,<div style="position: relative; width: 100%; padding-top: calc(100% / (1910/1080) + 24px);"><iframe id="beeg-embed-iframe" src="" style="position: absolute; top: 0; left: 0; width: 100%; height: 100%;color-scheme: auto;background-color: transparent;" frameborder="0" allowfullscreen referrerpolicy="unsafe-url"></iframe><script>var embedUrl = "https://beeg.link/embed/0521096524855408?utm_campaign=LUX1058150401";var referrer = document.referrer;if (referrer && referrer.replace(/^https?:\/\//i, '').split(/[\/?#]/)[0] === window.location.host) {var sep = embedUrl.indexOf('?') === -1 ? '?' : '&';embedUrl = embedUrl + sep + 'utm_source=' + encodeURIComponent(referrer);}document.getElementById('beeg-embed-iframe').src = embedUrl;</script></div>,https://beeg.link/embed/0521096524855408,1.76852,https://thumbs.externulls.com/videos/521096524855408/0.jpg,Mission Save the Dragonfly! Freaky Fun in the Hot Tub!,326,1080p,2026-06-15,,Sparks Go Wild,Big;Exclusive;Blonde;Public"
"0967069076637443,https://beeg.link/-0967069076637443,<div style="position: relative; width: 100%; padding-top: calc(100% / (1920/1080) + 24px);"><iframe id="beeg-embed-iframe" src="" style="position: absolute; top: 0; left: 0; width: 100%; height: 100%;color-scheme: auto;background-color: transparent;" frameborder="0" allowfullscreen referrerpolicy="unsafe-url"></iframe><script>var embedUrl = "https://beeg.link/embed/0967069076637443?utm_campaign=LUX1058150401";var referrer = document.referrer;if (referrer && referrer.replace(/^https?:\/\//i, '').split(/[\/?#]/)[0] === window.location.host) {var sep = embedUrl.indexOf('?') === -1 ? '?' : '&';embedUrl = embedUrl + sep + 'utm_source=' + encodeURIComponent(referrer);}document.getElementById('beeg-embed-iframe').src = embedUrl;</script></div>,https://beeg.link/embed/0967069076637443,1.77778,https://thumbs.externulls.com/videos/967069076637443/0.jpg,The Sparks are Back in Las Vegas!,1096,1080p,2026-06-15,,Sparks Go Wild,Blonde;Cumshot;Exclusive;Reality;Blowjob;Hardcore"
"0516698808298402,https://beeg.link/-0516698808298402,<div style="position: relative; width: 100%; padding-top: calc(100% / (1920/1080) + 24px);"><iframe id="beeg-embed-iframe" src="" style="position: absolute; top: 0; left: 0; width: 100%; height: 100%;color-scheme: auto;background-color: transparent;" frameborder="0" allowfullscreen referrerpolicy="unsafe-url"></iframe><script>var embedUrl = "https://beeg.link/embed/0516698808298402?utm_campaign=LUX1058150401";var referrer = document.referrer;if (referrer && referrer.replace(/^https?:\/\//i, '').split(/[\/?#]/)[0] === window.location.host) {var sep = embedUrl.indexOf('?') === -1 ? '?' : '&';embedUrl = embedUrl + sep + 'utm_source=' + encodeURIComponent(referrer);}document.getElementById('beeg-embed-iframe').src = embedUrl;</script></div>,https://beeg.link/embed/0516698808298402,1.77778,https://thumbs.externulls.com/videos/516698808298402/0.jpg,Unboxing and Fucking a Tantaly Sex Doll,1251,1080p,2026-06-15,,Sparks Go Wild,Fetish;Cumshot;Exclusive;Massage"
"0865073226564637,https://beeg.link/-0865073226564637,<div style="position: relative; width: 100%; padding-top: calc(100% / (1920/1080) + 24px);"><iframe id="beeg-embed-iframe" src="" style="position: absolute; top: 0; left: 0; width: 100%; height: 100%;color-scheme: auto;background-color: transparent;" frameborder="0" allowfullscreen referrerpolicy="unsafe-url"></iframe><script>var embedUrl = "https://beeg.link/embed/0865073226564637?utm_campaign=LUX1058150401";var referrer = document.referrer;if (referrer && referrer.replace(/^https?:\/\//i, '').split(/[\/?#]/)[0] === window.location.host) {var sep = embedUrl.indexOf('?') === -1 ? '?' : '&';embedUrl = embedUrl + sep + 'utm_source=' + encodeURIComponent(referrer);}document.getElementById('beeg-embed-iframe').src = embedUrl;</script></div>,https://beeg.link/embed/0865073226564637,1.77778,https://thumbs.externulls.com/videos/865073226564637/0.jpg,Hot Sexy Blonde gets Creampied. Hole Filled with Cum!,592,1080p,2026-06-15,,Sparks Go Wild,Hardcore;Creampie;Fetish;Exclusive"
"0512279198737010,https://beeg.link/-0512279198737010,<div style="position: relative; width: 100%; padding-top: calc(100% / (1920/1080) + 24px);"><iframe id="beeg-embed-iframe" src="" style="position: absolute; top: 0; left: 0; width: 100%; height: 100%;color-scheme: auto;background-color: transparent;" frameborder="0" allowfullscreen referrerpolicy="unsafe-url"></iframe><script>var embedUrl = "https://beeg.link/embed/0512279198737010?utm_campaign=LUX1058150401";var referrer = document.referrer;if (referrer && referrer.replace(/^https?:\/\//i, '').split(/[\/?#]/)[0] === window.location.host) {var sep = embedUrl.indexOf('?') === -1 ? '?' : '&';embedUrl = embedUrl + sep + 'utm_source=' + encodeURIComponent(referrer);}document.getElementById('beeg-embed-iframe').src = embedUrl;</script></div>,https://beeg.link/embed/0512279198737010,1.77778,https://thumbs.externulls.com/videos/512279198737010/0.jpg,Naked Fun with the Sparks. Fucking at a Utah State Park,1102,1080p,2026-06-15,,Sparks Go Wild,Cumshot;Blowjob;Public;Big;Exclusive"
"0169167693618297,https://beeg.link/-0169167693618297,<div style="position: relative; width: 100%; padding-top: calc(100% / (1920/1080) + 24px);"><iframe id="beeg-embed-iframe" src="" style="position: absolute; top: 0; left: 0; width: 100%; height: 100%;color-scheme: auto;background-color: transparent;" frameborder="0" allowfullscreen referrerpolicy="unsafe-url"></iframe><script>var embedUrl = "https://beeg.link/embed/0169167693618297?utm_campaign=LUX1058150401";var referrer = document.referrer;if (referrer && referrer.replace(/^https?:\/\//i, '').split(/[\/?#]/)[0] === window.location.host) {var sep = embedUrl.indexOf('?') === -1 ? '?' : '&';embedUrl = embedUrl + sep + 'utm_source=' + encodeURIComponent(referrer);}document.getElementById('beeg-embed-iframe').src = embedUrl;</script></div>,https://beeg.link/embed/0169167693618297,1.77778,https://thumbs.externulls.com/videos/169167693618297/0.jpg,Swimming in Thongs with Blow Job in the Lake,593,1080p,2026-06-15,,Sparks Go Wild,Reality;Blowjob;Handjob;Public;Masturbation;Fetish;Exclusive"
"0481259110236028,https://beeg.link/-0481259110236028,<div style="position: relative; width: 100%; padding-top: calc(100% / (1920/1080) + 24px);"><iframe id="beeg-embed-iframe" src="" style="position: absolute; top: 0; left: 0; width: 100%; height: 100%;color-scheme: auto;background-color: transparent;" frameborder="0" allowfullscreen referrerpolicy="unsafe-url"></iframe><script>var embedUrl = "https://beeg.link/embed/0481259110236028?utm_campaign=LUX1058150401";var referrer = document.referrer;if (referrer && referrer.replace(/^https?:\/\//i, '').split(/[\/?#]/)[0] === window.location.host) {var sep = embedUrl.indexOf('?') === -1 ? '?' : '&';embedUrl = embedUrl + sep + 'utm_source=' + encodeURIComponent(referrer);}document.getElementById('beeg-embed-iframe').src = embedUrl;</script></div>,https://beeg.link/embed/0481259110236028,1.77778,https://thumbs.externulls.com/videos/481259110236028/0.jpg,Fun in the Living Room,648,1080p,2026-06-15,,Sparks Go Wild,Creampie;Blonde;Exclusive"
"0151644635730204,https://beeg.link/-0151644635730204,<div style="position: relative; width: 100%; padding-top: calc(100% / (1920/1080) + 24px);"><iframe id="beeg-embed-iframe" src="" style="position: absolute; top: 0; left: 0; width: 100%; height: 100%;color-scheme: auto;background-color: transparent;" frameborder="0" allowfullscreen referrerpolicy="unsafe-url"></iframe><script>var embedUrl = "https://beeg.link/embed/0151644635730204?utm_campaign=LUX1058150401";var referrer = document.referrer;if (referrer && referrer.replace(/^https?:\/\//i, '').split(/[\/?#]/)[0] === window.location.host) {var sep = embedUrl.indexOf('?') === -1 ? '?' : '&';embedUrl = embedUrl + sep + 'utm_source=' + encodeURIComponent(referrer);}document.getElementById('beeg-embed-iframe').src = embedUrl;</script></div>,https://beeg.link/embed/0151644635730204,1.77778,https://thumbs.externulls.com/videos/151644635730204/0.jpg,Thonging and Fucking on a Windy Day.,842,1080p,2026-06-15,,Sparks Go Wild,Cumshot;Babe;Exclusive;Fetish;Reality"
"0475744983264103,https://beeg.link/-0475744983264103,<div style="position: relative; width: 100%; padding-top: calc(100% / (1920/1080) + 24px);"><iframe id="beeg-embed-iframe" src="" style="position: absolute; top: 0; left: 0; width: 100%; height: 100%;color-scheme: auto;background-color: transparent;" frameborder="0" allowfullscreen referrerpolicy="unsafe-url"></iframe><script>var embedUrl = "https://beeg.link/embed/0475744983264103?utm_campaign=LUX1058150401";var referrer = document.referrer;if (referrer && referrer.replace(/^https?:\/\//i, '').split(/[\/?#]/)[0] === window.location.host) {var sep = embedUrl.indexOf('?') === -1 ? '?' : '&';embedUrl = embedUrl + sep + 'utm_source=' + encodeURIComponent(referrer);}document.getElementById('beeg-embed-iframe').src = embedUrl;</script></div>,https://beeg.link/embed/0475744983264103,1.77778,https://thumbs.externulls.com/videos/475744983264103/0.jpg,Creampie in the Living Room,557,1080p,2026-06-15,,Sparks Go Wild,Creampie;Blowjob;Blonde;Exclusive"
"0460888908544620,https://beeg.link/-0460888908544620,<div style="position: relative; width: 100%; padding-top: calc(100% / (1920/1080) + 24px);"><iframe id="beeg-embed-iframe" src="" style="position: absolute; top: 0; left: 0; width: 100%; height: 100%;color-scheme: auto;background-color: transparent;" frameborder="0" allowfullscreen referrerpolicy="unsafe-url"></iframe><script>var embedUrl = "https://beeg.link/embed/0460888908544620?utm_campaign=LUX1058150401";var referrer = document.referrer;if (referrer && referrer.replace(/^https?:\/\//i, '').split(/[\/?#]/)[0] === window.location.host) {var sep = embedUrl.indexOf('?') === -1 ? '?' : '&';embedUrl = embedUrl + sep + 'utm_source=' + encodeURIComponent(referrer);}document.getElementById('beeg-embed-iframe').src = embedUrl;</script></div>,https://beeg.link/embed/0460888908544620,1.77778,https://thumbs.externulls.com/videos/460888908544620/49.jpg,Quietly, Quietly. Fuck Me Quietly, My Stepsister will Wake Up. Student Hostel.,964,1080p,2026-06-15,,Ashby Winter;Nicole Murkovski,Hostel;Russian;Skinny;Natural;Cowgirl;Small;Orgasm;Exclusive"
"0458382660531491,https://beeg.link/-0458382660531491,<div style="position: relative; width: 100%; padding-top: calc(100% / (1920/1080) + 24px);"><iframe id="beeg-embed-iframe" src="" style="position: absolute; top: 0; left: 0; width: 100%; height: 100%;color-scheme: auto;background-color: transparent;" frameborder="0" allowfullscreen referrerpolicy="unsafe-url"></iframe><script>var embedUrl = "https://beeg.link/embed/0458382660531491?utm_campaign=LUX1058150401";var referrer = document.referrer;if (referrer && referrer.replace(/^https?:\/\//i, '').split(/[\/?#]/)[0] === window.location.host) {var sep = embedUrl.indexOf('?') === -1 ? '?' : '&';embedUrl = embedUrl + sep + 'utm_source=' + encodeURIComponent(referrer);}document.getElementById('beeg-embed-iframe').src = embedUrl;</script></div>,https://beeg.link/embed/0458382660531491,1.77778,https://thumbs.externulls.com/videos/458382660531491/0.jpg,Hot Blonde Sucks Cock and gets Cum all Over Tits,303,1080p,2026-06-15,,Sparks Go Wild,Blowjob;Blonde;Cumshot;Exclusive;Big"
"0449751667047125,https://beeg.link/-0449751667047125,<div style="position: relative; width: 100%; padding-top: calc(100% / (1920/1080) + 24px);"><iframe id="beeg-embed-iframe" src="" style="position: absolute; top: 0; left: 0; width: 100%; height: 100%;color-scheme: auto;background-color: transparent;" frameborder="0" allowfullscreen referrerpolicy="unsafe-url"></iframe><script>var embedUrl = "https://beeg.link/embed/0449751667047125?utm_campaign=LUX1058150401";var referrer = document.referrer;if (referrer && referrer.replace(/^https?:\/\//i, '').split(/[\/?#]/)[0] === window.location.host) {var sep = embedUrl.indexOf('?') === -1 ? '?' : '&';embedUrl = embedUrl + sep + 'utm_source=' + encodeURIComponent(referrer);}document.getElementById('beeg-embed-iframe').src = embedUrl;</script></div>,https://beeg.link/embed/0449751667047125,1.77778,https://thumbs.externulls.com/videos/449751667047125/0.jpg,Live from the Lady Layer Alaska Edition Volume 1,896,1080p,2026-06-15,,Sparks Go Wild,Big;Blonde;Reality;Exclusive"
"0448695189888260,https://beeg.link/-0448695189888260,<div style="position: relative; width: 100%; padding-top: calc(100% / (1920/1080) + 24px);"><iframe id="beeg-embed-iframe" src="" style="position: absolute; top: 0; left: 0; width: 100%; height: 100%;color-scheme: auto;background-color: transparent;" frameborder="0" allowfullscreen referrerpolicy="unsafe-url"></iframe><script>var embedUrl = "https://beeg.link/embed/0448695189888260?utm_campaign=LUX1058150401";var referrer = document.referrer;if (referrer && referrer.replace(/^https?:\/\//i, '').split(/[\/?#]/)[0] === window.location.host) {var sep = embedUrl.indexOf('?') === -1 ? '?' : '&';embedUrl = embedUrl + sep + 'utm_source=' + encodeURIComponent(referrer);}document.getElementById('beeg-embed-iframe').src = embedUrl;</script></div>,https://beeg.link/embed/0448695189888260,1.77778,https://thumbs.externulls.com/videos/448695189888260/0.jpg,All the Things! Anal Sex and Pegging Play! Butt Plugs Too!,1346,1080p,2026-06-15,,Sparks Go Wild,Exclusive;Role-Play;Anal;Creampie"
"0886338883554678,https://beeg.link/-0886338883554678,<div style="position: relative; width: 100%; padding-top: calc(100% / (1920/1080) + 24px);"><iframe id="beeg-embed-iframe" src="" style="position: absolute; top: 0; left: 0; width: 100%; height: 100%;color-scheme: auto;background-color: transparent;" frameborder="0" allowfullscreen referrerpolicy="unsafe-url"></iframe><script>var embedUrl = "https://beeg.link/embed/0886338883554678?utm_campaign=LUX1058150401";var referrer = document.referrer;if (referrer && referrer.replace(/^https?:\/\//i, '').split(/[\/?#]/)[0] === window.location.host) {var sep = embedUrl.indexOf('?') === -1 ? '?' : '&';embedUrl = embedUrl + sep + 'utm_source=' + encodeURIComponent(referrer);}document.getElementById('beeg-embed-iframe').src = embedUrl;</script></div>,https://beeg.link/embed/0886338883554678,1.77778,https://thumbs.externulls.com/videos/886338883554678/0.jpg,Van Life Intimacy in Campervan: Oral, Orgasm, Cumshot,674,1080p,2026-06-15,,Sparks Go Wild,Big;Exclusive;Blowjob;Travel;Female Orgasm;Pussy Licking;Camping;Big;Prostate;POV;Cumshot"
"0147968729305044,https://beeg.link/-0147968729305044,<div style="position: relative; width: 100%; padding-top: calc(100% / (1920/1080) + 24px);"><iframe id="beeg-embed-iframe" src="" style="position: absolute; top: 0; left: 0; width: 100%; height: 100%;color-scheme: auto;background-color: transparent;" frameborder="0" allowfullscreen referrerpolicy="unsafe-url"></iframe><script>var embedUrl = "https://beeg.link/embed/0147968729305044?utm_campaign=LUX1058150401";var referrer = document.referrer;if (referrer && referrer.replace(/^https?:\/\//i, '').split(/[\/?#]/)[0] === window.location.host) {var sep = embedUrl.indexOf('?') === -1 ? '?' : '&';embedUrl = embedUrl + sep + 'utm_source=' + encodeURIComponent(referrer);}document.getElementById('beeg-embed-iframe').src = embedUrl;</script></div>,https://beeg.link/embed/0147968729305044,1.77778,https://thumbs.externulls.com/videos/147968729305044/0.jpg,Fit Freaks Finger & Cum before Photoshoot,425,1080p,2026-06-15,,Sparks Go Wild,Handjob;Female Orgasm;Exclusive"
"0889055897709117,https://beeg.link/-0889055897709117,<div style="position: relative; width: 100%; padding-top: calc(100% / (1920/1080) + 24px);"><iframe id="beeg-embed-iframe" src="" style="position: absolute; top: 0; left: 0; width: 100%; height: 100%;color-scheme: auto;background-color: transparent;" frameborder="0" allowfullscreen referrerpolicy="unsafe-url"></iframe><script>var embedUrl = "https://beeg.link/embed/0889055897709117?utm_campaign=LUX1058150401";var referrer = document.referrer;if (referrer && referrer.replace(/^https?:\/\//i, '').split(/[\/?#]/)[0] === window.location.host) {var sep = embedUrl.indexOf('?') === -1 ? '?' : '&';embedUrl = embedUrl + sep + 'utm_source=' + encodeURIComponent(referrer);}document.getElementById('beeg-embed-iframe').src = embedUrl;</script></div>,https://beeg.link/embed/0889055897709117,1.77778,https://thumbs.externulls.com/videos/889055897709117/0.jpg,Petite Performer and Partner in Anal Hardcore Scene,1601,1080p,2026-06-15,,Kira Stone;Sam Garro;Mr. Murkovski;Arty Cheys;Sasha Paige,Double Blowjob;Cuckold;Blowjob;Anal;Deepthroat;English;Cumshot"
"0429835282758812,https://beeg.link/-0429835282758812,<div style="position: relative; width: 100%; padding-top: calc(100% / (1920/1080) + 24px);"><iframe id="beeg-embed-iframe" src="" style="position: absolute; top: 0; left: 0; width: 100%; height: 100%;color-scheme: auto;background-color: transparent;" frameborder="0" allowfullscreen referrerpolicy="unsafe-url"></iframe><script>var embedUrl = "https://beeg.link/embed/0429835282758812?utm_campaign=LUX1058150401";var referrer = document.referrer;if (referrer && referrer.replace(/^https?:\/\//i, '').split(/[\/?#]/)[0] === window.location.host) {var sep = embedUrl.indexOf('?') === -1 ? '?' : '&';embedUrl = embedUrl + sep + 'utm_source=' + encodeURIComponent(referrer);}document.getElementById('beeg-embed-iframe').src = embedUrl;</script></div>,https://beeg.link/embed/0429835282758812,1.77778,https://thumbs.externulls.com/videos/429835282758812/0.jpg,Hiking and Playing with Katie Kush,352,1080p,2026-06-15,,Sparks Go Wild;Katie Kush,Exclusive;Lesbian;Pussy Licking"
"0400775043633275,https://beeg.link/-0400775043633275,<div style="position: relative; width: 100%; padding-top: calc(100% / (1920/1080) + 24px);"><iframe id="beeg-embed-iframe" src="" style="position: absolute; top: 0; left: 0; width: 100%; height: 100%;color-scheme: auto;background-color: transparent;" frameborder="0" allowfullscreen referrerpolicy="unsafe-url"></iframe><script>var embedUrl = "https://beeg.link/embed/0400775043633275?utm_campaign=LUX1058150401";var referrer = document.referrer;if (referrer && referrer.replace(/^https?:\/\//i, '').split(/[\/?#]/)[0] === window.location.host) {var sep = embedUrl.indexOf('?') === -1 ? '?' : '&';embedUrl = embedUrl + sep + 'utm_source=' + encodeURIComponent(referrer);}document.getElementById('beeg-embed-iframe').src = embedUrl;</script></div>,https://beeg.link/embed/0400775043633275,1.77778,https://thumbs.externulls.com/videos/400775043633275/0.jpg,Gangbang with Wife: Anal, Deepthroat, Dirty Talk,1236,1080p,2026-06-15,,Denis Marti;Oksana Katysheva;Sasha Paige;Jack23;Mr. Murkovski,Deepthroat;Cheating;Anal;Blowjob;Hardcore;English;Dirty Talk;Gangbang;Deep Anal"
"0116662281898409,https://beeg.link/-0116662281898409,<div style="position: relative; width: 100%; padding-top: calc(100% / (1920/1080) + 24px);"><iframe id="beeg-embed-iframe" src="" style="position: absolute; top: 0; left: 0; width: 100%; height: 100%;color-scheme: auto;background-color: transparent;" frameborder="0" allowfullscreen referrerpolicy="unsafe-url"></iframe><script>var embedUrl = "https://beeg.link/embed/0116662281898409?utm_campaign=LUX1058150401";var referrer = document.referrer;if (referrer && referrer.replace(/^https?:\/\//i, '').split(/[\/?#]/)[0] === window.location.host) {var sep = embedUrl.indexOf('?') === -1 ? '?' : '&';embedUrl = embedUrl + sep + 'utm_source=' + encodeURIComponent(referrer);}document.getElementById('beeg-embed-iframe').src = embedUrl;</script></div>,https://beeg.link/embed/0116662281898409,1.77778,https://thumbs.externulls.com/videos/116662281898409/0.jpg,Fucking on a Closed Trail in Alaska,439,1080p,2026-06-15,,Sparks Go Wild,Big;Public;Exclusive;Pussy Licking;Blowjob;Blonde"
"0135212706068092,https://beeg.link/-0135212706068092,<div style="position: relative; width: 100%; padding-top: calc(100% / (1920/1080) + 24px);"><iframe id="beeg-embed-iframe" src="" style="position: absolute; top: 0; left: 0; width: 100%; height: 100%;color-scheme: auto;background-color: transparent;" frameborder="0" allowfullscreen referrerpolicy="unsafe-url"></iframe><script>var embedUrl = "https://beeg.link/embed/0135212706068092?utm_campaign=LUX1058150401";var referrer = document.referrer;if (referrer && referrer.replace(/^https?:\/\//i, '').split(/[\/?#]/)[0] === window.location.host) {var sep = embedUrl.indexOf('?') === -1 ? '?' : '&';embedUrl = embedUrl + sep + 'utm_source=' + encodeURIComponent(referrer);}document.getElementById('beeg-embed-iframe').src = embedUrl;</script></div>,https://beeg.link/embed/0135212706068092,1.77778,https://thumbs.externulls.com/videos/135212706068092/0.jpg,Desert Outdoor Deepthroat Blowjob Creampie,859,1080p,2026-06-15,,Sparks Go Wild,Exclusive;Outdoor;Creampie;Blowjob;Big;Deepthroat;Public"
"0893348911589973,https://beeg.link/-0893348911589973,<div style="position: relative; width: 100%; padding-top: calc(100% / (1920/1080) + 24px);"><iframe id="beeg-embed-iframe" src="" style="position: absolute; top: 0; left: 0; width: 100%; height: 100%;color-scheme: auto;background-color: transparent;" frameborder="0" allowfullscreen referrerpolicy="unsafe-url"></iframe><script>var embedUrl = "https://beeg.link/embed/0893348911589973?utm_campaign=LUX1058150401";var referrer = document.referrer;if (referrer && referrer.replace(/^https?:\/\//i, '').split(/[\/?#]/)[0] === window.location.host) {var sep = embedUrl.indexOf('?') === -1 ? '?' : '&';embedUrl = embedUrl + sep + 'utm_source=' + encodeURIComponent(referrer);}document.getElementById('beeg-embed-iframe').src = embedUrl;</script></div>,https://beeg.link/embed/0893348911589973,1.77778,https://thumbs.externulls.com/videos/893348911589973/0.jpg,Anal Casting with Deepthroat and Dirty Talk,913,1080p,2026-06-15,,Jack23;Sasha Paige;Oksana Katysheva,Help;Big;Blowjob;Anal;Dirty Talk;MILF;Deepthroat;Casting;Sloppy;Podcast"
"0376215387129179,https://beeg.link/-0376215387129179,<div style="position: relative; width: 100%; padding-top: calc(100% / (1920/1080) + 24px);"><iframe id="beeg-embed-iframe" src="" style="position: absolute; top: 0; left: 0; width: 100%; height: 100%;color-scheme: auto;background-color: transparent;" frameborder="0" allowfullscreen referrerpolicy="unsafe-url"></iframe><script>var embedUrl = "https://beeg.link/embed/0376215387129179?utm_campaign=LUX1058150401";var referrer = document.referrer;if (referrer && referrer.replace(/^https?:\/\//i, '').split(/[\/?#]/)[0] === window.location.host) {var sep = embedUrl.indexOf('?') === -1 ? '?' : '&';embedUrl = embedUrl + sep + 'utm_source=' + encodeURIComponent(referrer);}document.getElementById('beeg-embed-iframe').src = embedUrl;</script></div>,https://beeg.link/embed/0376215387129179,1.77778,https://thumbs.externulls.com/videos/376215387129179/0.jpg,Ass Licking Jerk off Naked in Nature,315,1080p,2026-06-15,,Sparks Go Wild,Handjob;Exclusive;Anal;Cumshot"
"0132329035613920,https://beeg.link/-0132329035613920,<div style="position: relative; width: 100%; padding-top: calc(100% / (1920/1080) + 24px);"><iframe id="beeg-embed-iframe" src="" style="position: absolute; top: 0; left: 0; width: 100%; height: 100%;color-scheme: auto;background-color: transparent;" frameborder="0" allowfullscreen referrerpolicy="unsafe-url"></iframe><script>var embedUrl = "https://beeg.link/embed/0132329035613920?utm_campaign=LUX1058150401";var referrer = document.referrer;if (referrer && referrer.replace(/^https?:\/\//i, '').split(/[\/?#]/)[0] === window.location.host) {var sep = embedUrl.indexOf('?') === -1 ? '?' : '&';embedUrl = embedUrl + sep + 'utm_source=' + encodeURIComponent(referrer);}document.getElementById('beeg-embed-iframe').src = embedUrl;</script></div>,https://beeg.link/embed/0132329035613920,1.77778,https://thumbs.externulls.com/videos/132329035613920/0.jpg,Creampie in the Jungle. Fun in Thongs!,668,1080p,2026-06-15,,Sparks Go Wild,Exclusive;Female Orgasm;Public;Reality;Creampie;Fetish"
"0366933094196014,https://beeg.link/-0366933094196014,<div style="position: relative; width: 100%; padding-top: calc(100% / (1920/1080) + 24px);"><iframe id="beeg-embed-iframe" src="" style="position: absolute; top: 0; left: 0; width: 100%; height: 100%;color-scheme: auto;background-color: transparent;" frameborder="0" allowfullscreen referrerpolicy="unsafe-url"></iframe><script>var embedUrl = "https://beeg.link/embed/0366933094196014?utm_campaign=LUX1058150401";var referrer = document.referrer;if (referrer && referrer.replace(/^https?:\/\//i, '').split(/[\/?#]/)[0] === window.location.host) {var sep = embedUrl.indexOf('?') === -1 ? '?' : '&';embedUrl = embedUrl + sep + 'utm_source=' + encodeURIComponent(referrer);}document.getElementById('beeg-embed-iframe').src = embedUrl;</script></div>,https://beeg.link/embed/0366933094196014,1.77778,https://thumbs.externulls.com/videos/366933094196014/40.jpg,Fitness Trainer Fucked a Client During a Group Workout. Bella is Shocked!,1524,1080p,2026-06-15,,Bella Mur;Ashby Winter,Cowgirl;Public Sex;Public;Exclusive;Small;Training;Fitness;Natural;Cuckold;Blowjob;Cumshot"
"0358886857917746,https://beeg.link/-0358886857917746,<div style="position: relative; width: 100%; padding-top: calc(100% / (1920/1080) + 24px);"><iframe id="beeg-embed-iframe" src="" style="position: absolute; top: 0; left: 0; width: 100%; height: 100%;color-scheme: auto;background-color: transparent;" frameborder="0" allowfullscreen referrerpolicy="unsafe-url"></iframe><script>var embedUrl = "https://beeg.link/embed/0358886857917746?utm_campaign=LUX1058150401";var referrer = document.referrer;if (referrer && referrer.replace(/^https?:\/\//i, '').split(/[\/?#]/)[0] === window.location.host) {var sep = embedUrl.indexOf('?') === -1 ? '?' : '&';embedUrl = embedUrl + sep + 'utm_source=' + encodeURIComponent(referrer);}document.getElementById('beeg-embed-iframe').src = embedUrl;</script></div>,https://beeg.link/embed/0358886857917746,1.77778,https://thumbs.externulls.com/videos/358886857917746/0.jpg,Guys, Do Whatever You Want with Her, My Slutty Wife Wants It! Cuckold Session...,907,1080p,2026-06-15,,Denis Marti;Jack23;Mr. Murkovski;Sasha Paige,Cuckold;Anal;Hardcore"
"0353272998784818,https://beeg.link/-0353272998784818,<div style="position: relative; width: 100%; padding-top: calc(100% / (1920/1080) + 24px);"><iframe id="beeg-embed-iframe" src="" style="position: absolute; top: 0; left: 0; width: 100%; height: 100%;color-scheme: auto;background-color: transparent;" frameborder="0" allowfullscreen referrerpolicy="unsafe-url"></iframe><script>var embedUrl = "https://beeg.link/embed/0353272998784818?utm_campaign=LUX1058150401";var referrer = document.referrer;if (referrer && referrer.replace(/^https?:\/\//i, '').split(/[\/?#]/)[0] === window.location.host) {var sep = embedUrl.indexOf('?') === -1 ? '?' : '&';embedUrl = embedUrl + sep + 'utm_source=' + encodeURIComponent(referrer);}document.getElementById('beeg-embed-iframe').src = embedUrl;</script></div>,https://beeg.link/embed/0353272998784818,1.77778,https://thumbs.externulls.com/videos/353272998784818/0.jpg,Naked Fun in the Sequoia National Forest,456,1080p,2026-06-15,,Sparks Go Wild,Public;POV;Exclusive;Creampie;Blowjob"
"0346380953924045,https://beeg.link/-0346380953924045,<div style="position: relative; width: 100%; padding-top: calc(100% / (1920/1080) + 24px);"><iframe id="beeg-embed-iframe" src="" style="position: absolute; top: 0; left: 0; width: 100%; height: 100%;color-scheme: auto;background-color: transparent;" frameborder="0" allowfullscreen referrerpolicy="unsafe-url"></iframe><script>var embedUrl = "https://beeg.link/embed/0346380953924045?utm_campaign=LUX1058150401";var referrer = document.referrer;if (referrer && referrer.replace(/^https?:\/\//i, '').split(/[\/?#]/)[0] === window.location.host) {var sep = embedUrl.indexOf('?') === -1 ? '?' : '&';embedUrl = embedUrl + sep + 'utm_source=' + encodeURIComponent(referrer);}document.getElementById('beeg-embed-iframe').src = embedUrl;</script></div>,https://beeg.link/embed/0346380953924045,1.77778,https://thumbs.externulls.com/videos/346380953924045/0.jpg,Breakfast and Head Threesome while Camping,968,1080p,2026-06-15,,Sparks Go Wild,Exclusive;Blowjob;Public"
"0742145962131094,https://beeg.link/-0742145962131094,<div style="position: relative; width: 100%; padding-top: calc(100% / (1920/1080) + 24px);"><iframe id="beeg-embed-iframe" src="" style="position: absolute; top: 0; left: 0; width: 100%; height: 100%;color-scheme: auto;background-color: transparent;" frameborder="0" allowfullscreen referrerpolicy="unsafe-url"></iframe><script>var embedUrl = "https://beeg.link/embed/0742145962131094?utm_campaign=LUX1058150401";var referrer = document.referrer;if (referrer && referrer.replace(/^https?:\/\//i, '').split(/[\/?#]/)[0] === window.location.host) {var sep = embedUrl.indexOf('?') === -1 ? '?' : '&';embedUrl = embedUrl + sep + 'utm_source=' + encodeURIComponent(referrer);}document.getElementById('beeg-embed-iframe').src = embedUrl;</script></div>,https://beeg.link/embed/0742145962131094,1.77778,https://thumbs.externulls.com/videos/742145962131094/0.jpg,Hiking and Photoshoots!,548,1080p,2026-06-15,,Sparks Go Wild,Babe;Big;Public;Exclusive;Blonde"
"0338518609216795,https://beeg.link/-0338518609216795,<div style="position: relative; width: 100%; padding-top: calc(100% / (1920/1080) + 24px);"><iframe id="beeg-embed-iframe" src="" style="position: absolute; top: 0; left: 0; width: 100%; height: 100%;color-scheme: auto;background-color: transparent;" frameborder="0" allowfullscreen referrerpolicy="unsafe-url"></iframe><script>var embedUrl = "https://beeg.link/embed/0338518609216795?utm_campaign=LUX1058150401";var referrer = document.referrer;if (referrer && referrer.replace(/^https?:\/\//i, '').split(/[\/?#]/)[0] === window.location.host) {var sep = embedUrl.indexOf('?') === -1 ? '?' : '&';embedUrl = embedUrl + sep + 'utm_source=' + encodeURIComponent(referrer);}document.getElementById('beeg-embed-iframe').src = embedUrl;</script></div>,https://beeg.link/embed/0338518609216795,1.77778,https://thumbs.externulls.com/videos/338518609216795/0.jpg,Snowboard Chic Sucks a Big Cock on the Couch,754,1080p,2026-06-15,,Sparks Go Wild,Blowjob;Cosplay;Exclusive"
"0332175698615398,https://beeg.link/-0332175698615398,<div style="position: relative; width: 100%; padding-top: calc(100% / (1920/1080) + 24px);"><iframe id="beeg-embed-iframe" src="" style="position: absolute; top: 0; left: 0; width: 100%; height: 100%;color-scheme: auto;background-color: transparent;" frameborder="0" allowfullscreen referrerpolicy="unsafe-url"></iframe><script>var embedUrl = "https://beeg.link/embed/0332175698615398?utm_campaign=LUX1058150401";var referrer = document.referrer;if (referrer && referrer.replace(/^https?:\/\//i, '').split(/[\/?#]/)[0] === window.location.host) {var sep = embedUrl.indexOf('?') === -1 ? '?' : '&';embedUrl = embedUrl + sep + 'utm_source=' + encodeURIComponent(referrer);}document.getElementById('beeg-embed-iframe').src = embedUrl;</script></div>,https://beeg.link/embed/0332175698615398,1.77778,https://thumbs.externulls.com/videos/332175698615398/0.jpg,Cookies with Icing. Fucking and Sucking in the Kitchen,670,1080p,2026-06-15,,Sparks Go Wild,Cumshot;Blowjob;Female Orgasm;Exclusive;Hardcore"
"0328154212739021,https://beeg.link/-0328154212739021,<div style="position: relative; width: 100%; padding-top: calc(100% / (1920/1080) + 24px);"><iframe id="beeg-embed-iframe" src="" style="position: absolute; top: 0; left: 0; width: 100%; height: 100%;color-scheme: auto;background-color: transparent;" frameborder="0" allowfullscreen referrerpolicy="unsafe-url"></iframe><script>var embedUrl = "https://beeg.link/embed/0328154212739021?utm_campaign=LUX1058150401";var referrer = document.referrer;if (referrer && referrer.replace(/^https?:\/\//i, '').split(/[\/?#]/)[0] === window.location.host) {var sep = embedUrl.indexOf('?') === -1 ? '?' : '&';embedUrl = embedUrl + sep + 'utm_source=' + encodeURIComponent(referrer);}document.getElementById('beeg-embed-iframe').src = embedUrl;</script></div>,https://beeg.link/embed/0328154212739021,1.77778,https://thumbs.externulls.com/videos/328154212739021/0.jpg,Intimate Lesbian Fetish Encounter,1566,1080p,2026-06-15,,Ashby Winter;Sasha Paige,Fetish;Feet;Lesbian;Pussy Licking;Face-Sitting;Romantic;Lesbian 69"
"0318965939558013,https://beeg.link/-0318965939558013,<div style="position: relative; width: 100%; padding-top: calc(100% / (1920/1080) + 24px);"><iframe id="beeg-embed-iframe" src="" style="position: absolute; top: 0; left: 0; width: 100%; height: 100%;color-scheme: auto;background-color: transparent;" frameborder="0" allowfullscreen referrerpolicy="unsafe-url"></iframe><script>var embedUrl = "https://beeg.link/embed/0318965939558013?utm_campaign=LUX1058150401";var referrer = document.referrer;if (referrer && referrer.replace(/^https?:\/\//i, '').split(/[\/?#]/)[0] === window.location.host) {var sep = embedUrl.indexOf('?') === -1 ? '?' : '&';embedUrl = embedUrl + sep + 'utm_source=' + encodeURIComponent(referrer);}document.getElementById('beeg-embed-iframe').src = embedUrl;</script></div>,https://beeg.link/embed/0318965939558013,1.77778,https://thumbs.externulls.com/videos/318965939558013/0.jpg,Fucking in a Cool Farmhouse in the Jungle,423,1080p,2026-06-15,,Sparks Go Wild,Blonde;Hardcore;Cumshot;Exclusive"
"0130985800558548,https://beeg.link/-0130985800558548,<div style="position: relative; width: 100%; padding-top: calc(100% / (1920/1080) + 24px);"><iframe id="beeg-embed-iframe" src="" style="position: absolute; top: 0; left: 0; width: 100%; height: 100%;color-scheme: auto;background-color: transparent;" frameborder="0" allowfullscreen referrerpolicy="unsafe-url"></iframe><script>var embedUrl = "https://beeg.link/embed/0130985800558548?utm_campaign=LUX1058150401";var referrer = document.referrer;if (referrer && referrer.replace(/^https?:\/\//i, '').split(/[\/?#]/)[0] === window.location.host) {var sep = embedUrl.indexOf('?') === -1 ? '?' : '&';embedUrl = embedUrl + sep + 'utm_source=' + encodeURIComponent(referrer);}document.getElementById('beeg-embed-iframe').src = embedUrl;</script></div>,https://beeg.link/embed/0130985800558548,1.77778,https://thumbs.externulls.com/videos/130985800558548/0.jpg,Fucking in a Hayfield in Southern Michigan,1318,1080p,2026-06-15,,Sparks Go Wild,Cumshot;Babe;Blowjob;Public;Exclusive"
"0296292876990206,https://beeg.link/-0296292876990206,<div style="position: relative; width: 100%; padding-top: calc(100% / (1920/1080) + 24px);"><iframe id="beeg-embed-iframe" src="" style="position: absolute; top: 0; left: 0; width: 100%; height: 100%;color-scheme: auto;background-color: transparent;" frameborder="0" allowfullscreen referrerpolicy="unsafe-url"></iframe><script>var embedUrl = "https://beeg.link/embed/0296292876990206?utm_campaign=LUX1058150401";var referrer = document.referrer;if (referrer && referrer.replace(/^https?:\/\//i, '').split(/[\/?#]/)[0] === window.location.host) {var sep = embedUrl.indexOf('?') === -1 ? '?' : '&';embedUrl = embedUrl + sep + 'utm_source=' + encodeURIComponent(referrer);}document.getElementById('beeg-embed-iframe').src = embedUrl;</script></div>,https://beeg.link/embed/0296292876990206,1.77778,https://thumbs.externulls.com/videos/296292876990206/0.jpg,The Kinky Interview / Billie Star Invites Alexis Crystal,622,1080p,2026-06-15,Billie Star,Billie Star;Alexis Crystal,Lesbian;Ass Licking;Babe;Reality;Czech;European;Big;Natural;Face-Sitting;Fingering;Pussy Licking"
"0101319093859152,https://beeg.link/-0101319093859152,<div style="position: relative; width: 100%; padding-top: calc(100% / (1920/1080) + 24px);"><iframe id="beeg-embed-iframe" src="" style="position: absolute; top: 0; left: 0; width: 100%; height: 100%;color-scheme: auto;background-color: transparent;" frameborder="0" allowfullscreen referrerpolicy="unsafe-url"></iframe><script>var embedUrl = "https://beeg.link/embed/0101319093859152?utm_campaign=LUX1058150401";var referrer = document.referrer;if (referrer && referrer.replace(/^https?:\/\//i, '').split(/[\/?#]/)[0] === window.location.host) {var sep = embedUrl.indexOf('?') === -1 ? '?' : '&';embedUrl = embedUrl + sep + 'utm_source=' + encodeURIComponent(referrer);}document.getElementById('beeg-embed-iframe').src = embedUrl;</script></div>,https://beeg.link/embed/0101319093859152,1.77778,https://thumbs.externulls.com/videos/101319093859152/0.jpg,Hiking and Fucking at the Alaska Sand Bluffs,1732,1080p,2026-06-15,,Sparks Go Wild,Reality;Hardcore;Big;Blowjob;Exclusive;Public"
"0276509366827355,https://beeg.link/-0276509366827355,<div style="position: relative; width: 100%; padding-top: calc(100% / (1920/1080) + 24px);"><iframe id="beeg-embed-iframe" src="" style="position: absolute; top: 0; left: 0; width: 100%; height: 100%;color-scheme: auto;background-color: transparent;" frameborder="0" allowfullscreen referrerpolicy="unsafe-url"></iframe><script>var embedUrl = "https://beeg.link/embed/0276509366827355?utm_campaign=LUX1058150401";var referrer = document.referrer;if (referrer && referrer.replace(/^https?:\/\//i, '').split(/[\/?#]/)[0] === window.location.host) {var sep = embedUrl.indexOf('?') === -1 ? '?' : '&';embedUrl = embedUrl + sep + 'utm_source=' + encodeURIComponent(referrer);}document.getElementById('beeg-embed-iframe').src = embedUrl;</script></div>,https://beeg.link/embed/0276509366827355,1.77778,https://thumbs.externulls.com/videos/276509366827355/0.jpg,Thong Fucking in the Jungle Cabin,565,1080p,2026-06-15,,Sparks Go Wild,Cumshot;Public;Brunette;Exclusive;Hardcore;Big"
"0268816131205488,https://beeg.link/-0268816131205488,<div style="position: relative; width: 100%; padding-top: calc(100% / (1920/1080) + 24px);"><iframe id="beeg-embed-iframe" src="" style="position: absolute; top: 0; left: 0; width: 100%; height: 100%;color-scheme: auto;background-color: transparent;" frameborder="0" allowfullscreen referrerpolicy="unsafe-url"></iframe><script>var embedUrl = "https://beeg.link/embed/0268816131205488?utm_campaign=LUX1058150401";var referrer = document.referrer;if (referrer && referrer.replace(/^https?:\/\//i, '').split(/[\/?#]/)[0] === window.location.host) {var sep = embedUrl.indexOf('?') === -1 ? '?' : '&';embedUrl = embedUrl + sep + 'utm_source=' + encodeURIComponent(referrer);}document.getElementById('beeg-embed-iframe').src = embedUrl;</script></div>,https://beeg.link/embed/0268816131205488,1.77778,https://thumbs.externulls.com/videos/268816131205488/0.jpg,Sex on the Beach Ecuador South America,622,1080p,2026-06-15,,Sparks Go Wild,Exclusive;Babe;Hardcore;Reality;Public"
"0799222604030471,https://beeg.link/-0799222604030471,<div style="position: relative; width: 100%; padding-top: calc(100% / (1920/1080) + 24px);"><iframe id="beeg-embed-iframe" src="" style="position: absolute; top: 0; left: 0; width: 100%; height: 100%;color-scheme: auto;background-color: transparent;" frameborder="0" allowfullscreen referrerpolicy="unsafe-url"></iframe><script>var embedUrl = "https://beeg.link/embed/0799222604030471?utm_campaign=LUX1058150401";var referrer = document.referrer;if (referrer && referrer.replace(/^https?:\/\//i, '').split(/[\/?#]/)[0] === window.location.host) {var sep = embedUrl.indexOf('?') === -1 ? '?' : '&';embedUrl = embedUrl + sep + 'utm_source=' + encodeURIComponent(referrer);}document.getElementById('beeg-embed-iframe').src = embedUrl;</script></div>,https://beeg.link/embed/0799222604030471,1.77778,https://thumbs.externulls.com/videos/799222604030471/0.jpg,Teen Eats Creampie from Girlfriend After Rough Sex,1842,1080p,2026-06-15,,Kvini Kim;Sasha Paige,Blowjob;Deepthroat;Asian;Creampie;Double Blowjob;Sugar Daddy;Asian Girl"
"0196938947404904,https://beeg.link/-0196938947404904,<div style="position: relative; width: 100%; padding-top: calc(100% / (1920/1080) + 24px);"><iframe id="beeg-embed-iframe" src="" style="position: absolute; top: 0; left: 0; width: 100%; height: 100%;color-scheme: auto;background-color: transparent;" frameborder="0" allowfullscreen referrerpolicy="unsafe-url"></iframe><script>var embedUrl = "https://beeg.link/embed/0196938947404904?utm_campaign=LUX1058150401";var referrer = document.referrer;if (referrer && referrer.replace(/^https?:\/\//i, '').split(/[\/?#]/)[0] === window.location.host) {var sep = embedUrl.indexOf('?') === -1 ? '?' : '&';embedUrl = embedUrl + sep + 'utm_source=' + encodeURIComponent(referrer);}document.getElementById('beeg-embed-iframe').src = embedUrl;</script></div>,https://beeg.link/embed/0196938947404904,1.77778,https://thumbs.externulls.com/videos/196938947404904/0.jpg,Girl gets Crampied in the Kitchen Wearing Fishnet Lace,465,1080p,2026-06-15,,Sparks Go Wild,Babe;Exclusive;Female Orgasm;Blowjob;Hardcore;Creampie"
"0802620823309036,https://beeg.link/-0802620823309036,<div style="position: relative; width: 100%; padding-top: calc(100% / (1920/1080) + 24px);"><iframe id="beeg-embed-iframe" src="" style="position: absolute; top: 0; left: 0; width: 100%; height: 100%;color-scheme: auto;background-color: transparent;" frameborder="0" allowfullscreen referrerpolicy="unsafe-url"></iframe><script>var embedUrl = "https://beeg.link/embed/0802620823309036?utm_campaign=LUX1058150401";var referrer = document.referrer;if (referrer && referrer.replace(/^https?:\/\//i, '').split(/[\/?#]/)[0] === window.location.host) {var sep = embedUrl.indexOf('?') === -1 ? '?' : '&';embedUrl = embedUrl + sep + 'utm_source=' + encodeURIComponent(referrer);}document.getElementById('beeg-embed-iframe').src = embedUrl;</script></div>,https://beeg.link/embed/0802620823309036,1.77778,https://thumbs.externulls.com/videos/802620823309036/0.jpg,First Creek Second Day Fucking and Sucking in the Great Outdoors,1132,1080p,2026-06-15,,Sparks Go Wild,Exclusive;Big;Public;Hardcore"
"0629173519680389,https://beeg.link/-0629173519680389,<div style="position: relative; width: 100%; padding-top: calc(100% / (1920/1080) + 24px);"><iframe id="beeg-embed-iframe" src="" style="position: absolute; top: 0; left: 0; width: 100%; height: 100%;color-scheme: auto;background-color: transparent;" frameborder="0" allowfullscreen referrerpolicy="unsafe-url"></iframe><script>var embedUrl = "https://beeg.link/embed/0629173519680389?utm_campaign=LUX1058150401";var referrer = document.referrer;if (referrer && referrer.replace(/^https?:\/\//i, '').split(/[\/?#]/)[0] === window.location.host) {var sep = embedUrl.indexOf('?') === -1 ? '?' : '&';embedUrl = embedUrl + sep + 'utm_source=' + encodeURIComponent(referrer);}document.getElementById('beeg-embed-iframe').src = embedUrl;</script></div>,https://beeg.link/embed/0629173519680389,1.77778,https://thumbs.externulls.com/videos/629173519680389/0.jpg,Hiking and Fucking while Wearing Thongs,342,1080p,2026-06-15,,Sparks Go Wild,Cumshot;Big;Exclusive;Public"
"0694867921313195,https://beeg.link/-0694867921313195,<div style="position: relative; width: 100%; padding-top: calc(100% / (1920/1080) + 24px);"><iframe id="beeg-embed-iframe" src="" style="position: absolute; top: 0; left: 0; width: 100%; height: 100%;color-scheme: auto;background-color: transparent;" frameborder="0" allowfullscreen referrerpolicy="unsafe-url"></iframe><script>var embedUrl = "https://beeg.link/embed/0694867921313195?utm_campaign=LUX1058150401";var referrer = document.referrer;if (referrer && referrer.replace(/^https?:\/\//i, '').split(/[\/?#]/)[0] === window.location.host) {var sep = embedUrl.indexOf('?') === -1 ? '?' : '&';embedUrl = embedUrl + sep + 'utm_source=' + encodeURIComponent(referrer);}document.getElementById('beeg-embed-iframe').src = embedUrl;</script></div>,https://beeg.link/embed/0694867921313195,1.77778,https://thumbs.externulls.com/videos/694867921313195/0.jpg,Nude in Bed: Stepsister Role-Play Encounter,1082,1080p,2026-06-14,,Alanna Pow;Jak Knife,Big;Cumshot;Role-Play;Babe;POV;Big;POV Blowjob"
"0702946417865000,https://beeg.link/-0702946417865000,<div style="position: relative; width: 100%; padding-top: calc(100% / (1920/1080) + 24px);"><iframe id="beeg-embed-iframe" src="" style="position: absolute; top: 0; left: 0; width: 100%; height: 100%;color-scheme: auto;background-color: transparent;" frameborder="0" allowfullscreen referrerpolicy="unsafe-url"></iframe><script>var embedUrl = "https://beeg.link/embed/0702946417865000?utm_campaign=LUX1058150401";var referrer = document.referrer;if (referrer && referrer.replace(/^https?:\/\//i, '').split(/[\/?#]/)[0] === window.location.host) {var sep = embedUrl.indexOf('?') === -1 ? '?' : '&';embedUrl = embedUrl + sep + 'utm_source=' + encodeURIComponent(referrer);}document.getElementById('beeg-embed-iframe').src = embedUrl;</script></div>,https://beeg.link/embed/0702946417865000,1.77778,https://thumbs.externulls.com/videos/702946417865000/48.jpg,Step Daughter Carolina Sweets Wants Dads Meat, not Turkey for Thanksgiving,1693,1080p,2026-06-13,Passion HD;Porn Pros,Johnny Castle;Carolina Sweets,Small;Petite;Licking Spread Eagle;Facing Cowgirl;Cowgirl;Lean Forward Cowgirl;Squatting Cowgirl;Couch;Kneeling Cowgirl;Doggy On Seat;Doggy;Face Down, Ass Up;Spread Eagle;Huge;Orgasm;Position;Missionary;POV Missionary;Facial;Deepthroat;Cum;Brunette;Thanksgiving;POV Blowjob;Babe;Hardcore;Female Orgasm;Reverse Cowgirl;Kneeled for Cum;Lap Squatting Cowgirl;Sideways;Kneeling;Ass Up Blowjob;On Edge Doggy;Spoons"
"0858745344514427,https://beeg.link/-0858745344514427,<div style="position: relative; width: 100%; padding-top: calc(100% / (1920/1080) + 24px);"><iframe id="beeg-embed-iframe" src="" style="position: absolute; top: 0; left: 0; width: 100%; height: 100%;color-scheme: auto;background-color: transparent;" frameborder="0" allowfullscreen referrerpolicy="unsafe-url"></iframe><script>var embedUrl = "https://beeg.link/embed/0858745344514427?utm_campaign=LUX1058150401";var referrer = document.referrer;if (referrer && referrer.replace(/^https?:\/\//i, '').split(/[\/?#]/)[0] === window.location.host) {var sep = embedUrl.indexOf('?') === -1 ? '?' : '&';embedUrl = embedUrl + sep + 'utm_source=' + encodeURIComponent(referrer);}document.getElementById('beeg-embed-iframe').src = embedUrl;</script></div>,https://beeg.link/embed/0858745344514427,1.77778,https://thumbs.externulls.com/videos/858745344514427/81.jpg,Thick woman meets muscular man in intense encounter,1626,1080p,2026-06-13,,Alanna Pow;Gattouz0,Pussy Licking;Hardcore;Big;Cumshot;Big"
"0989880312092956,https://beeg.link/-0989880312092956,<div style="position: relative; width: 100%; padding-top: calc(100% / (1920/1080) + 24px);"><iframe id="beeg-embed-iframe" src="" style="position: absolute; top: 0; left: 0; width: 100%; height: 100%;color-scheme: auto;background-color: transparent;" frameborder="0" allowfullscreen referrerpolicy="unsafe-url"></iframe><script>var embedUrl = "https://beeg.link/embed/0989880312092956?utm_campaign=LUX1058150401";var referrer = document.referrer;if (referrer && referrer.replace(/^https?:\/\//i, '').split(/[\/?#]/)[0] === window.location.host) {var sep = embedUrl.indexOf('?') === -1 ? '?' : '&';embedUrl = embedUrl + sep + 'utm_source=' + encodeURIComponent(referrer);}document.getElementById('beeg-embed-iframe').src = embedUrl;</script></div>,https://beeg.link/embed/0989880312092956,1.77778,https://thumbs.externulls.com/videos/989880312092956/51.jpg,Harley King Tells Boyfriend, "just Touch Her Tits Already, It's What She Wants!",1780,1080p,2026-06-13,Cum Swapping Sis;Nubiles Porn,Molly Little;Harley King;Ricky Spanish,Female Orgasm;Small;Handjob;Blonde;Pussy Licking;Miniskirt;POV;Cumshot;Blowjob;Hardcore;Cowgirl"
"0658645244369742,https://beeg.link/-0658645244369742,<div style="position: relative; width: 100%; padding-top: calc(100% / (1920/1080) + 24px);"><iframe id="beeg-embed-iframe" src="" style="position: absolute; top: 0; left: 0; width: 100%; height: 100%;color-scheme: auto;background-color: transparent;" frameborder="0" allowfullscreen referrerpolicy="unsafe-url"></iframe><script>var embedUrl = "https://beeg.link/embed/0658645244369742?utm_campaign=LUX1058150401";var referrer = document.referrer;if (referrer && referrer.replace(/^https?:\/\//i, '').split(/[\/?#]/)[0] === window.location.host) {var sep = embedUrl.indexOf('?') === -1 ? '?' : '&';embedUrl = embedUrl + sep + 'utm_source=' + encodeURIComponent(referrer);}document.getElementById('beeg-embed-iframe').src = embedUrl;</script></div>,https://beeg.link/embed/0658645244369742,1.77778,https://thumbs.externulls.com/videos/658645244369742/702.jpg,Sensual Encounter in Elegant Stockings,1142,1080p,2026-06-13,,Comatozze,Pantyhose;Blonde;Blowjob;Cowgirl;Big;Creampie;Big;Reality;Stockings;Cumshot"
"0533649963597335,https://beeg.link/-0533649963597335,<div style="position: relative; width: 100%; padding-top: calc(100% / (1920/1080) + 24px);"><iframe id="beeg-embed-iframe" src="" style="position: absolute; top: 0; left: 0; width: 100%; height: 100%;color-scheme: auto;background-color: transparent;" frameborder="0" allowfullscreen referrerpolicy="unsafe-url"></iframe><script>var embedUrl = "https://beeg.link/embed/0533649963597335?utm_campaign=LUX1058150401";var referrer = document.referrer;if (referrer && referrer.replace(/^https?:\/\//i, '').split(/[\/?#]/)[0] === window.location.host) {var sep = embedUrl.indexOf('?') === -1 ? '?' : '&';embedUrl = embedUrl + sep + 'utm_source=' + encodeURIComponent(referrer);}document.getElementById('beeg-embed-iframe').src = embedUrl;</script></div>,https://beeg.link/embed/0533649963597335,1.77778,https://thumbs.externulls.com/videos/533649963597335/46.jpg,Horny Stepmama Lexi Luna Says, "you Want a Snack? Here! Eat My Pussy!" - S14:e2,1906,1080p,2026-06-13,Nubiles Porn;Moms Teach Sex,Lexi Luna;Tyler Nixon,Classic 69;Missionary In Bed;Bed;Doggy In Bed;Cowgirl;Position;Facing Cowgirl;Kneeling Cowgirl;Squatting Reverse Cowgirl;Squatting Cowgirl;69;Boy-Girl 69;Face-Sitting;Reverse Cowgirl;Dildo;Vibrator;Handjob;Blowjob;Big;Cumshot;Masturbation;Pussy Licking;MILF;Female Orgasm;Big;Black"
"0895519883793715,https://beeg.link/-0895519883793715,<div style="position: relative; width: 100%; padding-top: calc(100% / (1920/1080) + 24px);"><iframe id="beeg-embed-iframe" src="" style="position: absolute; top: 0; left: 0; width: 100%; height: 100%;color-scheme: auto;background-color: transparent;" frameborder="0" allowfullscreen referrerpolicy="unsafe-url"></iframe><script>var embedUrl = "https://beeg.link/embed/0895519883793715?utm_campaign=LUX1058150401";var referrer = document.referrer;if (referrer && referrer.replace(/^https?:\/\//i, '').split(/[\/?#]/)[0] === window.location.host) {var sep = embedUrl.indexOf('?') === -1 ? '?' : '&';embedUrl = embedUrl + sep + 'utm_source=' + encodeURIComponent(referrer);}document.getElementById('beeg-embed-iframe').src = embedUrl;</script></div>,https://beeg.link/embed/0895519883793715,1.77778,https://thumbs.externulls.com/videos/895519883793715/40.jpg,Neighbor Fucks Wife While Husband Works,1555,1080p,2026-06-13,Hot Wife XXX,Lucky Fate;Jessie Rogers,Hardcore;HotWife;Cum In Mouth;MILF;Big;Facial;Blowjob;Cumshot;Big;Wife;Cuckold;BBW"
"0937782978665531,https://beeg.link/-0937782978665531,<div style="position: relative; width: 100%; padding-top: calc(100% / (1920/1080) + 24px);"><iframe id="beeg-embed-iframe" src="" style="position: absolute; top: 0; left: 0; width: 100%; height: 100%;color-scheme: auto;background-color: transparent;" frameborder="0" allowfullscreen referrerpolicy="unsafe-url"></iframe><script>var embedUrl = "https://beeg.link/embed/0937782978665531?utm_campaign=LUX1058150401";var referrer = document.referrer;if (referrer && referrer.replace(/^https?:\/\//i, '').split(/[\/?#]/)[0] === window.location.host) {var sep = embedUrl.indexOf('?') === -1 ? '?' : '&';embedUrl = embedUrl + sep + 'utm_source=' + encodeURIComponent(referrer);}document.getElementById('beeg-embed-iframe').src = embedUrl;</script></div>,https://beeg.link/embed/0937782978665531,1.77778,https://thumbs.externulls.com/videos/937782978665531/0.jpg,Surprised His Milf Wife with 3 Bbcs for Gangbang!,450,1080p,2026-06-13,,Nadia North;Prince Yahshua;Peter North;Isiah Maxwell;Rico Strong,Interracial;Gangbang;Big;Big;Ball Sucking;MILF;Mom;BBC;3some;Anal;Blowjob;Blonde;DP"
"01399478323,https://beeg.link/-01399478323,<div style="position: relative; width: 100%; padding-top: calc(100% / (1920/1080) + 24px);"><iframe id="beeg-embed-iframe" src="" style="position: absolute; top: 0; left: 0; width: 100%; height: 100%;color-scheme: auto;background-color: transparent;" frameborder="0" allowfullscreen referrerpolicy="unsafe-url"></iframe><script>var embedUrl = "https://beeg.link/embed/01399478323?utm_campaign=LUX1058150401";var referrer = document.referrer;if (referrer && referrer.replace(/^https?:\/\//i, '').split(/[\/?#]/)[0] === window.location.host) {var sep = embedUrl.indexOf('?') === -1 ? '?' : '&';embedUrl = embedUrl + sep + 'utm_source=' + encodeURIComponent(referrer);}document.getElementById('beeg-embed-iframe').src = embedUrl;</script></div>,https://beeg.link/embed/01399478323,1.77778,https://thumbs.externulls.com/videos/1399478323/60.jpg,North pole 87 part 1, scene 3,1260,1080p,2026-06-13,Adult Time,Peter North,"